829,-4.475,814,659,155000,3,
2910,-5.284,664,660,18100000,3,
4860,-11.308,842,400,4570000,3,
2340,-7.227,632,800,54700000,3,
2630,-8.116,846,511,3750000,3,
5130,-8.906,924,500,6500000,3,
2640,-6.345,812,617,15400000,3,
2250,-7.332,639,834,2840000,3,
5120,-8.64,871,541,16900000,3,
4440,-6.864,748,746,1820000,3,
586,-7.628,461,467,766000,3,
798,-8.893,792,610,64200000,3,
292,-6.257,655,469,17300000,3,
2570,-11.929,702,412,20900000,3,
723,-11.949,848,838,3260000,3,
1070,-5.75,613,686,9520000,3,
2410,-8.028,786,460,43800000,3,
1930,-9.532,859,635,3560000,3,
570,-5.862,763,869,15400000,3,
3900,-6.487,541,596,56800000,3,
1100,-9.532,871,454,14400000,3,
1960,-9.147,526,491,55800000,3,
5740,-13.05,951,348,57200000,3,
2820,-6.56,443,851,2020000,3,
623,-5.218,792,707,11600000,3,
3040,-5.626,633,590,3630000,3,
786,-10.638,860,547,23100000,3,
2000,-8.508,830,907,86700,3,
1060,-6.341,338,598,11200000,3,
3580,-12.261,598,431,70100000,3,
677,-5.917,922,540,13500000,3,
907,-7.644,600,563,38700000,3,
477,-7.541,571,652,8510000,3,
6190,-9.229,582,537,12900000,3,
1970,-5.795,935,780,1580000,3,
485,-6.959,781,594,1360000,3,
2150,-4.149,663,767,13300000,3,
3570,-2.639,417,945,36700,3,
2520,-4.754,849,780,15800000,3,
344,-5.6,587,624,19700000,3,
1880,-11.903,943,685,50700,3,
2010,-7.43,701,540,55000000,3,
917,-14.938,862,639,37600000,3,
4280,-6.224,723,616,26500000,3,
3320,-10.138,582,492,38100000,3,
4090,-7.374,850,590,26400000,3,
4030,-8.788,760,658,2960000,3,
888,-3.878,515,827,3150000,3,
3440,-5.76,961,617,26000000,3,
561,-6.363,785,690,3340000,3,
1880,-3.392,709,902,3640000,3,
3080,-7.08,734,447,21900,3,
1890,-7.654,934,459,5160000,3,
3230,-9.303,680,679,86800000,3,
376,-5.023,514,834,630000,3,
485,-5.912,616,753,10600000,3,
1610,-8.771,745,775,1440000,3,
632,-7.934,807,655,13100000,3,
1070,-8.698,855,478,6840000,3,
3420,-3.987,619,782,49400000,3,
2370,-6.453,891,880,2040000,3,
1090,-5.465,702,697,1440000,3,
4480,-5.663,864,682,38800000,3,
931,-8.465,693,648,958000,3,
668,-8.514,788,523,79200000,3,
4250,-7.867,861,656,10400000,3,
4210,-5.126,671,644,31700000,3,
332,-6.215,665,630,12800000,3,
1810,-6.005,814,679,19500000,3,
3160,-6.961,742,536,25700000,3,
3150,-8.524,598,791,86700000,3,
2510,-7.569,787,720,22200000,3,
3100,-6.866,848,758,25200000,3,
3020,-10.407,886,534,8480000,3,
3660,-2.307,740,919,42200000,3,
1400,-8.391,625,624,17900000,3,
1900,-5.548,852,659,425000,3,
526,-9.675,846,599,29400,3,
2760,-7.416,898,586,100000,3,
736,-7.746,868,638,14600000,3,
3530,-8.493,709,548,65000000,3,
748,-8.41,755,512,29400000,3,
2690,-6.044,868,795,120000,3,
612,-4.15,749,723,614000,3,
2440,-6.398,933,526,879000,3,
3390,-8.339,591,855,832000,3,
4490,-12.087,900,487,1650000,3,
2790,-7.266,808,639,8020000,3,
2440,-10.412,750,418,14900000,3,
1570,-6.191,834,759,17800000,3,
4540,-9.309,925,463,6810000,3,
1450,-7.083,908,646,985000,3,
2140,-7.605,457,563,11700000,3,
4430,-7.216,821,339,31700000,3,
2560,-4.645,968,793,136000,3,
4430,-4.678,567,826,34200000,3,
1170,-8.891,898,560,238000,3,
3100,-6.866,848,758,25200000,3,
4560,-16.038,667,249,1660000,3,
836,-4.213,781,726,2990000,3,
4250,-7.867,861,656,10400000,3,
3260,-8.161,657,479,83300000,3,
3790,-6.431,881,691,13000000,3,
645,-6.924,799,551,8180000,3,
1410,-7.606,812,755,6240000,3,
2940,-3.524,850,751,12400000,3,
2700,-7.023,678,558,3760000,3,
3690,-7.292,878,579,11200000,3,
4640,-6.88,601,730,1210000,3,
3730,-10.551,479,549,57000000,3,
890,-7.778,560,620,36000000,3,
3860,-10.8,817,552,3200000,3,
2580,-8.201,454,645,36500000,3,
507,-4.95,762,748,32300000,3,
1320,-6.341,379,714,3990000,3,
3050,-7.551,503,554,38900000,3,
2460,-3.661,591,765,6360000,3,
591,-6.831,704,491,2660000,3,
2540,-5.283,754,817,7300000,3,
3120,-6.518,900,619,20300000,3,
1210,-6.256,829,768,1020000,3,
785,-6.071,657,822,10800000,3,
2930,-8.812,873,620,1130000,3,
948,-6.341,640,600,7500000,3,
1500,-6.255,734,707,28900000,3,
3490,-6.043,911,651,338000,3,
1380,-11.709,681,505,13700000,3,
1780,-6.813,943,524,4560000,3,
2800,-4.09,445,853,45300000,3,
3290,-6.97,663,706,33700000,3,
2040,-7.408,469,565,19600000,3,
4470,-8.381,911,637,4090000,3,
3430,-4.095,671,745,592000,3,
510,-10.359,633,500,15100000,3,
3150,-5.994,815,570,587000,3,
2440,-6.398,933,526,879000,3,
1270,-7.081,928,437,14400000,3,
2850,-7.111,784,514,9570000,3,
493,-5.176,740,677,32700000,3,
3070,-9.221,905,564,36800000,3,
4800,-6.769,601,724,8590000,3,
1230,-6.512,683,628,65900000,3,
647,-7.855,770,553,47500000,3,
3420,-7.181,454,772,31900000,3,
2640,-3.058,766,907,61900000,3,
3040,-9.003,814,582,8980000,3,
1710,-4.053,897,939,10800000,3,
1390,-9.929,824,886,27400000,3,
899,-9.859,405,519,43400000,3,
3730,-6.959,722,639,91700,3,
4490,-7.915,843,762,14300000,3,
2140,-6.791,771,817,30600000,3,
3020,-7.392,642,589,12400000,3,
3070,-5.799,772,724,1490000,3,
2770,-3.542,922,959,6300000,3,
387,-10.743,671,256,60800000,3,
3280,-7.251,800,520,17500000,3,
349,-6.348,664,634,68300000,3,
2550,-7.469,668,600,57000000,3,
3020,-7.392,642,589,12400000,3,
433,-4.326,682,806,77500000,3,
3040,-5.402,730,816,17700000,3,
4870,-10.162,888,408,16400000,3,
3070,-9.837,894,472,5970000,3,
3260,-5.902,615,612,2000000,3,
3000,-5.061,810,794,57200000,3,
4090,-14.002,622,410,45100000,3,
820,-3.193,882,839,15600000,3,
3740,-7.915,678,552,52800000,3,
3250,-7.201,865,640,1850000,3,
3390,-8.339,591,855,832000,3,
2980,-1.642,638,874,3280000,3,
1910,-5.598,943,641,160000,3,
4390,-8.356,851,598,59500,3,
2950,-9.455,588,598,30300000,3,
3000,-7.601,546,651,73900,3,
2580,-7.871,711,663,99000,3,
1680,-2.876,573,867,8530000,3,
1770,-6.859,751,744,15200000,3,
2700,-5.438,767,753,6390000,3,
2440,-6.398,933,526,879000,3,
4470,-10.146,866,438,8510000,3,
2460,-6.832,884,639,11100000,3,
577,-7.47,825,458,11400000,3,
3810,-6.844,586,725,24800000,3,
3740,-6.812,853,426,7650000,3,
423,-8.054,753,632,12200000,3,
4100,-5.549,630,491,76600000,3,
1880,-6.166,783,757,15800000,3,
1870,-10.297,551,438,24300000,3,
2160,-6.135,767,560,3220000,3,
2870,-5.16,571,767,33600000,3,
2980,-8.274,876,500,15500000,3,
2410,-8.103,760,476,29400000,3,
5500,-9.746,783,571,40800000,3,
1630,-5.891,779,705,471000,3,
513,-7.911,872,707,3620000,3,
3510,-3.883,475,882,40600000,3,
4070,-10.529,642,400,79200000,3,
2990,-8.875,606,554,71400000,3,
2790,-7.266,808,639,8020000,3,
1830,-6.129,715,651,17300000,3,
4030,-6.724,704,524,929000,3,
2410,-5.062,919,485,8710000,3,
4010,-5.252,787,713,8490000,3,
592,-8.542,809,461,22400000,3,
2850,-5.705,860,710,17700000,3,
3640,-6.822,893,537,21100000,3,
2450,-5.183,814,481,9700000,3,
1230,-9.737,645,798,8490000,3,
3240,-7.86,904,498,919000,3,
5060,-8.937,918,363,29300000,3,
830,-10.666,731,410,54400000,3,
765,-4.998,550,788,2820000,3,
2590,-3.583,701,839,57500000,3,
1950,-13.178,670,331,73000000,3,
1670,-3.22,607,819,15200000,3,
4120,-11.792,590,672,12500000,3,
2220,-8.013,841,545,26800000,3,
1120,-9.452,805,448,6020000,3,
765,-13.433,596,487,37600000,3,
3810,-11.035,834,489,17600000,3,
2760,-5.679,841,560,5300000,3,
3810,-5.394,833,690,33100000,3,
1880,-8.739,915,641,941000,3,
1890,-4.618,856,665,1280000,3,
2490,-5.096,565,777,18300000,3,
1870,-4.639,869,697,838000,3,
630,-14.439,677,539,4550000,3,
2820,-7.482,597,617,46300000,3,
708,-7.135,579,841,14700000,3,
2400,-6.587,747,574,56100000,3,
3180,-3.402,592,770,12200000,3,
1170,-5.642,822,630,13700000,3,
4580,-11.12,479,352,37300000,3,
1890,-10.489,871,545,1430000,3,
661,-5.882,895,469,120000,3,
3410,-14.004,795,600,11200000,3,
3910,-5.602,879,574,51900000,3,
1070,-4.243,908,557,24200000,3,
996,-8.275,829,619,8710000,3,
1630,-6.091,880,575,41500000,3,
2530,0.119,780,972,1070000,3,
3400,-8.425,874,531,2520000,3,
443,-5.768,638,859,7710000,3,
2550,-6.676,840,671,26700000,3,
853,-7.758,741,658,64300000,3,
3320,-5.268,473,824,5900000,3,
3720,-7.727,754,650,5940000,3,
2850,-7.111,784,514,9570000,3,
3770,-8.367,573,860,28200000,3,
1660,-6.689,690,889,876000,3,
1750,-9.949,863,676,20000000,3,
5120,-8.64,871,541,16900000,3,
3720,-10.936,531,546,26000000,3,
412,-9.74,797,533,1720000,3,
2460,-11.169,770,656,11000000,3,
1130,-6.002,849,707,2660000,3,
1020,-5.81,847,629,3180000,3,
3440,-5.647,408,911,20100000,3,
394,-11.718,349,363,53700000,3,
3260,-8.161,657,479,83300000,3,
2640,-6.777,609,786,46200000,3,
344,-4.688,677,504,2010000,3,
2810,-7.619,894,618,4290000,3,
2000,-9.358,887,485,3920000,3,
2190,-8.469,854,510,41100000,3,
1370,-4.523,863,916,8290000,3,
1140,-6.623,719,762,19900000,3,
3500,-7.249,672,545,4930000,3,
2420,-9.144,872,391,46900000,3,
3340,-8.21,552,765,23400000,3,
2530,-7.813,832,534,34500000,3,
1730,-6.264,853,576,73900000,3,
360,-4.954,829,588,5310000,3,
1140,-6.613,313,870,43200000,3,
2520,-8.746,539,615,17300000,3,
3500,-6.788,787,730,2760000,3,
395,-3.936,554,800,11900000,3,
3610,-9.821,764,522,35000000,3,
661,-3.228,693,880,9010000,3,
4740,-11.384,462,430,87400000,3,
2830,-6.381,734,729,14700000,3,
485,-4.964,854,564,1710000,3,
3220,-5.843,590,606,21100000,3,
3930,-7.277,619,573,3520000,3,
2520,-8.08,878,650,1780000,3,
939,-6.361,556,847,5030000,3,
1340,-6.604,838,587,20800000,3,
1560,-3.905,932,835,10500000,3,
1160,-8.449,930,467,906000,3,
3320,-7.953,568,847,40300000,3,
1100,-7.407,528,522,10500000,3,
3450,-5.53,770,637,10300000,3,
2790,-6.123,766,809,110000,3,
2140,-6.315,800,801,59200000,3,
899,-9.859,405,519,43400000,3,
832,-6.792,753,605,8740000,3,
348,-7.454,770,611,169000,3,
8910,-18.816,688,127,93600000,3,
1050,-7.406,488,792,4390000,3,
698,-6.065,934,650,13000000,3,
1890,-9.233,760,650,805000,3,
893,-7.372,731,693,60300000,3,
2010,-9.338,836,595,14100000,3,
5150,-13.165,764,508,34700,3,
1390,-4.505,881,874,1750000,3,
3780,-6.579,769,740,19700000,3,
2200,-9.995,894,530,12100000,3,
4040,-4.666,858,625,22500000,3,
3500,-14.123,651,395,28400000,3,
1890,-4.827,782,589,14800000,3,
2590,-7.172,662,633,13400000,3,
2660,-10.401,804,582,43900000,3,
402,-8.134,808,445,46700000,3,
3330,-7.368,423,573,11600000,3,
5020,-6.995,957,515,235000,3,
1110,-5.242,759,710,25900000,3,
3630,-8.225,810,750,2980000,3,
1890,-4.827,782,589,14800000,3,
2860,-5.623,550,879,2960000,3,
2220,-12.625,775,604,2520000,3,
285,-14.28,638,353,69400000,3,
2710,-6.257,692,708,1430000,3,
2930,-8.375,928,528,1900000,3,
2020,-6.445,744,803,2590000,3,
3460,-8.827,831,636,38900000,3,
3320,-8.193,870,548,3040000,3,
3600,-7.128,830,725,5500000,3,
2090,-8.066,752,563,14600000,3,
1360,-8.899,823,611,12700000,3,
2280,-6.081,412,835,14000000,3,
584,-6.851,732,665,11700000,3,
3660,-4.468,627,681,8810000,3,
2230,-9.511,789,582,40600000,3,
3750,-8.424,494,647,1900000,3,
2110,-7.232,939,675,9150000,3,
4490,-7.915,843,762,14300000,3,
1100,-9.094,557,498,40600000,3,
661,-5.882,895,469,120000,3,
2820,-6.128,885,466,3960000,3,
461,-6.371,770,580,1360000,3,
1020,-5.81,847,629,3180000,3,
3090,-4.707,934,873,488000,3,
3920,-14.029,766,385,24900000,3,
286,-3.541,762,701,23500000,3,
2250,-4.433,607,704,2140000,3,
451,-8.448,579,669,39400000,3,
3300,-8.435,914,586,203000,3,
3580,-5.053,582,846,21500000,3,
1200,-5.782,669,687,900000,3,
2530,-3.18,920,833,2770000,3,
540,-6.588,598,683,1520000,3,
2950,-7.684,689,620,159000,3,
2960,-9.673,890,716,17400000,3,
2880,-8.357,821,640,6980000,3,
929,-3.704,763,840,3460000,3,
489,-6.06,748,411,5320000,3,
1060,-5.525,770,574,6170000,3,
3650,-12.194,841,535,8110000,3,
2220,-3.944,834,888,308000,3,
300,-10.277,700,373,17400000,3,
2870,-5.16,571,767,33600000,3,
1210,-5.616,584,859,1440000,3,
3330,-8.742,584,561,1210000,3,
891,-8.36,774,502,59800000,3,
3090,-4.707,934,873,488000,3,
1720,-5.993,842,545,62500000,3,
664,-2.261,727,974,10300000,3,
9370,-19.061,745,102,98200000,3,
1780,-18.273,787,623,19000000,3,
4740,-8.393,529,593,5980000,3,
4100,-5.549,630,491,76600000,3,
2010,-7.43,701,540,55000000,3,
381,-7.784,601,893,839000,3,
2770,-7.452,901,656,8070000,3,
347,-10.071,212,383,72300000,3,
5070,-8.922,843,535,40300000,3,
1700,-8.458,965,857,131000,3,
2270,-5.7,529,691,2210000,3,
3300,-13.115,608,354,33800000,3,
459,-7.227,835,523,536000,3,
1860,-3.237,548,847,6220000,3,
317,-8.764,598,427,5460000,3,
4370,-3.198,843,553,23600000,3,
432,-10.798,695,343,7430000,3,
4370,-8.687,959,394,15200000,3,
2680,-5.691,799,686,13100000,3,
793,-16.454,755,345,12000000,3,
901,-5.684,603,875,6860000,3,
2160,-6.135,767,560,3220000,3,
5200,-6.815,542,733,58800000,3,
1430,-4.949,855,792,55200000,3,
3440,-8.245,832,629,22500000,3,
2980,-8.728,760,531,27600000,3,
4420,-4.639,812,639,34600000,3,
1560,-7.461,750,706,8800000,3,
2860,-4.053,477,727,86600,3,
1690,-3.657,831,727,44700000,3,
2830,-5.603,884,677,7780000,3,
1780,-8.685,570,431,58300000,3,
3620,-5.935,652,910,3190000,3,
2450,-9.849,421,566,33700000,3,
3320,-4.848,629,696,52000000,3,
583,-3.513,836,823,343000,3,
539,-7.636,907,393,45100000,3,
3470,-5.196,842,590,6770000,3,
3900,-12.064,663,351,40600000,3,
3950,-8.273,734,640,12400000,3,
2810,-7.619,894,618,4290000,3,
2760,-7.127,543,481,60800000,3,
461,-7.327,664,655,5900000,3,
1480,-7.332,858,525,4430000,3,
2640,-6.345,812,617,15400000,3,
2010,-5.139,850,853,14700000,3,
2640,-5.507,674,672,13900000,3,
1670,-5.215,735,844,14200000,3,
2130,-8.301,448,748,3560000,3,
3680,-5.019,897,371,9040000,3,
2460,-5.718,648,750,4830000,3,
1390,-7.679,825,512,2040000,3,
2790,-4.384,797,713,6960000,3,
1730,-6.016,762,592,45300000,3,
1320,-6.362,924,523,1100000,3,
380,-5.043,617,772,4680000,3,
647,-7.855,770,553,47500000,3,
3420,-5.26,808,745,14500000,3,
3680,-6.492,760,738,26800000,3,
3070,-7.131,860,861,3610000,3,
461,-7.327,664,655,5900000,3,
3570,-8.043,883,674,21000000,3,
1770,-7.346,613,640,906000,3,
1580,-4.928,600,723,10900000,3,
2640,-4.616,686,735,921000,3,
1200,-6.965,613,631,6630000,3,
1940,-4.077,586,927,924000,3,
4240,-11.618,530,308,29200000,3,
4810,-4.857,566,899,14300000,3,
3020,-7.392,642,589,12400000,3,
3310,-9.79,506,473,2290000,3,
2810,-10.896,831,635,28500000,3,
738,-1.597,555,983,5580000,3,
1260,-5.849,594,672,43600000,3,
3600,-4.391,886,708,17600000,3,
1740,-9.785,817,584,43200000,3,
4000,-6.483,806,698,12300000,3,
1870,-10.297,551,438,24300000,3,
2040,-7.408,469,565,19600000,3,
3180,-7.253,739,668,5390000,3,
3240,-7.86,904,498,919000,3,
2880,-4.674,867,646,30300000,3,
3690,-5.912,566,622,31200000,3,
2380,-4.116,652,803,1650000,3,
3620,-7.939,871,451,4080000,3,
2660,-8.145,759,756,9030000,3,
2960,-8.723,883,446,2530000,3,
3290,-5.245,801,842,8260000,3,
3510,-4.77,704,803,16500000,3,
3180,-10.331,890,509,35000000,3,
555,-11.032,582,465,5910000,3,
328,-15.35,408,242,53800000,3,
470,-10.013,598,618,54000000,3,
2670,-4.502,859,714,18600000,3,
4020,-5.518,416,877,15900000,3,
2260,-5.24,920,424,418000,3,
696,-8.116,565,644,42600000,3,
2340,-10.262,695,503,24800000,3,
2610,-9.989,743,560,17500000,3,
3000,-5.105,658,936,17200000,3,
3650,-13.297,856,427,9580000,3,
3540,-13.57,913,351,1020000,3,
2940,-5.068,605,583,35700000,3,
3520,-5.058,634,845,602000,3,
2940,-4.946,803,738,52800000,3,
4930,-8.715,565,470,8210000,3,
1090,-8.411,777,482,734000,3,
2860,-4.053,477,727,86600,3,
3280,-11.81,690,514,9750000,3,
1930,-6.465,484,659,4670000,3,
3630,-5.508,520,848,2320000,3,
935,-3.412,695,891,29200000,3,
1110,-6.737,461,683,26900000,3,
891,-8.36,774,502,59800000,3,
2850,-8.667,861,597,13900000,3,
2470,-9.369,797,750,53300000,3,
3320,-9.535,755,556,4810000,3,
2990,-7.928,773,645,10200000,3,
438,-6.699,804,770,203000,3,
541,-8.619,914,698,631000,3,
1980,-5.387,833,727,4850000,3,
4400,-19.112,970,241,2460000,3,
423,-6.807,751,576,4270000,3,
304,-11.051,384,149,95200000,3,
1330,-4.861,824,905,30200000,3,
1930,-6.323,850,660,38600000,3,
3430,-7.08,614,924,10200000,3,
2050,-4.646,770,664,24200000,3,
2640,-5.18,908,696,2130000,3,
2370,-8.534,903,520,17300000,3,
3790,-6.431,881,691,13000000,3,
5400,-14.163,713,146,78400000,3,
3050,-6.137,807,617,29900000,3,
434,-2.491,352,758,53600000,3,
2750,-6.775,849,803,5020000,3,
1750,-13.752,834,469,9940000,3,
2200,-14.901,835,447,15500000,3,
5250,-7.009,877,594,10400000,3,
1760,-3.053,833,918,17700000,3,
2020,-3.547,896,780,8280000,3,
1210,-5.616,584,859,1440000,3,
1680,-7.096,806,501,6500000,3,
2650,-6.841,528,816,46400000,3,
1300,-4.234,859,625,2960000,3,
2530,-5.197,508,808,12100000,3,
500,-5.817,824,555,337000,3,
382,-7.04,749,592,4270000,3,
1320,-6.362,924,523,1100000,3,
4450,-10.479,849,476,9650000,3,
471,-10.88,700,393,60000000,3,
2460,-6.832,884,639,11100000,3,
485,-6.959,781,594,1360000,3,
2080,-5.004,770,729,33500000,3,
1530,-8.3,874,876,37700000,3,
1950,-13.725,781,447,502000,3,
4000,-5.422,482,635,36800000,3,
2400,-5.921,876,636,5010000,3,
2030,-12.683,815,459,2320000,3,
473,-6.548,806,634,65100000,3,
1780,-8.685,570,431,58300000,3,
3180,-6.233,869,680,4160000,3,
676,-10.248,618,448,2700000,3,
1100,-9.781,773,281,24000000,3,
3030,-6.119,734,864,2200000,3,
524,-8.823,727,513,3350000,3,
2080,-3.695,883,896,26800000,3,
2900,-4.384,786,910,22900000,3,
3620,-5.061,801,724,41100000,3,
2660,-9.105,854,498,4420000,3,
3910,-5.602,879,574,51900000,3,
461,-6.291,753,524,5500000,3,
1680,-2.876,573,867,8530000,3,
2990,-4.982,765,719,1320000,3,
1780,-6.813,943,524,4560000,3,
2380,-5.644,828,489,1240000,3,
2800,-9.157,721,565,24800000,3,
2950,-7.337,821,643,475000,3,
1660,-9.238,570,439,33100000,3,
3350,-8.109,827,513,1310000,3,
1200,-5.782,669,687,900000,3,
3540,-4.624,520,891,52300000,3,
1420,-10.315,613,491,87100000,3,
1030,-10.196,928,341,6140000,3,
2060,-10.472,669,423,3750000,3,
478,-4.138,539,951,17400000,3,
3920,-6.295,856,564,327000,3,
1770,-5.188,753,680,12200000,3,
3970,-5.277,713,793,27100000,3,
2640,-5.18,908,696,2130000,3,
2630,-6.732,901,614,1150000,3,
486,-6.819,633,810,9970000,3,
2560,-9.208,629,468,53100000,3,
2790,-2.902,836,906,42600,3,
3460,-4.655,829,852,35100000,3,
1580,-9.707,795,535,53700000,3,
785,-6.071,657,822,10800000,3,
5640,-9.659,620,734,3530000,3,
3340,-6.433,867,576,230000,3,
1300,-6.359,854,628,42700000,3,
4060,-4.309,833,766,7960000,3,
3150,-8.849,854,474,5760000,3,
2500,-5.768,476,747,753000,3,
2890,-8.216,593,593,3060000,3,
2690,-5.946,843,806,14300000,3,
2790,-8.822,803,545,3360000,3,
3170,-3.112,907,734,7410000,3,
2850,-3.707,736,914,31800000,3,
1370,-6.159,854,463,11700000,3,
2210,-8.155,337,724,3940000,3,
862,-10.923,785,343,59300000,3,
514,-7.648,716,537,23300000,3,
1660,-5.293,731,792,28500000,3,
1470,-8.266,826,500,4450000,3,
660,-9.529,706,574,36200000,3,
3540,-5.566,565,641,5720000,3,
1630,-5.212,550,637,59700000,3,
4330,-6.08,634,739,14100000,3,
2990,-8.631,943,528,291000,3,
2400,-6.587,747,574,56100000,3,
4790,-9.839,668,435,25700000,3,
1180,-5.851,582,636,56600000,3,
4490,-6.656,550,589,9990000,3,
349,-7.753,626,425,30500000,3,
286,-6.442,669,574,1750000,3,
2140,-3.563,773,851,61800000,3,
2220,-8.013,841,545,26800000,3,
1520,-6.682,610,508,29700000,3,
1680,-2.876,573,867,8530000,3,
4330,-5.763,693,699,9640000,3,
760,-8.501,687,510,74500000,3,
2690,-5.878,875,745,2270000,3,
409,-6.876,792,511,12400000,3,
934,-6.803,846,725,36100000,3,
461,-7.327,664,655,5900000,3,
2890,-7.913,815,705,56900000,3,
861,-5.033,514,638,2040000,3,
2580,-2.847,287,956,9370000,3,
625,-6.113,722,501,25500000,3,
3040,-5.429,364,752,70000,3,
2330,-6.429,691,679,20400000,3,
4070,-5.885,839,793,54700000,3,
3450,-14.346,857,462,17600000,3,
2460,-6.874,774,627,2360000,3,
8400,-18.856,710,56.3,94900000,3,
1500,-9.929,748,470,20700000,3,
2700,-7.58,795,745,8690000,3,
1020,-5.81,847,629,3180000,3,
1520,-3.723,831,740,557000,3,
3530,-8.482,561,635,4460000,3,
4030,-8.788,760,658,2960000,3,
436,-6.762,739,572,34600000,3,
3050,-4.914,805,767,22200000,3,
1570,-10.139,715,738,826000,3,
649,-6.261,712,679,3940000,3,
374,-8.623,625,598,1630000,3,
602,-8.259,832,549,16800000,3,
2910,-9.964,652,483,65800000,3,
1890,-10.489,871,545,1430000,3,
3530,-5.55,885,693,21100000,3,
2120,-9.575,866,909,28800000,3,
3180,-9.313,788,451,11800000,3,
829,-4.475,814,659,155000,3,
1880,-4.293,549,853,2850000,3,
3450,-7.961,593,648,7860000,3,
2020,-4.574,819,626,748000,3,
1380,-5.701,902,610,18900000,3,
691,-6.834,966,450,3540000,3,
890,-7.778,560,620,36000000,3,
3500,-7.968,883,622,2660000,3,
2990,-8.631,943,528,291000,3,
1090,-3.161,615,820,26600000,3,
4970,-10.288,579,668,34500000,3,
3890,-8.254,852,554,8150000,3,
2560,-6.855,943,537,34200000,3,
3030,-6.06,885,592,94000,3,
649,-6.163,794,632,14200000,3,
2990,-7.439,720,371,54800000,3,
2990,-3.507,763,770,8580000,3,
461,-6.208,725,629,17200000,3,
362,-5.042,743,710,1390000,3,
589,-9.545,410,602,40700000,3,
3110,-9.295,887,609,2120000,3,
8620,-17.369,565,248,97700000,3,
4800,-5.542,860,717,41400000,3,
3210,-4.55,453,910,236000,3,
1890,-7.593,773,448,18800000,3,
2410,-4.821,748,910,24600000,3,
3780,-10.588,831,380,54100,3,
3870,-1.765,634,942,29100000,3,
356,-7.061,644,446,49000000,3,
795,-6.824,717,650,23200000,3,
3080,-7.08,734,447,21900,3,
2460,-8.633,613,610,21100000,3,
2780,-7.832,748,693,28200000,3,
562,-4.226,720,863,1740000,3,
2590,-7.158,853,754,33500000,3,
5120,-8.64,871,541,16900000,3,
778,-8.864,878,441,10300000,3,
3520,-11.691,837,497,12500000,3,
657,-6.032,669,629,4850000,3,
2490,-5.891,859,617,79200000,3,
2650,-6.953,825,726,24100000,3,
3110,-10.289,820,432,35200000,3,
4110,-8.385,781,479,2490000,3,
2200,-6.343,666,730,696000,3,
2660,-8.233,553,611,31000000,3,
2860,-4.053,477,727,86600,3,
3320,-7.905,725,640,2810000,3,
341,-6.747,258,446,61200000,3,
1660,-9.238,570,439,33100000,3,
2860,-6.349,578,449,6180000,3,
3970,-7.686,912,608,4580000,3,
3200,-5.658,914,607,6260000,3,
2140,-8.317,779,633,3380000,3,
4240,-6.674,968,518,92700,3,
1840,-9.924,659,589,40900000,3,
1440,-7.488,855,708,26700000,3,
882,-8.339,561,598,39500000,3,
2760,-6.207,564,829,31000000,3,
1760,-8.604,813,593,46600000,3,
2240,-3.965,928,749,4250000,3,
1870,-10.297,551,438,24300000,3,
857,-3.829,957,737,7430000,3,
3420,-5.712,890,701,306000,3,
2420,-5.369,648,547,69600000,3,
5300,-10.013,542,561,12600000,3,
5510,-12.698,669,673,64700000,3,
3300,-9.943,626,597,61400000,3,
1950,-7.077,600,770,40000,3,
282,-4.022,666,510,828000,3,
1600,-11.982,742,454,31100000,3,
1240,-6.531,619,589,43000000,3,
5590,-10.073,827,394,25300000,3,
3840,-8.256,759,538,15100000,3,
2240,-3.965,928,749,4250000,3,
2000,-9.358,887,485,3920000,3,
3920,-8.683,889,705,38900000,3,
2680,-6.249,686,757,51300000,3,
331,-5.758,789,881,10900000,3,
3030,-5.141,735,855,35100000,3,
3480,-5.709,671,622,23600000,3,
4300,-6.645,758,631,13000000,3,
3030,-4.644,579,734,32100000,3,
417,-7.639,760,520,394000,3,
752,-7.328,953,614,717000,3,
3780,-8.619,774,412,2600000,3,
6780,-25.831,697,54.5,59600000,3,
3050,-5.348,753,722,53300000,3,
1870,-6.173,725,713,12700000,3,
1190,-4.01,655,846,14400000,3,
2590,-4.936,778,691,755000,3,
3240,-7.86,904,498,919000,3,
2850,-7.111,784,514,9570000,3,
691,-2.906,757,721,196000,3,
2000,-5.428,898,529,6990000,3,
772,-8.81,759,587,4370000,3,
4170,-7.824,619,561,10300000,3,
545,-5.653,751,708,4820000,3,
4430,-8.024,831,600,32000000,3,
1630,-5.212,550,637,59700000,3,
3990,-7.587,858,596,62100000,3,
2540,-9.414,812,600,308000,3,
3380,-6.18,850,680,73200000,3,
598,-5.528,682,501,58900000,3,
459,-5.537,580,651,2750000,3,
3300,-6.855,808,627,3680000,3,
2280,-3.938,741,666,11900000,3,
2070,-5.438,721,675,13100000,3,
1300,-13.497,863,543,5070000,3,
2270,-2.909,780,717,3960000,3,
847,-11.824,777,320,92700000,3,
1840,-4.711,845,921,766000,3,
2420,-7.072,842,831,12700000,3,
680,-7.057,768,733,8230000,3,
3160,-5.364,738,880,1750000,3,
1680,-2.876,573,867,8530000,3,
2460,-8.633,613,610,21100000,3,
3490,-4.972,863,610,6550000,3,
3750,-6.351,874,561,56600000,3,
4170,-9.363,625,546,7680000,3,
3490,-13.819,947,672,6620000,3,
1000,-7.949,783,361,4740000,3,
757,-13.912,818,670,12200000,3,
3980,-8.298,494,506,37300000,3,
2380,-6.082,628,833,40300000,3,
2280,-7.744,775,649,18800000,3,
978,-5.324,746,978,5550000,3,
3920,-7.426,793,596,3030000,3,
3110,-10.289,820,432,35200000,3,
5620,-6.917,567,644,35800000,3,
965,-5.756,795,653,20900000,3,
1630,-6.091,880,575,41500000,3,
432,-7.592,854,538,28100000,3,
1250,-7.6,719,648,20000000,3,
4130,-7.075,938,355,2580000,3,
3300,-5.483,842,827,7200000,3,
3710,-1.404,415,954,27100000,3,
296,-3.825,696,815,38200000,3,
1690,-3.657,831,727,44700000,3,
2980,-4.132,779,755,14300000,3,
459,-6.167,759,613,2300000,3,
1380,-5.701,902,610,18900000,3,
1170,-6.393,322,740,12700000,3,
485,-6.959,781,594,1360000,3,
671,-12.929,726,411,43800000,3,
2450,-3.326,847,884,51400000,3,
3280,-4.192,754,854,34400000,3,
1730,-6.264,853,576,73900000,3,
2810,-12.644,863,446,48600000,3,
2790,-7.266,808,639,8020000,3,
1110,-6.522,725,704,22700000,3,
4220,-11.034,614,410,8650000,3,
2770,-5.405,835,699,671000,3,
1110,-5.617,759,727,15100,3,
913,-6.865,778,695,17500000,3,
3490,-7.307,849,536,2390000,3,
2090,-8.066,752,563,14600000,3,
4070,-8.093,554,702,23600000,3,
2990,-3.621,854,817,3020000,3,
4370,-8.687,959,394,15200000,3,
932,-4.555,777,892,17100000,3,
3680,-5.019,897,371,9040000,3,
2250,-10.516,727,578,15300000,3,
2460,-8.128,493,527,14400000,3,
1430,-4.949,855,792,55200000,3,
3200,-9.745,780,422,678000,3,
666,-8.915,431,688,19300000,3,
1170,-8.891,898,560,238000,3,
4940,-11.498,515,428,15400000,3,
1050,-8.479,849,417,11000000,3,
3030,-7.351,851,703,949000,3,
440,-5.334,826,833,2680000,3,
3070,-7.366,881,622,137000,3,
2020,-4.574,819,626,748000,3,
2560,-4.092,924,766,5100000,3,
2760,-6.207,564,829,31000000,3,
6190,-9.229,582,537,12900000,3,
3830,-7.441,751,786,1260000,3,
2130,-3.28,870,731,21100000,3,
437,-5.451,526,667,5050000,3,
1640,-10.659,678,627,21000000,3,
5130,-8.906,924,500,6500000,3,
3020,-9.769,672,755,21500000,3,
2570,-8.694,418,907,51700000,3,
4270,-11.089,912,415,10100000,3,
1140,-7.444,880,554,12500000,3,
3610,-6.489,928,517,6790000,3,
3520,-9.496,791,665,12000000,3,
2450,-8.926,535,505,3930000,3,
1630,-6.091,880,575,41500000,3,
2060,-6.175,772,610,23900000,3,
3980,-7.977,663,645,44300000,3,
2090,-9.24,536,628,944000,3,
2620,-6.235,517,799,20900,3,
1360,-7.16,794,756,11000000,3,
3440,-8.455,552,627,44800000,3,
675,-7.584,776,941,91900,3,
3970,-7.686,912,608,4580000,3,
455,-10.245,412,422,36000000,3,
3920,-8.683,889,705,38900000,3,
4430,-2.975,428,980,7340000,3,
5280,-7.115,707,909,38100000,3,
4960,-6.806,743,462,28700000,3,
352,-4.574,681,765,6000000,3,
1400,-6.307,880,814,16800000,3,
2550,-6.756,896,541,1060000,3,
3180,-6.233,869,680,4160000,3,
2790,-5.924,646,508,47600000,3,
1850,-5.873,934,759,1020000,3,
3420,-4.912,552,846,1140000,3,
3400,-8.425,874,531,2520000,3,
408,-19.157,715,231,79100000,3,
400,-4.078,644,710,31200000,3,
820,-3.193,882,839,15600000,3,
990,-6.84,807,719,57600000,3,
1680,-2.876,573,867,8530000,3,
3990,-8.289,389,613,28300000,3,
2010,-9.338,836,595,14100000,3,
1070,-4.243,908,557,24200000,3,
5000,-8.794,881,475,30300000,3,
703,-5.369,783,828,4700000,3,
2660,-12.029,799,494,14700000,3,
760,-6.769,871,673,719000,3,
2310,-6.526,836,573,2020000,3,
2430,-28.807,721,41.7,74400000,3,
3480,-5.572,629,696,1950000,3,
2740,-9.428,836,595,49500000,3,
3530,-8.914,695,561,37100000,3,
3350,-6.533,279,872,12200000,3,
3150,-4.393,630,867,16900000,3,
5590,-10.073,827,394,25300000,3,
2140,-8.497,811,756,3210000,3,
5080,-5.893,731,563,4190000,3,
3630,-4.59,722,635,21900000,3,
3920,-5.732,733,595,55800000,3,
2070,-12.38,558,677,53500000,3,
2370,-14.728,881,361,5020000,3,
2930,-7.069,801,633,10200000,3,
1530,-10.884,874,392,24600000,3,
3560,-3.463,647,980,3010000,3,
2120,-6.063,883,621,8710000,3,
375,-5.631,776,609,30100000,3,
1900,-5.717,489,832,20800000,3,
652,-14.268,843,585,64000000,3,
2060,-4.768,937,797,7330000,3,
311,-8.756,138,399,78200000,3,
383,-6.866,551,680,44100000,3,
1510,-6.118,791,863,31700000,3,
3480,-4.013,543,803,18400000,3,
7230,-23.295,619,94.8,65300000,3,
2610,-8.078,716,576,3670000,3,
2030,-5.431,734,635,19000000,3,
2480,-9.282,863,583,2260000,3,
2210,-7.638,953,621,1700000,3,
2740,-8.938,784,539,8180000,3,
2580,-9.707,434,718,9420,3,
1620,-5.992,706,683,4820000,3,
2680,-4.856,699,793,514000,3,
4060,-7.388,732,728,1400000,3,
786,-10.638,860,547,23100000,3,
481,-6.392,821,845,24100,3,
2380,-4.116,652,803,1650000,3,
484,-9.159,805,464,22600000,3,
1050,-9.332,552,585,66500000,3,
3940,-10.503,823,482,34300000,3,
3400,-8.425,874,531,2520000,3,
2130,-5.995,956,502,5930000,3,
2860,-9.448,726,573,40100000,3,
3320,-4.952,780,648,26200000,3,
2030,-9.053,897,466,18700000,3,
2380,-7.784,730,610,37300000,3,
1560,-3.905,932,835,10500000,3,
2820,-6.128,885,466,3960000,3,
1060,-13.14,709,337,44700000,3,
3640,-5.143,660,789,5270000,3,
3090,-4.707,934,873,488000,3,
1400,-8.323,840,600,26200000,3,
1530,-7.858,617,717,564000,3,
2650,-4.753,442,807,1580000,3,
1060,-6.11,948,627,936000,3,
3310,-9.79,506,473,2290000,3,
2850,-13.207,796,426,35600000,3,
760,-11.721,544,395,65300000,3,
4010,-10.526,498,713,39000000,3,
3200,-5.591,715,817,18000000,3,
1430,-5.324,856,652,17700000,3,
1540,-7.077,782,549,941000,3,
3240,-4.785,598,924,69300000,3,
5020,-6.995,957,515,235000,3,
3650,-3.609,448,921,1840000,3,
1330,-6.156,709,587,41400000,3,
3310,-9.922,651,536,24500000,3,
3150,-4.321,542,827,31700000,3,
1070,-4.243,908,557,24200000,3,
665,-7.322,711,772,18300000,3,
3720,-8.74,700,676,15000000,3,
279,-9.989,530,370,80600000,3,
5100,-7.786,704,568,21600000,3,
3590,-7.427,880,818,3530000,3,
2820,-5.586,712,910,34000000,3,
3260,-2.99,727,729,17100000,3,
2470,-3.457,674,746,8150000,3,
416,-7.465,667,643,866000,3,
973,-6.36,766,902,75400000,3,
8510,-25.174,718,111,63400000,3,
2930,-10.118,848,457,15300000,3,
831,-4.852,643,713,6460000,3,
4320,-8.466,773,581,3520000,3,
3170,-7.24,684,535,7410000,3,
1310,-3.728,712,822,3210000,3,
2980,-5.911,761,744,20100000,3,
4870,-10.162,888,408,16400000,3,
3360,-7.188,417,737,23000000,3,
3210,-6.921,735,853,515000,3,
671,-12.929,726,411,43800000,3,
3930,-8.135,535,771,389000,3,
4940,-13.087,941,471,3080000,3,
4490,-6.656,550,589,9990000,3,
2670,-7.167,751,684,15700000,3,
1790,-13.32,728,481,8800000,3,
1850,-4.574,394,734,3290000,3,
1870,-10.297,551,438,24300000,3,
2960,-4.572,820,726,2300000,3,
3780,-8.619,774,412,2600000,3,
2580,-8.71,586,795,35400000,3,
1630,-7.067,800,604,1590000,3,
3780,-9.992,581,548,41800000,3,
2830,-7.198,792,701,10500000,3,
4300,-5.181,697,860,3680000,3,
599,-5.102,522,818,1550000,3,
3310,-9.79,506,473,2290000,3,
2120,-3.879,974,972,1550000,3,
1100,-9.781,773,281,24000000,3,
4490,-6.656,550,589,9990000,3,
3480,-6.251,820,555,39400000,3,
3540,-5.566,565,641,5720000,3,
1260,-7.606,873,751,7660000,3,
705,-8.258,673,477,53800000,3,
3420,-5.712,890,701,306000,3,
4940,-11.498,515,428,15400000,3,
670,-7.47,521,625,3010000,3,
3820,-8.199,703,555,3820000,3,
506,-7.72,664,561,14500000,3,
4010,-6.176,814,852,9580000,3,
2520,-11.715,654,491,8090000,3,
3630,-4.438,803,893,44300000,3,
2790,-7.849,640,830,12900000,3,
2930,-7.886,759,809,9550000,3,
1870,-10.297,551,438,24300000,3,
2850,-8.106,729,442,15100000,3,
3110,-5.735,921,768,50700000,3,
8720,-19.947,692,83.2,81700000,3,
2230,-5.399,727,632,9660000,3,
1970,-8.409,595,511,61300000,3,
3630,-6.191,928,631,943000,3,
924,-8.564,736,535,31000000,3,
9200,-17.737,732,150,44500000,3,
2040,-8.396,818,653,3350000,3,
595,-6.222,748,582,8690000,3,
3310,-9.79,506,473,2290000,3,
3240,-7.453,725,737,63300,3,
2410,-7.124,729,820,1910000,3,
309,-2.362,801,680,364000,3,
777,-10.061,856,336,4030000,3,
1020,-5.81,847,629,3180000,3,
2460,-6.832,884,639,11100000,3,
803,-5.392,706,679,54300000,3,
3260,-1.584,487,954,7980000,3,
2960,-6.679,904,749,32500000,3,
457,-5.017,655,723,5770,3,
502,-4.532,837,768,30300000,3,
1630,-5.891,779,705,471000,3,
2550,-6.199,763,605,17400000,3,
774,-1.299,924,740,8270000,3,
623,-5.218,792,707,11600000,3,
857,-3.829,957,737,7430000,3,
6190,-9.229,582,537,12900000,3,
1480,-7.587,829,740,75000000,3,
3720,-8.633,766,601,28800000,3,
4830,-9.297,464,680,34200000,3,
603,-8.628,787,523,20500000,3,
3270,-4.036,760,796,38400000,3,
2650,-6.301,928,682,5000000,3,
631,-5.166,847,699,16700000,3,
2870,-5.16,571,767,33600000,3,
833,-5.867,790,461,53900000,3,
533,-6.326,697,674,215000,3,
1260,-4.159,738,885,21300000,3,
3040,-7.677,802,699,15900000,3,
2470,-4.719,623,896,3500000,3,
2110,-5.237,594,666,56500000,3,
469,-7.291,819,699,1440000,3,
2310,-5.452,750,723,829000,3,
720,-6.362,774,674,2200000,3,
808,-7.272,714,582,1290000,3,
427,-9.246,760,532,1120000,3,
459,-6.844,399,518,74800000,3,
4020,-4.56,510,863,15500000,3,
2060,-10.472,669,423,3750000,3,
3740,-6.812,853,426,7650000,3,
2100,-7.561,874,594,49800,3,
2960,-6.92,501,759,5190000,3,
3210,-5.531,774,645,19700000,3,
5080,-10.164,737,634,89100000,3,
364,-9.156,660,692,6180000,3,
2690,-6.044,868,795,120000,3,
439,-7.235,613,614,1430000,3,
2640,-4.616,686,735,921000,3,
3050,-8.066,728,623,3910000,3,
2050,-10.106,947,626,2270000,3,
3000,-10.605,754,558,20000,3,
3490,-14.59,813,450,44100000,3,
1680,-2.876,573,867,8530000,3,
745,-6.276,760,675,18900000,3,
3020,-10.407,886,534,8480000,3,
1880,-4.293,549,853,2850000,3,
2280,-8.006,940,471,24800000,3,
2010,-3.928,384,820,39700000,3,
5950,-6.804,547,764,42000000,3,
797,-5.56,719,906,5870000,3,
1320,-3.589,889,624,225000,3,
3050,-10.209,820,417,30000000,3,
4000,-8.884,754,473,27600000,3,
691,-8.575,788,456,46900000,3,
2450,-5.183,814,481,9700000,3,
5580,-6.943,573,571,34300000,3,
2040,-7.117,954,696,576000,3,
3820,-8.446,653,628,21200000,3,
709,-9.833,517,556,45400000,3,
2470,-6.477,802,877,11700000,3,
3260,-5.678,563,809,45200000,3,
3920,-5.067,479,891,8950000,3,
5380,-4.179,679,763,37200000,3,
3250,-5.517,384,908,7620000,3,
1110,-3.72,868,964,4670000,3,
2780,-8.636,674,695,3870000,3,
1610,-4.146,649,842,974000,3,
1130,-11.09,807,903,21100000,3,
3940,-13.578,809,439,39200000,3,
539,-7.636,907,393,45100000,3,
2660,-8,813,693,3410000,3,
2900,-11.294,865,457,34400000,3,
1730,-6.264,853,576,73900000,3,
410,-5.226,805,558,16400000,3,
2790,-7.346,828,674,15800000,3,
661,-5.882,895,469,120000,3,
1520,-5.488,791,756,16300000,3,
2220,-8.013,841,545,26800000,3,
2800,-3.439,901,697,14500000,3,
770,-6.539,830,817,96000,3,
1960,-6.062,865,699,8670000,3,
1530,-10.798,493,527,25800000,3,
4640,-6.88,601,730,1210000,3,
3660,-5.993,660,816,38300000,3,
2190,-12.594,853,698,2720000,3,
2870,-5.16,571,767,33600000,3,
3450,-7.183,792,850,187000,3,
2170,-8.216,488,706,69800000,3,
3710,-5.045,733,743,494000,3,
1160,-8.449,930,467,906000,3,
515,-8.54,713,704,20200000,3,
2560,-6.195,802,759,1470000,3,
592,-6.662,778,660,15600000,3,
3030,-6.932,706,604,41800000,3,
3240,-6.572,887,606,40700,3,
3920,-6.791,642,818,4540000,3,
1920,-7.178,873,600,62300000,3,
933,-10.268,626,542,25700000,3,
1080,-10.07,880,436,18400000,3,
1370,-7.026,597,587,6220000,3,
2420,-6.862,789,536,41000000,3,
6010,-11.432,772,327,1540000,3,
2820,-6.257,758,827,10400000,3,
1980,-5.185,886,722,1830000,3,
1670,-3.931,884,936,20600000,3,
2960,-3.985,679,794,33900000,3,
2650,-8.409,813,570,9090000,3,
2420,-7.072,842,831,12700000,3,
3420,-6.512,829,555,9430000,3,
3670,-7.306,592,609,56400000,3,
3790,-9.05,913,573,2020000,3,
3000,-5.743,597,678,1030000,3,
3020,-7.392,642,589,12400000,3,
2140,-6.791,771,817,30600000,3,
4010,-7.943,723,739,40300000,3,
5000,-4.703,612,850,3930000,3,
1500,-4.879,723,833,12300000,3,
740,-15.364,463,273,90700000,3,
1620,-7.492,795,775,2940000,3,
1530,-5.735,753,761,31200000,3,
3240,-8.42,878,475,984000,3,
2690,-2.832,918,734,2960000,3,
301,-5.046,420,776,2650000,3,
3770,-4.688,662,928,324000,3,
2570,-3.129,847,912,7810000,3,
1760,-5.167,844,846,487000,3,
2790,-6.122,581,722,20000000,3,
3050,-9.88,628,503,18800000,3,
441,-7.966,716,570,6470000,3,
2260,-5.24,920,424,418000,3,
2000,-9.358,887,485,3920000,3,
796,-7.252,474,648,5620000,3,
2020,-3.547,896,780,8280000,3,
3090,-11.004,677,221,82700000,3,
523,-8.68,635,492,76300000,3,
579,-5.803,852,730,2190000,3,
2710,-6.886,759,643,37200000,3,
3420,-5.712,890,701,306000,3,
2860,-3.901,706,747,533000,3,
1960,-6.062,865,699,8670000,3,
4130,-7.158,755,662,50700000,3,
3400,-5.413,686,824,15700000,3,
811,-7.954,663,557,30100000,3,
1560,-3.905,932,835,10500000,3,
4100,-6.179,598,775,6660000,3,
2770,-6.833,929,836,23300000,3,
1560,-13.617,881,636,2570000,3,
5590,-10.073,827,394,25300000,3,
319,-11.961,384,206,82600000,3,
5460,-10.019,642,595,60400000,3,
3100,-10.747,826,566,19700000,3,
1420,-7.709,737,649,81600000,3,
3210,-10.292,915,527,9000000,3,
337,-5.177,652,764,1990,3,
1830,-3.09,761,899,1350000,3,
1130,-4.747,542,914,1610000,3,
1880,-5.636,915,514,1420000,3,
1020,-6.958,790,610,6130000,3,
1450,-8.628,858,561,13500000,3,
2460,-8.633,613,610,21100000,3,
820,-3.193,882,839,15600000,3,
1960,-6.93,439,690,9210000,3,
3530,-11.375,897,337,11700000,3,
3340,-6.433,867,576,230000,3,
2650,-7.805,803,806,761000,3,
2850,-6.983,688,728,10800000,3,
3300,-8.496,792,694,6190000,3,
2950,-6.843,724,806,5410000,3,
2050,-8.356,813,412,56100000,3,
293,-5.393,797,755,33100000,3,
2130,-5.923,601,773,12200000,3,
1020,-8.002,702,511,28600000,3,
492,-3.974,692,833,13600,3,
1650,-6.638,766,793,2940000,3,
2870,-6.164,790,559,7200000,3,
2520,-8.435,808,726,2080000,3,
2320,-9.816,813,544,22400000,3,
2410,-6.1,914,732,1660000,3,
2840,-5.757,731,594,41800000,3,
2790,-8.929,732,568,39500000,3,
3750,-6.303,723,785,24300000,3,
4860,-5.509,441,854,274000,3,
1640,-5.743,760,831,26500000,3,
2950,-6.403,800,710,46300000,3,
2550,-12.97,797,582,484000,3,
1120,-7.737,623,463,49900000,3,
2950,-7.684,689,620,159000,3,
1650,-5.474,741,562,17200000,3,
3150,-7.226,923,633,1360000,3,
310,-4.508,827,838,13100000,3,
829,-4.475,814,659,155000,3,
3160,-6.339,484,690,757000,3,
3170,-7.24,684,535,7410000,3,
535,-12.765,444,406,11900000,3,
3040,-8.476,774,676,5750000,3,
2290,-8.861,901,379,32400000,3,
1250,-7.6,719,648,20000000,3,
2780,-8.636,674,695,3870000,3,
2450,-8.926,535,505,3930000,3,
330,-9.412,578,459,15700,3,
3420,-6.297,752,658,4210000,3,
922,-7.978,854,661,9220000,3,
2340,-13.681,771,459,39600000,3,
702,-7.284,873,575,8910000,3,
4120,-6.327,588,809,2350000,3,
3020,-6.962,950,449,18400000,3,
2420,-3.661,799,876,4240000,3,
3260,-3.489,654,949,42300000,3,
2720,-2.34,640,892,2890000,3,
2390,-8.041,810,705,39200000,3,
3230,-9.911,847,332,43200000,3,
2210,-5.431,584,826,6000000,3,
2930,-6.205,597,571,49200000,3,
471,-10.88,700,393,60000000,3,
1560,-6.983,972,563,528000,3,
1530,-4.454,858,505,57200000,3,
2640,-5.662,920,674,30700000,3,
3380,-7.1,450,676,68200000,3,
965,-8.26,569,633,36300000,3,
1720,-16.53,545,348,60600000,3,
617,-13.095,835,659,326000,3,
3380,-6.611,668,632,22800000,3,
5980,-3.434,523,959,56300000,3,
1640,-8.894,824,634,1930000,3,
852,-4.999,519,933,16900000,3,
3110,-10.875,690,567,59900000,3,
2960,-6.92,501,759,5190000,3,
1570,-5.785,420,620,1940000,3,
376,-3.969,703,653,5430000,3,
4030,-14.659,803,497,79200000,3,
2250,-6.096,692,827,32900000,3,
1380,-5.701,902,610,18900000,3,
1970,-4.968,818,857,15700000,3,
1110,-2.231,883,972,19400000,3,
3180,-7.823,728,591,47500000,3,
3620,-7.689,651,688,13100000,3,
3730,-7.495,723,621,5230000,3,
1360,-4.12,840,766,302000,3,
1620,-5.397,740,679,70800000,3,
1310,-6.122,891,585,7520000,3,
1830,-3.09,761,899,1350000,3,
2600,-6.768,817,608,84800,3,
617,-6.976,301,514,7230000,3,
1920,-7.014,515,841,16700000,3,
2750,-6.004,624,706,3140000,3,
1890,-4.827,782,589,14800000,3,
971,-7.21,942,737,1660000,3,
1720,-5.973,773,764,25800000,3,
1180,-12.39,635,548,27400000,3,
4140,-6.166,563,593,15800000,3,
2680,-4.34,934,826,2410000,3,
495,-4.39,806,735,8700000,3,
1610,-9.572,647,538,22700000,3,
2620,-10.486,736,520,24900000,3,
5300,-3.12,540,963,12000000,3,
1240,-6.531,619,589,43000000,3,
983,-8.489,622,509,38200000,3,
3970,-8.061,475,576,4210000,3,
4420,-4.639,812,639,34600000,3,
2210,-7.638,953,621,1700000,3,
3590,-13.136,659,316,62700000,3,
1110,-3.72,868,964,4670000,3,
2440,-6.398,933,526,879000,3,
308,-6.294,623,709,43300000,3,
2640,-10.144,817,595,2070000,3,
2230,-4.902,808,676,6180000,3,
629,-7.256,690,815,242000,3,
2040,-8.774,875,505,17300000,3,
2750,-6.023,727,722,36700000,3,
3480,-11.952,911,705,23200000,3,
3130,-5.44,515,729,33200000,3,
2730,-3.423,887,667,14200000,3,
2540,-5.283,754,817,7300000,3,
370,-5.769,792,551,30700000,3,
2420,-6.9,838,724,7680,3,
3050,-9.981,736,482,71000000,3,
2150,-5.634,937,684,129000,3,
4580,-5.77,444,814,6690000,3,
3710,-5.557,841,672,1220000,3,
2230,-4.682,665,910,3940000,3,
1890,-9.171,437,687,12500000,3,
781,-9.108,769,539,258000,3,
360,-4.954,829,588,5310000,3,
1720,-5.082,763,806,66800000,3,
3470,-13.203,933,513,112000,3,
2670,-4.768,634,931,15900000,3,
1630,-5.891,779,705,471000,3,
1630,-6.491,720,534,21900000,3,
790,-7.375,549,464,6520000,3,
2450,-8.926,535,505,3930000,3,
2600,-6.279,830,630,346000,3,
1960,-7.335,925,859,3470000,3,
3680,-13.245,648,437,84900000,3,
562,-7.519,535,509,72900000,3,
896,-5.94,852,535,43900000,3,
3830,-7.005,439,854,28500000,3,
2290,-9.201,866,534,18400000,3,
1480,-6.072,854,671,25600000,3,
3260,-5.902,615,612,2000000,3,
540,-6.798,551,636,8370000,3,
2610,-4.725,676,828,13200000,3,
315,-22.627,313,43.7,98900000,3,
1800,-5.367,824,812,18900000,3,
3840,-7.269,688,677,41800000,3,
3740,-8.777,841,843,5860000,3,
2460,-8.126,814,589,16800000,3,
3320,-4.952,780,648,26200000,3,
8060,-18.616,706,44.1,88000000,3,
433,-11.276,655,438,1200000,3,
3570,-8.043,883,674,21000000,3,
2870,-7.261,847,920,9020000,3,
1690,-3.657,831,727,44700000,3,
3000,-6.11,817,572,12000000,3,
485,-6.959,781,594,1360000,3,
3380,-5.541,726,611,3170000,3,
1310,-12.348,822,348,33300000,3,
818,-10.523,704,542,17400000,3,
3330,-10.627,842,457,12100000,3,
2450,-5.183,814,481,9700000,3,
4060,-6.995,612,659,1370000,3,
2650,-6.953,825,726,24100000,3,
540,-6.008,860,713,16800000,3,
2090,-3.77,627,897,6980000,3,
2390,-12.747,716,580,6940000,3,
344,-4.365,551,810,1550000,3,
3510,-11.458,784,453,1590000,3,
615,-11.299,782,518,47700000,3,
3700,-9.849,793,699,1990000,3,
1680,-8.01,776,492,9640000,3,
296,-6.304,621,804,28900000,3,
1940,-6.396,953,732,29600000,3,
2930,-6.205,597,571,49200000,3,
2800,-9.157,721,565,24800000,3,
1800,-7.233,820,645,14500000,3,
4000,-5.422,482,635,36800000,3,
2690,-5.946,843,806,14300000,3,
4020,-8.965,810,372,846000,3,
2970,-6.104,644,436,41500000,3,
452,-9.966,719,805,3110000,3,
4230,-5.63,595,878,17200000,3,
2750,-2.368,477,810,7690000,3,
2100,-6.149,849,693,3380000,3,
763,-10.728,612,478,7780000,3,
3590,-7.882,957,437,402000,3,
425,-6.997,392,499,1660000,3,
444,-21.749,375,41.2,99500000,3,
2820,-7.482,597,617,46300000,3,
1000,-8.245,779,560,5260000,3,
1440,-8.915,767,776,1430000,3,
539,-7.636,907,393,45100000,3,
3980,-7.566,735,752,60300000,3,
673,-16.516,638,280,41700000,3,
2520,-10.786,720,459,12500000,3,
3150,-8.524,598,791,86700000,3,
2910,-12.416,839,533,1970000,3,
2700,-2.561,680,826,56200000,3,
2380,-4.116,652,803,1650000,3,
4700,-6.334,598,693,29200000,3,
1010,-13.652,862,642,10200000,3,
4290,-9.328,774,596,21700000,3,
2840,-6.086,703,715,35500000,3,
2720,-3.89,860,795,4380000,3,
1060,-7.092,814,724,30300000,3,
2690,-5.878,875,745,2270000,3,
647,-9.131,776,679,19400000,3,
2260,-13.938,824,433,3810000,3,
1490,-5.113,713,663,6410000,3,
622,-7.308,721,517,30600000,3,
3340,-3.403,821,904,20600000,3,
4510,-9.959,912,596,48200000,3,
3380,-6.18,850,680,73200000,3,
3010,-5.517,435,783,951000,3,
2480,-10.151,831,385,73000000,3,
3940,-5.996,820,679,75600000,3,
2830,-5.603,884,677,7780000,3,
1630,-9.877,534,516,22500000,3,
4790,-9.839,668,435,25700000,3,
4070,-8.093,554,702,23600000,3,
3440,-8.276,763,613,4680000,3,
1650,-11.018,908,517,834000,3,
1140,-3.692,946,723,7780000,3,
2960,-4.572,820,726,2300000,3,
3050,-4.914,805,767,22200000,3,
1540,-10.822,849,610,2040000,3,
1290,-6.664,874,714,1550000,3,
707,-2.343,824,929,11600000,3,
5200,-8.431,616,617,12800000,3,
1200,-8.854,770,506,30000000,3,
342,-4.997,826,448,44700000,3,
2980,-8.852,677,596,7980000,3,
896,-5.94,852,535,43900000,3,
3470,-6.189,702,764,12000000,3,
2120,-5.524,735,917,2930000,3,
2420,-6.862,789,536,41000000,3,
1690,-3.657,831,727,44700000,3,
2860,-6.349,578,449,6180000,3,
2820,-6.128,885,466,3960000,3,
5000,-12.067,885,517,18600000,3,
1850,-9.952,768,598,32600000,3,
2320,-7.223,768,746,20100000,3,
4500,-8.156,674,610,12000000,3,
1580,-10.674,797,475,25800000,3,
3380,-8.397,831,620,5820000,3,
3820,-8.121,654,848,10900000,3,
2860,-4.844,821,745,6530000,3,
817,-9.54,545,671,14700000,3,
2910,-5.284,664,660,18100000,3,
3110,-5.302,699,759,8140000,3,
358,-6.565,642,828,3210000,3,
1550,-8.904,491,494,17900000,3,
1600,-4.678,812,730,9380000,3,
394,-2.139,247,944,1710,3,
423,-4.979,590,807,32100,3,
369,-4.702,706,760,5990000,3,
1860,-4.669,791,826,15400000,3,
1170,-7.928,557,764,875000,3,
2210,-7.638,953,621,1700000,3,
3310,-4.633,699,729,39200000,3,
770,-6.254,719,598,23200000,3,
2670,-7.753,774,727,692000,3,
3710,-5.557,841,672,1220000,3,
492,-3.974,692,833,13600,3,
2830,-10.709,561,543,62400000,3,
1490,-7.35,788,642,9810000,3,
3120,-9.115,878,266,9320000,3,
2100,-6.289,772,761,5390000,3,
272,-11.338,653,334,10400000,3,
1950,-6.335,481,728,4540000,3,
3760,-7.43,825,581,19600000,3,
3190,-8.84,426,667,7420000,3,
2820,-5.857,884,679,9570000,3,
959,-4.544,897,767,6790000,3,
2360,-6.765,786,689,26600000,3,
3300,-7.801,782,713,35800000,3,
2980,-4.132,779,755,14300000,3,
1990,-5.477,756,876,9550000,3,
2420,-6.862,789,536,41000000,3,
672,-6.03,741,851,20700000,3,
1570,-6.191,834,759,17800000,3,
956,-11.715,930,320,1390000,3,
2510,-5.895,584,904,5710000,3,
1020,-9.067,817,399,13000000,3,
2010,-3.928,384,820,39700000,3,
2740,-3.253,456,840,3150000,3,
3380,-5.541,726,611,3170000,3,
3860,-8.516,818,430,16300000,3,
895,-5.085,634,699,6940000,3,
1960,-7.335,925,859,3470000,3,
1100,-6.058,786,854,4360000,3,
2210,-5.353,630,780,499000,3,
3420,-6.841,618,711,41000000,3,
1640,-10.625,749,745,50100,3,
5040,-8.723,601,633,62900000,3,
4500,-8.156,674,610,12000000,3,
3140,-4.284,419,761,1250000,3,
3840,-8.256,759,538,15100000,3,
331,-5.758,789,881,10900000,3,
2440,-7.213,625,805,649000,3,
2280,-18.943,884,334,4760000,3,
1760,-7.02,989,540,26100,3,
3830,-5.059,427,865,9850000,3,
4790,-9.839,668,435,25700000,3,
670,-7.47,521,625,3010000,3,
2210,-13.918,843,508,852000,3,
507,-4.95,762,748,32300000,3,
836,-4.213,781,726,2990000,3,
708,-6.485,748,641,47800000,3,
2310,-4.642,849,834,1230000,3,
3490,-7.377,906,554,16900000,3,
4100,-5.549,630,491,76600000,3,
2070,-4.781,802,785,14000000,3,
3670,-4.954,897,575,2980000,3,
2710,-7.39,868,525,5360000,3,
1250,-10.167,903,869,9780000,3,
1860,-9.296,770,691,12500000,3,
2580,-2.972,729,780,6460000,3,
1310,-6.953,699,583,4520000,3,
3700,-6.742,594,733,1830000,3,
3380,-11.176,911,614,432000,3,
3910,-5.602,879,574,51900000,3,
3970,-11.667,548,341,70800000,3,
1310,-9.49,537,709,3750000,3,
3320,-4.848,629,696,52000000,3,
661,-5.882,895,469,120000,3,
2740,-9.428,836,595,49500000,3,
2830,-6.183,582,621,317000,3,
1570,-6.191,834,759,17800000,3,
686,-4.78,830,819,741000,3,
4760,-9.184,814,557,13200000,3,
2840,-4.971,627,810,31400000,3,
2550,-8.244,908,417,4520000,3,
4000,-7.398,697,484,82000000,3,
861,-7.616,748,694,6160000,3,
976,-12.99,804,473,5100000,3,
775,-8.827,688,819,11100000,3,
3490,-7.307,849,536,2390000,3,
3250,-7.201,865,640,1850000,3,
661,-5.882,895,469,120000,3,
2280,-6.081,412,835,14000000,3,
4420,-7.714,789,757,44500000,3,
3670,-9.617,802,530,16800000,3,
2080,-5.642,628,777,25400000,3,
3510,-5.42,507,852,587000,3,
401,-4.83,671,873,153000,3,
3160,-11.81,820,387,72900000,3,
699,-7.405,847,545,143000,3,
1250,-14.54,727,412,50500000,3,
2960,-4.329,822,701,12400000,3,
2090,-5.679,913,718,16600000,3,
3980,-8.298,494,506,37300000,3,
1780,-8.995,876,443,27900000,3,
2910,-12.416,839,533,1970000,3,
1940,-3.918,516,949,8600000,3,
2730,-4.661,699,907,14300000,3,
1770,-4.748,733,684,14200000,3,
1310,-6.122,891,585,7520000,3,
461,-6.208,725,629,17200000,3,
3650,-5.873,877,747,2880000,3,
2550,-9.254,724,620,18200000,3,
1570,-3.494,586,893,6760000,3,
3500,-5.687,757,819,5250000,3,
481,-7.101,685,590,22800,3,
709,-9.833,517,556,45400000,3,
2990,-5.008,645,705,81300,3,
2480,-9.282,863,583,2260000,3,
3340,-8.21,552,765,23400000,3,
3470,-7.941,624,584,7550000,3,
2130,-5.248,814,794,13800000,3,
2130,-9.121,715,788,8410000,3,
2470,-9.369,797,750,53300000,3,
3590,-7.882,957,437,402000,3,
2100,-4.169,542,674,5880000,3,
3860,-10.885,542,458,49300000,3,
3570,-8.043,883,674,21000000,3,
3490,-10.211,922,397,45900000,3,
2690,-6.044,868,795,120000,3,
2780,-7.832,748,693,28200000,3,
1680,-10.393,564,671,16700000,3,
2830,-5.251,603,753,13100000,3,
4810,-11.464,697,383,9370000,3,
535,-6.968,543,746,38500000,3,
1430,-6.797,741,537,3580000,3,
2360,-5.582,646,818,603000,3,
4460,-5.245,919,672,45600000,3,
680,-6.437,561,722,17300000,3,
3240,-5.7,641,598,38100000,3,
2210,-7.638,953,621,1700000,3,
3680,-6.915,844,486,23400000,3,
4900,-3.801,669,829,17900000,3,
3000,-5.943,816,669,928000,3,
3560,-4.969,877,677,4390000,3,
572,-6.297,953,466,3810000,3,
3110,-5.857,775,518,45500000,3,
2550,-4.997,443,731,28900000,3,
1180,-5.851,582,636,56600000,3,
3560,-8.91,635,634,19500000,3,
2740,-8.938,784,539,8180000,3,
768,-6.682,829,693,5840000,3,
623,-5.218,792,707,11600000,3,
5480,-10.113,661,531,14100000,3,
5060,-8.937,918,363,29300000,3,
905,-6.365,889,496,25900000,3,
1050,-6.449,869,761,160000,3,
1320,-6.362,924,523,1100000,3,
1960,-5.666,671,795,663000,3,
483,-5.986,668,645,1310000,3,
3050,-8.489,441,583,27300000,3,
5460,-10.019,642,595,60400000,3,
9350,-14.943,714,393,91400000,3,
646,-8.132,887,401,16400000,3,
3180,-6.233,869,680,4160000,3,
2560,-4.262,482,834,8880000,3,
2990,-4.982,765,719,1320000,3,
5060,-8.937,918,363,29300000,3,
595,-6.222,748,582,8690000,3,
397,-4.495,751,725,7550000,3,
375,-5.631,776,609,30100000,3,
3720,-13.843,705,188,22300000,3,
1960,-7.335,925,859,3470000,3,
1630,-6.091,880,575,41500000,3,
3110,-6.088,839,497,9660000,3,
3510,-3.883,475,882,40600000,3,
2570,-11.929,702,412,20900000,3,
1360,-4.12,840,766,302000,3,
1170,-7.165,591,640,6840000,3,
3770,-7.9,797,605,14400000,3,
2780,-9.93,700,402,4980000,3,
1120,-3.747,757,867,4400000,3,
5820,-7.581,573,815,10900000,3,
1180,-10.588,774,601,2410000,3,
3150,-6.645,661,737,39000000,3,
2210,-6.902,565,491,490000,3,
291,-11.938,266,294,77100000,3,
2790,-8.18,801,699,575000,3,
4130,-9.837,556,675,27200000,3,
3680,-8.294,859,474,4250000,3,
592,-11.395,713,404,60900000,3,
2570,-3.129,847,912,7810000,3,
3080,-7.041,618,691,452000,3,
3120,-8.826,745,361,55600000,3,
3570,-6.158,828,663,17200000,3,
291,-11.938,266,294,77100000,3,
2110,-10.489,897,612,2970000,3,
3240,-8.42,878,475,984000,3,
2220,-8.013,841,545,26800000,3,
3400,-6.676,703,705,13500000,3,
1020,-5.81,847,629,3180000,3,
495,-9.187,870,513,19800000,3,
2630,-8.467,808,694,21500000,3,
1260,-10.3,749,752,1080000,3,
1950,-5.971,344,826,67000000,3,
2780,-8.33,798,656,4130000,3,
5300,-11.993,747,351,50700000,3,
2560,-6.195,802,759,1470000,3,
419,-5.724,782,510,14300000,3,
5220,-8.277,566,907,5460000,3,
3210,-8.554,698,644,56200000,3,
2300,-6.231,755,722,33900000,3,
543,-9.935,654,642,20900000,3,
3790,-4.797,893,606,3740000,3,
3480,-7.124,876,592,4400000,3,
2510,-6.759,820,809,44300000,3,
3970,-7.686,912,608,4580000,3,
534,-6.193,703,589,584000,3,
1580,-9.707,795,535,53700000,3,
1660,-4.027,664,852,15100000,3,
9600,-13.849,581,466,99300000,3,
1670,-7.933,625,760,605000,3,
2210,-5.431,584,826,6000000,3,
448,-3.389,825,857,907000,3,
1830,-9.095,727,684,24200000,3,
3300,-5.483,842,827,7200000,3,
3690,-10.286,721,554,10600000,3,
3730,-6.959,722,639,91700,3,
2990,-3.507,763,770,8580000,3,
2220,-3.944,834,888,308000,3,
3330,-5.219,859,734,1970000,3,
649,-6.261,712,679,3940000,3,
3460,-6.142,626,615,26500000,3,
3030,-6.06,885,592,94000,3,
2000,-9.358,887,485,3920000,3,
4870,-14.533,458,319,4290000,3,
1270,-6.461,878,596,1250000,3,
2600,-5.224,904,723,6310000,3,
409,-6.126,721,630,53400000,3,
1180,-6.636,629,676,21300000,3,
1260,-5.12,874,591,13800000,3,
2220,-5.327,831,834,1480000,3,
3710,-7.808,713,694,13300000,3,
3150,-5.045,703,934,1940000,3,
470,-10.732,667,417,66600000,3,
2290,-6.365,752,745,24000000,3,
3870,-1.765,634,942,29100000,3,
1320,-7.293,904,577,12500000,3,
2290,-12.725,765,445,1710000,3,
2600,-6.365,811,526,4750000,3,
1750,-3.993,724,806,5400000,3,
2020,-3.547,896,780,8280000,3,
1920,-7.178,873,600,62300000,3,
362,-9.269,707,449,4560000,3,
4130,-7.075,938,355,2580000,3,
3590,-4.032,908,663,1630000,3,
2730,-7.11,640,762,93800,3,
1040,-5.655,490,618,2210000,3,
1890,-10.489,871,545,1430000,3,
746,-6.963,690,665,59700000,3,
2710,-2.09,370,870,4150000,3,
2830,-5.603,884,677,7780000,3,
3510,-6.233,471,780,13400000,3,
2820,-7.883,699,666,2290000,3,
618,-12.504,830,444,2620000,3,
1870,-6.173,725,713,12700000,3,
2470,-9.369,797,750,53300000,3,
4730,-3.888,664,916,17000000,3,
2920,-7.266,563,663,48100000,3,
681,-7.569,475,499,27900000,3,
2770,-8.011,583,625,50600000,3,
4200,-6.831,647,608,13000000,3,
3180,-10.331,890,509,35000000,3,
3390,-6.015,787,530,545000,3,
1700,-10.259,839,749,52200000,3,
3830,-7.005,439,854,28500000,3,
1120,-7.626,928,479,17700000,3,
2780,-7.832,748,693,28200000,3,
592,-5.535,685,595,29800000,3,
2710,-4.749,662,808,17600000,3,
2750,-6.911,758,821,17300000,3,
1480,-3.219,438,973,22800000,3,
2550,-5.63,442,765,14600,3,
2220,-6.089,827,847,4780000,3,
4350,-7.555,719,612,7910000,3,
635,-4.126,672,949,77500,3,
623,-5.218,792,707,11600000,3,
463,-4.851,867,596,11700000,3,
3130,-6.495,715,673,9430000,3,
4490,-6.656,550,589,9990000,3,
3860,-9.597,805,622,10600000,3,
1590,-5.311,809,617,30200000,3,
3200,-5.591,715,817,18000000,3,
3290,-7.27,407,736,6330000,3,
542,-7.958,753,419,608000,3,
1910,-7.802,523,609,5900000,3,
2530,-6.537,729,741,17100000,3,
2000,-9.358,887,485,3920000,3,
3660,-10.162,753,711,8560000,3,
3630,-6.191,928,631,943000,3,
2320,-8.48,715,464,33000000,3,
2850,-6.589,666,765,11600000,3,
3580,-7.592,778,588,30500000,3,
3080,-5.954,662,797,5610000,3,
3010,-7.058,927,596,9790000,3,
830,-10.666,731,410,54400000,3,
3620,-13.507,527,541,58200000,3,
834,-8.535,757,668,756000,3,
1430,-4.949,855,792,55200000,3,
1300,-5.913,894,404,45300000,3,
569,-9.991,818,739,1170000,3,
2000,-6.606,823,586,11400000,3,
623,-5.218,792,707,11600000,3,
442,-13.305,613,393,22400000,3,
2060,-4.171,775,795,14800000,3,
631,-10.817,753,612,2560000,3,
2490,-5.824,773,947,11700000,3,
613,-5.856,746,654,1170000,3,
4490,-7.915,843,762,14300000,3,
672,-6.03,741,851,20700000,3,
2930,-7.069,801,633,10200000,3,
1300,-7.476,604,511,7100000,3,
2070,-5.085,866,794,7530000,3,
2600,-6.768,817,608,84800,3,
3860,-9.518,825,546,32100000,3,
4210,-10.34,797,631,16400000,3,
4930,-8.715,565,470,8210000,3,
3030,-8.382,670,649,2000000,3,
1760,-7.02,989,540,26100,3,
1780,-8.733,842,789,2650000,3,
1680,-2.876,573,867,8530000,3,
591,-4.046,694,897,1450000,3,
1270,-4.59,451,627,59100000,3,
560,-8.809,585,646,399000,3,
283,-2.719,682,911,11200000,3,
2160,-7.307,837,688,3290000,3,
539,-7.636,907,393,45100000,3,
3240,-4.811,646,836,2970000,3,
3160,-3.883,730,772,8780000,3,
3320,-6.92,807,659,2240000,3,
1820,-5.324,799,619,3460000,3,
3610,-8.672,730,439,32500000,3,
3030,-7.351,851,703,949000,3,
3740,-6.812,853,426,7650000,3,
691,-9.379,582,570,63000000,3,
494,-8.345,668,458,43600000,3,
2100,-9.004,862,663,12000000,3,
633,-4.323,881,819,14000000,3,
5210,-11.262,783,485,41900000,3,
1720,-7.806,748,767,2670000,3,
1540,-9.045,789,719,27300000,3,
394,-8.047,654,607,17600,3,
3420,-4.064,596,765,5330000,3,
2460,-5.718,648,750,4830000,3,
1920,-4.893,802,772,35800000,3,
3060,-4.378,721,621,469000,3,
2380,-5.415,667,844,3370000,3,
1690,-7.307,807,541,39000000,3,
707,-2.892,700,845,13700000,3,
691,-8.575,788,456,46900000,3,
443,-6.808,804,463,2710000,3,
3650,-3.609,448,921,1840000,3,
1180,-8.827,882,471,5800000,3,
1820,-7.461,793,907,2310000,3,
2600,-6.279,830,630,346000,3,
1490,-3.925,897,706,1430000,3,
969,-8.016,762,516,2880000,3,
1200,-4.399,833,651,37900000,3,
4540,-9.309,925,463,6810000,3,
661,-5.882,895,469,120000,3,
2840,-4.971,627,810,31400000,3,
3810,-6.924,864,631,22500000,3,
3670,-9.552,674,846,61300000,3,
2780,-9.669,908,609,6110000,3,
7300,-26.964,587,59.5,85700000,3,
2590,-16.169,746,251,78200000,3,
3500,-6.326,586,864,17300000,3,
728,-9.075,695,687,240000,3,
1310,-3.728,712,822,3210000,3,
1110,-5.966,846,952,13600000,3,
3630,-8.312,878,524,12400000,3,
3130,-8.422,661,618,36800000,3,
583,-8.37,436,655,49900000,3,
375,-5.631,776,609,30100000,3,
1710,-3.667,852,745,3130000,3,
4340,-8.212,695,521,4610000,3,
721,-5.116,905,528,35100000,3,
1570,-4.261,820,653,11600000,3,
671,-12.929,726,411,43800000,3,
624,-11.313,595,588,50700000,3,
3060,-5.931,939,682,152000,3,
580,-7.091,742,656,25700000,3,
1240,-6.017,604,700,15600000,3,
2220,-8.013,841,545,26800000,3,
1200,-5.782,669,687,900000,3,
1320,-10.224,720,670,30500000,3,
359,-6.479,596,709,27000000,3,
2000,-4.273,943,777,839000,3,
3480,-7.741,545,631,20200000,3,
3510,-5.552,488,681,62600000,3,
430,-14.375,759,778,922000,3,
428,-5.74,708,763,5400000,3,
2650,-8.061,947,686,5520000,3,
735,-6.678,809,545,39200000,3,
3970,-7.253,595,579,1460000,3,
1720,-3.34,866,861,3700000,3,
2940,-4.946,803,738,52800000,3,
3740,-6.812,853,426,7650000,3,
2080,-5.905,933,611,20800000,3,
2380,-8.844,725,493,5910000,3,
4010,-5.313,708,507,1150000,3,
3750,-7.838,773,576,4270000,3,
2200,-14.901,835,447,15500000,3,
2690,-6.044,868,795,120000,3,
3080,-5.456,547,675,3400000,3,
1910,-5.096,574,623,18400000,3,
1580,-2.881,739,791,61300000,3,
3780,-8.619,774,412,2600000,3,
2830,-5.971,787,674,4740000,3,
2690,-2.832,918,734,2960000,3,
2590,-6.71,875,661,41000000,3,
3530,-8.493,709,548,65000000,3,
1820,-6.41,538,768,22500000,3,
4440,-25.159,673,51.8,83100000,3,
3340,-6.433,867,576,230000,3,
1250,-6.96,736,628,4680000,3,
296,-3.825,696,815,38200000,3,
4060,-5.562,578,896,276000,3,
1180,-5.63,874,789,29700000,3,
507,-6.479,784,530,243000,3,
5060,-8.937,918,363,29300000,3,
2000,-9.358,887,485,3920000,3,
523,-6.763,821,531,28700000,3,
2970,-5.69,460,876,47100000,3,
729,-8.747,676,625,14400000,3,
3410,-4.748,779,601,41200000,3,
3770,-4.184,898,604,4130000,3,
1220,-5.222,855,610,12200000,3,
3150,-7.802,519,605,1510000,3,
1870,-6.173,725,713,12700000,3,
3270,-9.578,944,805,18200000,3,
1630,-7.915,785,793,22000000,3,
616,-9.934,585,471,9670000,3,
3340,-9.568,820,543,19300000,3,
898,-13.507,822,702,1500000,3,
3020,-12.367,802,461,7570000,3,
3680,-5.019,897,371,9040000,3,
2000,-6.606,823,586,11400000,3,
341,-11.527,517,375,68200000,3,
3560,-8.91,635,634,19500000,3,
602,-3.573,533,739,2900000,3,
4740,-11.287,475,501,41800000,3,
3880,-8.138,659,639,41600000,3,
1140,-6.623,719,762,19900000,3,
1280,-3.6,570,891,478000,3,
3210,-7.032,656,767,19100000,3,
792,-4.271,802,719,8100000,3,
5440,-9.321,598,466,716000,3,
2330,-9.108,874,498,791000,3,
673,-9.75,664,433,31700000,3,
3320,-5.308,683,540,1140000,3,
4420,-11.159,428,839,74000000,3,
828,-8.433,749,463,20800000,3,
953,-6.177,932,600,67900,3,
381,-7.95,488,754,154000,3,
543,-7.149,783,678,1440000,3,
2050,-6.347,699,566,25800000,3,
3210,-5.531,774,645,19700000,3,
1980,-5.185,886,722,1830000,3,
2220,-4.67,716,830,24400000,3,
2990,-7.928,773,645,10200000,3,
2870,-6.676,910,464,2870000,3,
882,-8.339,561,598,39500000,3,
2680,-5.576,717,758,7910000,3,
2640,-6.929,852,803,204000,3,
2720,-3.89,860,795,4380000,3,
2440,-11.665,917,692,18500000,3,
5580,-6.943,573,571,34300000,3,
672,-6.03,741,851,20700000,3,
2690,-10.002,857,454,15500000,3,
1380,-5.453,835,676,9480000,3,
839,-5.883,611,660,19800000,3,
3070,-9.221,905,564,36800000,3,
3310,-8.186,854,716,20300000,3,
2070,-12.38,558,677,53500000,3,
1510,-7.197,820,658,2890000,3,
1640,-10.889,761,683,14100000,3,
4010,-5.313,708,507,1150000,3,
1440,-7.488,855,708,26700000,3,
848,-10.92,606,496,79300000,3,
1830,-12.778,775,380,65000000,3,
5100,-6.472,601,677,63300000,3,
573,-8.703,338,580,50600000,3,
3730,-10.551,479,549,57000000,3,
732,-6.103,638,594,51900000,3,
3070,-10.405,745,504,1620000,3,
287,-5.637,677,714,16200000,3,
2680,-5.576,717,758,7910000,3,
1790,-8.518,345,880,2950000,3,
3360,-6.044,823,586,9010000,3,
436,-6.762,739,572,34600000,3,
702,-7.284,873,575,8910000,3,
2790,-2.988,864,641,4730000,3,
2460,-8.933,736,712,1470000,3,
5680,-5.718,599,701,31500000,3,
1850,-6.607,825,639,7310000,3,
1000,-7.469,574,633,43000000,3,
1180,-8.827,882,471,5800000,3,
2760,-5.679,841,560,5300000,3,
1910,-10.96,704,454,25900000,3,
3090,-6.589,579,930,4030000,3,
2110,-7.232,939,675,9150000,3,
568,-7.97,812,545,43700000,3,
2570,-3.129,847,912,7810000,3,
3030,-5.333,884,814,15400000,3,
1880,-2.9,339,976,10200000,3,
4350,-9.591,696,451,33000000,3,
2000,-5.428,898,529,6990000,3,
2620,-6.356,790,578,299000,3,
631,-6.618,531,801,15200000,3,
2650,-8.409,813,570,9090000,3,
3000,-5.943,816,669,928000,3,
4060,-6.995,612,659,1370000,3,
3460,-13.906,755,692,1270000,3,
902,-7.574,463,562,22200000,3,
4160,-9.671,753,659,65900000,3,
2060,-6.279,784,533,12100000,3,
2030,-6.546,726,627,2450000,3,
2750,-7.697,458,635,45000000,3,
1770,-6.859,751,744,15200000,3,
2790,-7.266,808,639,8020000,3,
3470,-12.908,876,710,6540000,3,
2950,-14.625,520,665,58600000,3,
2580,-11.104,582,503,3920000,3,
737,-7.837,593,512,58000000,3,
1230,-12.817,708,423,59500000,3,
4700,-8.066,644,607,685000,3,
480,-7.004,366,686,31800000,3,
1230,-10.005,838,893,4960000,3,
3110,-7.597,665,549,10700000,3,
4280,-6.224,723,616,26500000,3,
2980,-8.728,760,531,27600000,3,
3880,-8.194,767,651,41200000,3,
2460,-6.304,857,764,3980000,3,
1320,-6.362,924,523,1100000,3,
1410,-7.957,747,494,39300000,3,
1630,-6.242,740,690,26400000,3,
655,-10.792,841,310,423000,3,
5400,-7.545,734,609,16300000,3,
4940,-11.498,515,428,15400000,3,
1260,-4.267,836,367,2970000,3,
1350,-6.268,907,695,24600000,3,
4160,-6.144,572,666,19300000,3,
596,-10.13,724,532,15700000,3,
3550,-8.768,791,738,1230000,3,
2910,-7.465,859,544,17400000,3,
860,-7.806,666,463,41300000,3,
592,-8.542,809,461,22400000,3,
2400,-6.094,799,543,5120000,3,
3300,-10.505,681,427,59200000,3,
2390,-12.244,765,430,1480000,3,
625,-8.292,849,567,3680000,3,
2360,-8.749,768,506,1360000,3,
2990,-3.545,921,718,21700000,3,
2330,-5.943,649,661,9680000,3,
539,-7.636,907,393,45100000,3,
392,-8.293,690,470,66200000,3,
1010,-11.052,980,413,67100000,3,
1630,-5.891,779,705,471000,3,
1760,-6.312,661,686,23600000,3,
3180,-11.991,755,597,4480000,3,
3080,-7.041,618,691,452000,3,
2220,-5.638,841,667,4400000,3,
3340,-6.433,867,576,230000,3,
3180,-10.815,910,505,55200000,3,
1710,-4.258,793,633,751000,3,
1120,-7.198,712,671,12500000,3,
2860,-6.349,578,449,6180000,3,
2020,-6.445,744,803,2590000,3,
2490,-4.302,927,709,1100000,3,
1050,-6.896,670,856,2880000,3,
2510,-7.877,770,618,43400000,3,
2610,-10.16,693,613,7980000,3,
3090,-7.511,831,508,6340000,3,
5590,-10.073,827,394,25300000,3,
1920,-7.014,515,841,16700000,3,
3100,-4.737,780,828,384000,3,
2170,-6.501,720,597,17100000,3,
2990,-7.115,638,660,24600000,3,
2040,-7.117,954,696,576000,3,
370,-6.187,639,641,22700000,3,
2110,-7.232,939,675,9150000,3,
1810,-6.751,646,559,12800000,3,
3410,-8.991,646,517,38800000,3,
4600,-7.761,484,775,4620000,3,
1540,-10.822,849,610,2040000,3,
2730,-11.038,873,516,43400000,3,
2160,-6.135,767,560,3220000,3,
3280,-8.533,787,773,7320000,3,
4830,-9.297,464,680,34200000,3,
1430,-6.495,890,817,14400000,3,
1660,-8.935,670,462,19100000,3,
4090,-11.51,514,387,7530000,3,
2650,-2.692,785,871,14400000,3,
431,-7.502,718,578,19000000,3,
2790,-18.246,876,420,18800000,3,
2550,-4.997,443,731,28900000,3,
2240,-3.965,928,749,4250000,3,
1180,-8.827,882,471,5800000,3,
2780,-7.1,773,712,10400000,3,
820,-3.193,882,839,15600000,3,
707,-2.892,700,845,13700000,3,
2520,-8.746,539,615,17300000,3,
2680,-4.74,893,565,7540000,3,
3070,-9.837,894,472,5970000,3,
836,-4.213,781,726,2990000,3,
2980,-6.28,732,508,49500,3,
3680,-6.335,480,602,48700000,3,
2890,-7.315,896,709,6660000,3,
1040,-7.968,534,499,67200000,3,
4380,-10.213,817,599,3910000,3,
3210,-7.309,710,583,15400000,3,
1120,-9.687,739,535,47600000,3,
2700,-8.387,705,563,13200000,3,
1040,-5.041,713,606,32100000,3,
3110,-4.946,865,844,5820000,3,
1360,-4.12,840,766,302000,3,
1140,-6.623,719,762,19900000,3,
3820,-6.625,468,779,8500000,3,
1790,-14.867,644,284,56700000,3,
3200,-10.162,854,602,6890000,3,
4700,-8.066,644,607,685000,3,
2740,-6.3,537,674,6570000,3,
745,-5.766,536,694,44700000,3,
2180,-5.435,920,861,21100000,3,
1330,-5.692,777,751,24500000,3,
1330,-4.672,703,703,60500000,3,
412,-11.224,739,338,59800000,3,
314,-7.316,649,623,28200000,3,
2400,-6.094,799,543,5120000,3,
3440,-8.825,792,676,20800000,3,
1820,-7.035,731,818,12700000,3,
2260,-11.637,824,506,13900000,3,
3060,-5.931,939,682,152000,3,
4780,-8.444,461,810,13700000,3,
663,-5.467,769,786,1570000,3,
1310,-6.122,891,585,7520000,3,
2990,-4.982,765,719,1320000,3,
2140,-6.686,553,667,26600000,3,
3740,-4.099,650,900,2520000,3,
661,-5.882,895,469,120000,3,
731,-7.817,877,610,2380000,3,
3640,-4.231,420,835,7330000,3,
2790,-8.929,732,568,39500000,3,
3580,-10.48,845,341,77000000,3,
2490,-5.891,859,617,79200000,3,
1940,-3.924,722,667,58500000,3,
3660,-7.848,562,640,34500000,3,
349,-10.189,877,628,84000000,3,
2600,-5.426,744,811,10000000,3,
2790,-5.216,802,700,1930000,3,
702,-7.284,873,575,8910000,3,
270,-7.836,552,333,8680000,3,
510,-9.486,708,331,17700000,3,
2150,-8.146,723,598,48900000,3,
1960,-9.147,526,491,55800000,3,
2710,-7.734,849,730,28000000,3,
674,-6.1,754,578,8670000,3,
2210,-7.978,810,611,15500000,3,
3570,-7.721,752,753,11400000,3,
3630,-13.758,720,626,6360000,3,
3200,-7.15,899,501,442000,3,
1260,-5.12,874,591,13800000,3,
485,-6.959,781,594,1360000,3,
2790,-5.216,802,700,1930000,3,
403,-6.354,772,626,5340000,3,
3540,-6.293,764,738,1860000,3,
2690,-6.044,868,795,120000,3,
3370,-8.952,633,817,21200000,3,
3280,-4.499,769,848,34500000,3,
3910,-7.398,877,540,5030000,3,
2380,-4.116,652,803,1650000,3,
1680,-6.834,708,665,7750000,3,
456,-13.264,483,142,87000000,3,
1680,-5.475,890,633,2320000,3,
475,-9.406,455,426,17200000,3,
1820,-8.186,877,389,9130000,3,
2030,-9.104,847,689,3800000,3,
3020,-8.645,858,767,666000,3,
671,-12.929,726,411,43800000,3,
2130,-7.537,649,570,64800000,3,
1520,-4.013,725,660,6840000,3,
1710,-2.978,708,922,4390000,3,
2030,-5.431,734,635,19000000,3,
2740,-6.547,848,666,17300000,3,
1270,-7.459,593,873,6930000,3,
2270,-5.081,684,864,6680000,3,
838,-10.334,928,322,22100000,3,
432,-7.592,854,538,28100000,3,
3460,-8.827,831,636,38900000,3,
1870,-10.297,551,438,24300000,3,
3600,-4.854,858,737,41400000,3,
3510,-6.499,901,630,10700000,3,
889,-2.936,879,595,1520000,3,
4330,-5.02,539,966,5420000,3,
846,-7.167,814,494,62400000,3,
3480,-4.294,794,649,5840000,3,
608,-5.956,745,549,38600000,3,
495,-4.687,788,822,14600000,3,
981,-9.722,874,613,366000,3,
2450,-8.926,535,505,3930000,3,
609,-5.365,777,815,5980000,3,
707,-12.477,913,596,658000,3,
1540,-5.645,786,721,32300000,3,
1580,-6.648,955,630,6360000,3,
1300,-7.507,720,708,6970000,3,
3340,-5.135,682,743,8650000,3,
2990,-8.799,680,599,40700000,3,
1660,-9.238,570,439,33100000,3,
4370,-10.226,890,455,15800000,3,
3280,-7.929,553,680,44000000,3,
2420,-6.862,789,536,41000000,3,
427,-11.208,852,874,1680000,3,
3030,-6.314,804,558,684000,3,
2310,-4.758,950,592,266000,3,
3050,-10.135,876,472,14400000,3,
1230,-5.961,696,837,9800000,3,
2940,-5.342,598,848,6480000,3,
2660,-5.497,800,832,8700000,3,
2370,-7.355,700,942,4690000,3,
4140,-9.607,538,454,4400000,3,
2280,-5.724,773,691,648000,3,
3220,-4.709,903,785,2450000,3,
518,-5.237,702,763,1750000,3,
1270,-7.393,577,687,7160000,3,
1200,-5.782,669,687,900000,3,
2010,-9.338,836,595,14100000,3,
2820,-5.857,884,679,9570000,3,
1020,-5.018,955,848,61100,3,
3790,-9.823,824,524,43800000,3,
2130,-5.923,601,773,12200000,3,
671,-6.521,664,621,16200000,3,
784,-4.908,712,783,9720000,3,
3750,-7.838,773,576,4270000,3,
510,-7.085,685,573,20800000,3,
4490,-6.979,776,571,47700000,3,
3490,-6.043,911,651,338000,3,
2570,-11.929,702,412,20900000,3,
1070,-5.75,613,686,9520000,3,
2890,-5.852,778,713,4520000,3,
1030,-10.196,928,341,6140000,3,
2220,-5.638,841,667,4400000,3,
2420,-5.514,786,677,11400000,3,
3160,-8.01,801,757,47800000,3,
864,-4.682,758,715,7400000,3,
1560,-9.363,743,467,47800000,3,
414,-8.482,703,534,249000,3,
1430,-11.524,900,459,31000000,3,
3680,-5.019,897,371,9040000,3,
5020,-6.995,957,515,235000,3,
2890,-5.852,778,713,4520000,3,
953,-7.537,946,772,5160000,3,
3430,-10.231,422,520,204000,3,
1530,-5.315,789,691,23600000,3,
2270,-13.473,679,307,7830000,3,
1100,-7.78,861,551,44200,3,
1650,-7.734,801,564,285000,3,
3000,-6.773,865,681,30000000,3,
1420,-9.315,817,694,161000,3,
2230,-13.661,704,414,60300000,3,
767,-8.607,805,942,18900000,3,
2410,-7.419,673,612,23200000,3,
3610,-6.015,572,822,20700000,3,
365,-8.809,877,809,3850000,3,
1020,-4.583,618,945,132000,3,
427,-7.142,740,733,349000,3,
2860,-4.053,477,727,86600,3,
2170,-6.128,739,758,9990000,3,
523,-6.763,821,531,28700000,3,
459,-12.556,479,295,85700000,3,
4420,-8.043,581,713,43000000,3,
4130,-7.075,938,355,2580000,3,
671,-12.929,726,411,43800000,3,
1020,-4.937,829,343,734000,3,
1360,-7.16,794,756,11000000,3,
3590,-8.479,600,672,11500000,3,
868,-10.533,735,572,12500000,3,
4610,-8.446,531,672,2760000,3,
2570,-10.511,879,423,1330000,3,
3130,-8.15,697,530,831000,3,
2750,-3.159,595,639,6630000,3,
2790,-6.59,703,695,5090000,3,
2280,-6.599,774,480,10900000,3,
1070,-6.485,542,812,7980000,3,
2040,-4.98,669,727,1770000,3,
1090,-8.411,777,482,734000,3,
449,-4.944,770,748,651000,3,
2090,-7.535,806,741,27800000,3,
2100,-5.422,483,787,33900000,3,
540,-6.008,860,713,16800000,3,
362,-4.542,634,651,10400000,3,
4730,-12.248,781,400,1200000,3,
2760,-5.679,841,560,5300000,3,
1020,-4.996,868,878,16500000,3,
389,-13.945,510,396,18400000,3,
341,-5.762,684,672,15100000,3,
679,-5.596,759,656,12700000,3,
2680,-14.2,901,361,26100000,3,
874,-13.277,844,522,8460000,3,
3780,-7.548,847,807,18500000,3,
4870,-10.162,888,408,16400000,3,
3490,-9.687,721,521,16900000,3,
447,-9.382,605,574,24500000,3,
2860,-4.053,477,727,86600,3,
3000,-3.965,749,783,14200000,3,
2220,-6.869,685,718,2810000,3,
672,-5.477,706,733,25500000,3,
3860,-5.318,476,683,60500000,3,
480,-5.362,457,985,1540000,3,
3350,-12.381,669,567,61400000,3,
2980,-5.448,701,759,13000000,3,
4540,-9.309,925,463,6810000,3,
4340,-8.212,695,521,4610000,3,
2590,-5.729,862,746,1050000,3,
1490,-7.848,721,702,861000,3,
2920,-6.903,897,662,8520000,3,
1170,-6.827,792,511,3260000,3,
560,-7.283,721,970,26300,3,
2630,-4.329,694,837,19600000,3,
2530,-6.537,729,741,17100000,3,
3690,-6.208,724,771,8890000,3,
1940,-12.511,829,528,7230000,3,
2850,-6.257,696,696,46100000,3,
3010,-4.671,787,832,3470000,3,
1920,-7.668,709,689,9780000,3,
3930,-7.277,619,573,3520000,3,
2090,-7.638,531,648,71200000,3,
3200,-7.15,899,501,442000,3,
3160,-8.01,801,757,47800000,3,
694,-4.734,629,829,3900000,3,
555,-6.528,853,597,2120000,3,
3020,-6.717,805,876,39400000,3,
3340,-6.901,913,625,1680000,3,
3620,-10.158,744,612,15700000,3,
2100,-3.717,858,873,21300000,3,
3210,-5.531,774,645,19700000,3,
2540,-5.283,754,817,7300000,3,
3130,-5.305,596,712,14600000,3,
3330,-7.368,423,573,11600000,3,
774,-1.299,924,740,8270000,3,
4170,-11.009,643,490,841000,3,
2650,-6.853,743,847,22700000,3,
3790,-9.05,913,573,2020000,3,
1810,-6.005,814,679,19500000,3,
417,-3.052,763,850,3040000,3,
878,-10.684,673,326,20100000,3,
2540,-4.212,712,895,18100000,3,
1360,-4.12,840,766,302000,3,
1240,-6.017,604,700,15600000,3,
1500,-6.178,877,534,3390000,3,
9550,-12.158,531,674,82200000,3,
3280,-2.89,537,871,28300000,3,
1130,-8.096,800,629,22700000,3,
723,-10.159,683,473,20100000,3,
2100,-6.149,849,693,3380000,3,
3090,-3.675,807,773,6570000,3,
2420,-6.862,789,536,41000000,3,
2950,-6.843,724,806,5410000,3,
3100,-9.35,845,517,20200000,3,
3250,-5.151,247,769,754000,3,
5580,-6.943,573,571,34300000,3,
5100,-8.563,899,490,11500000,3,
3400,-11.117,865,286,20700000,3,
1340,-8.871,761,518,24400000,3,
2190,-6.699,567,675,33500000,3,
1660,-9.238,570,439,33100000,3,
3530,-8.914,695,561,37100000,3,
1020,-5.81,847,629,3180000,3,
2750,-3.336,837,737,27700000,3,
504,-7.651,540,524,11700000,3,
1070,-7.487,713,605,49700000,3,
498,-8.584,748,492,15100000,3,
1130,-8.096,800,629,22700000,3,
578,-11.298,820,393,6270000,3,
1690,-3.657,831,727,44700000,3,
1810,-5.54,955,768,1340000,3,
2290,-11.136,902,743,75500,3,
2370,-1.79,797,847,38400000,3,
2290,-8.605,633,534,5240000,3,
3420,-5.712,890,701,306000,3,
2920,-9.379,784,369,75200000,3,
2540,-3.716,737,697,7560000,3,
581,-11.855,765,629,3860000,3,
908,-9.561,710,415,90200000,3,
4860,-11.308,842,400,4570000,3,
1900,-5.299,704,667,26200000,3,
1770,-3.424,582,783,8670000,3,
5080,-11.692,797,378,20100000,3,
684,-6.741,882,396,3110000,3,
2550,-3.363,375,862,7100000,3,
2690,-6.044,868,795,120000,3,
2160,-5.396,715,753,647000,3,
2060,-8.664,815,854,1800000,3,
1750,-10.452,911,415,2900000,3,
1910,-4.11,730,829,13700000,3,
4410,-6.992,427,594,11500000,3,
3550,-7.334,629,740,9290000,3,
389,-5.927,638,622,993000,3,
3100,-6.162,883,658,37100000,3,
3150,-6.981,833,673,32900000,3,
2990,-7.194,602,732,35700000,3,
4060,-7.388,732,728,1400000,3,
724,-13.326,769,675,72200,3,
1490,-4.54,762,920,6010000,3,
1630,-6.091,880,575,41500000,3,
1810,-13.264,801,578,1030000,3,
2400,-6.231,736,705,5790000,3,
5210,-7.957,889,345,22700000,3,
3460,-5.944,563,815,27400000,3,
1810,-5.54,955,768,1340000,3,
2030,-9.082,800,597,2990000,3,
3790,-9.05,913,573,2020000,3,
1080,-7.013,912,746,583000,3,
1960,-9.147,526,491,55800000,3,
2340,-8.979,834,904,40000000,3,
1100,-9.532,871,454,14400000,3,
2490,-4.973,552,698,17200000,3,
2880,-5.123,807,760,1720000,3,
2910,-6.37,850,837,956000,3,
905,-6.556,860,749,34200000,3,
3360,-9.275,792,581,6600000,3,
2600,-7.807,784,658,6980000,3,
286,-3.541,762,701,23500000,3,
657,-5.181,625,814,1720000,3,
430,-7.271,665,583,27200000,3,
4770,-11.49,542,339,73000000,3,
1890,-10.489,871,545,1430000,3,
3380,-5.541,726,611,3170000,3,
1340,-8.569,391,612,57900000,3,
1210,-5.616,584,859,1440000,3,
382,-10.128,711,497,32800000,3,
1480,-6.072,854,671,25600000,3,
1380,-11.709,681,505,13700000,3,
2090,-8.066,752,563,14600000,3,
2000,-5.428,898,529,6990000,3,
604,-6.581,708,690,1120000,3,
998,-6.465,880,596,23200000,3,
3240,-6.572,887,606,40700,3,
2630,-10.549,858,442,79700,3,
1440,-6.634,847,819,37800,3,
2740,-6.3,537,674,6570000,3,
3570,-6.664,638,523,454000,3,
724,-12.759,620,476,47500000,3,
3410,-7.451,844,542,4010000,3,
2090,-23.057,687,29.2,84400000,3,
1770,-5.188,753,680,12200000,3,
3480,-5.709,671,622,23600000,3,
4440,-9.157,637,489,13600000,3,
2520,-6.525,809,541,85500000,3,
2390,-6.468,710,597,22100000,3,
2540,-11.08,779,335,74200000,3,
631,-5.166,847,699,16700000,3,
1330,-6.655,813,557,5470000,3,
1130,-10.695,858,609,5420000,3,
4000,-9.041,495,623,12600000,3,
3610,-11.371,631,621,3620000,3,
485,-6.959,781,594,1360000,3,
608,-7.249,619,663,53800,3,
1360,-7.429,850,797,9640000,3,
808,-7.272,714,582,1290000,3,
3560,-3.463,647,980,3010000,3,
2960,-8.723,883,446,2530000,3,
671,-12.929,726,411,43800000,3,
1400,-3.445,417,729,1460000,3,
3920,-14.029,766,385,24900000,3,
458,-3.854,694,907,7650000,3,
4100,-6.709,564,578,13500000,3,
2470,-9.369,797,750,53300000,3,
505,-3.892,721,848,383000,3,
3700,-9.483,880,448,7110000,3,
504,-8.019,615,422,60400000,3,
3230,-4.686,637,834,61400000,3,
765,-6.866,732,687,65900,3,
3530,-6.789,929,667,1850000,3,
2620,-5.619,680,523,14800000,3,
4620,-11.937,824,348,28000000,3,
3690,-4.886,667,801,8340000,3,
978,-5.324,746,978,5550000,3,
2160,-12.999,849,521,30400000,3,
4450,-10.479,849,476,9650000,3,
859,-5.862,856,679,45400000,3,
4050,-5.919,684,670,22600000,3,
1830,-5.747,556,822,5390000,3,
3450,-5.53,770,637,10300000,3,
3310,-3.658,852,881,8770000,3,
545,-8.039,776,482,43900000,3,
532,-4.919,641,718,1570000,3,
4780,-6.29,599,694,67400000,3,
699,-9.043,748,622,4720000,3,
661,-6.639,755,646,376000,3,
3510,-5.924,811,460,6940000,3,
3750,-8.424,494,647,1900000,3,
566,-3.064,818,947,59100000,3,
2790,-6.122,581,722,20000000,3,
2200,-6.183,675,501,5410000,3,
2690,-6.044,868,795,120000,3,
788,-6.268,527,790,1600000,3,
3880,-10.289,534,596,64100000,3,
2480,-5.618,791,950,8850000,3,
4990,-7.188,789,595,5200000,3,
2190,-9.57,815,697,77800000,3,
2930,-5.064,926,542,13500000,3,
489,-6.188,431,731,709000,3,
3740,-6.812,853,426,7650000,3,
1890,-7.654,934,459,5160000,3,
3660,-10.324,772,449,45700000,3,
3260,-3.489,654,949,42300000,3,
4260,-7.128,716,437,48000000,3,
924,-6.796,604,522,73400000,3,
1330,-10.182,701,415,81500000,3,
839,-5.883,611,660,19800000,3,
2410,-9.628,874,443,14700000,3,
1870,-6.173,725,713,12700000,3,
351,-8.9,630,446,33700000,3,
3250,-7.201,865,640,1850000,3,
1850,-4.961,949,617,213000,3,
512,-6,697,663,15400000,3,
1900,-5.743,363,714,19500000,3,
2550,-8.802,658,655,11400000,3,
3680,-8.905,475,750,51400000,3,
1550,-7.192,876,615,4340000,3,
2560,-6.855,943,537,34200000,3,
1630,-5.891,779,705,471000,3,
9380,-10.525,550,813,97600000,3,
1020,-8.46,527,736,246000,3,
4180,-9.331,704,579,28700000,3,
873,-7.592,759,656,3710000,3,
1020,-5.81,847,629,3180000,3,
1800,-8.178,754,785,2870000,3,
1640,-10.425,888,699,1590000,3,
3040,-7.873,548,765,67500000,3,
2330,-6.273,634,780,15400000,3,
562,-4.226,720,863,1740000,3,
3080,-6.967,539,792,42300000,3,
2710,-8.716,656,678,2160000,3,
2950,-6.403,800,710,46300000,3,
4900,-4.808,674,838,5500000,3,
3370,-7.478,868,730,33200000,3,
672,-5.477,706,733,25500000,3,
2460,-6.832,884,639,11100000,3,
1120,-7.198,712,671,12500000,3,
4520,-9.189,643,626,9930000,3,
4500,-11.247,745,482,46500000,3,
1270,-4.59,451,627,59100000,3,
775,-8.827,688,819,11100000,3,
2460,-6.832,884,639,11100000,3,
3320,-7.905,725,640,2810000,3,
2860,-6.349,578,449,6180000,3,
1240,-6.531,619,589,43000000,3,
2650,-5.543,729,749,11400000,3,
3470,-6.778,663,810,24100000,3,
2090,-9.273,813,621,1440000,3,
2880,-7.974,745,632,39000000,3,
3200,-5.658,914,607,6260000,3,
445,-7.507,338,581,16700000,3,
3490,-5.675,804,769,3020000,3,
1770,-3.396,835,914,17900000,3,
925,-14.259,865,226,74900000,3,
1020,-7.269,892,585,14600000,3,
2950,-7.337,821,643,475000,3,
2650,-6.777,906,717,21300000,3,
2890,-11.028,802,607,20500000,3,
1770,-6.859,751,744,15200000,3,
1530,-16.069,835,480,17700000,3,
1370,-7.026,597,587,6220000,3,
4540,-9.309,925,463,6810000,3,
3330,-12.558,703,261,53900000,3,
2820,-7.482,597,617,46300000,3,
349,-3.935,734,668,5260000,3,
984,-5.259,810,972,4210000,3,
3750,-7.838,773,576,4270000,3,
2260,-8.078,861,582,621000,3,
2150,-12.104,839,523,26900000,3,
2930,-6.205,597,571,49200000,3,
2610,-12.432,661,567,10500000,3,
922,-8.428,700,449,76100000,3,
3310,-6.131,693,682,9180000,3,
2160,-6.135,767,560,3220000,3,
1050,-9.332,552,585,66500000,3,
3330,-7.368,423,573,11600000,3,
3740,-6.812,853,426,7650000,3,
690,-5.077,878,951,3170000,3,
3050,-6.412,437,803,3760000,3,
375,-7.429,724,560,8500000,3,
3310,-4.633,699,729,39200000,3,
1660,-11.434,875,907,1660000,3,
1370,-7.026,597,587,6220000,3,
3800,-6.609,847,741,8610000,3,
353,-9.115,583,549,617000,3,
3580,-12.261,598,431,70100000,3,
793,-6.32,854,710,1130000,3,
3450,-5.53,770,637,10300000,3,
3490,-7.032,562,414,4450000,3,
5020,-8.48,700,533,33100000,3,
409,-10.175,490,298,30600000,3,
4420,-8.37,647,620,21700000,3,
4070,-5.885,839,793,54700000,3,
3460,-3.435,329,928,2600000,3,
2010,-9.338,836,595,14100000,3,
2400,-7.297,567,639,21200000,3,
3740,-4.099,650,900,2520000,3,
3870,-8.145,438,687,5940000,3,
829,-4.475,814,659,155000,3,
4380,-6.737,590,675,5220000,3,
3840,-8.256,759,538,15100000,3,
2340,-5.133,622,883,11600000,3,
3910,-5.602,879,574,51900000,3,
1900,-13.358,731,857,7980000,3,
3300,-5.483,842,827,7200000,3,
2650,-4.87,916,822,648000,3,
3250,-10.07,942,488,732000,3,
297,-9.018,709,586,15700000,3,
281,-5.445,714,671,1580000,3,
3320,-4.952,780,648,26200000,3,
905,-6.556,860,749,34200000,3,
3650,-3.609,448,921,1840000,3,
2120,-2.188,743,870,5950000,3,
2070,-12.028,867,679,3360000,3,
391,-13.523,334,181,76300000,3,
4540,-9.309,925,463,6810000,3,
2560,-6.195,802,759,1470000,3,
500,-8.241,722,700,11100000,3,
1820,-9.312,543,458,79800000,3,
2250,-5.64,734,845,45200000,3,
621,-7.369,865,690,56400000,3,
1770,-6.859,751,744,15200000,3,
4240,-10.458,598,621,10300000,3,
504,-2.066,654,901,110000,3,
3530,-11.776,623,551,23200000,3,
2340,-3.323,816,775,16000000,3,
1630,-5.891,779,705,471000,3,
3700,-6.129,832,749,9980000,3,
759,-7.179,595,727,18600000,3,
969,-8.016,762,516,2880000,3,
361,-7.595,624,652,3840000,3,
3730,-5.2,674,857,51600000,3,
1810,-5.465,458,921,245000,3,
2860,-6.349,578,449,6180000,3,
360,-11.794,371,329,23400000,3,
3710,-5.977,556,516,47600000,3,
1620,-3.538,675,607,3020000,3,
3020,-4.775,827,532,2190000,3,
555,-11.032,582,465,5910000,3,
622,-7.481,854,381,29100000,3,
2940,-8.275,672,674,7510000,3,
4110,-8.815,602,619,32700000,3,
322,-13.667,630,455,79200000,3,
2020,-3.547,896,780,8280000,3,
2350,-8.73,921,668,9490000,3,
1320,-7.916,747,597,43300000,3,
3130,-6.554,618,812,16200000,3,
811,-7.954,663,557,30100000,3,
2800,-9.984,846,795,5720000,3,
908,-6.873,431,683,38600000,3,
1370,-7.715,915,827,4110000,3,
4940,-13.087,941,471,3080000,3,
2690,-3.304,554,922,39400000,3,
4020,-8.965,810,372,846000,3,
4150,-5.834,783,667,27400000,3,
3110,-5.857,775,518,45500000,3,
1780,-8.685,570,431,58300000,3,
2270,-5.717,584,773,404000,3,
4410,-6.992,427,594,11500000,3,
284,-10.083,603,271,67900000,3,
1870,-10.297,551,438,24300000,3,
7.07,-12.477,91.3,,658000,3,
