3.17,-9.451,45.7,1
3.99,-6.475,58.2,1
4.79,-2.023,52.5,1
6.06,-5.985,21,1
16.4,-7.924,69.2,1
2.91,-6.253,52.5,1
6.94,-7.402,44.5,1
2.98,-3.875,45.6,1
8.33,-5.854,45.6,1
7.72,-4.353,45.6,1
3.68,-8.413,89.2,1
2.88,-5.625,55.8,1
4.07,-9.76,50.2,1
2.77,-8.9,59.5,1
9.46,-6.855,18,1
2.98,-9.447,74,1
11.1,-2.497,46.4,1
5.14,-7.34,65.1,1
7.35,-6.136,52.5,1
2.88,-7.193,57.1,1
10.3,-7.574,37.3,1
3.17,-5.659,39.5,1
26.2,-6.401,70.2,1
8.29,-9.788,83.3,1
6.12,-5.024,45.9,1
6.17,-4.404,34.2,1
4.52,-9.799,60,1
3.63,-5.969,56.7,1
11,-14.296,80.1,1
2.59,-6.706,60.4,1
3.01,-7.481,54.2,1
3.34,-7.118,64.4,1
3.16,-10.494,41.5,1
12,-4.563,52.5,1
8.98,-7.24,41.7,1
4.92,-8.199,39.8,1
6.94,-2.919,16.7,1
5.13,-8.192,77.2,1
3.84,-3.501,57.5,1
5.94,-3.938,47.2,1
3.47,-14.722,65.3,1
4.71,-11.342,74.9,1
6.51,-6.147,46.9,1
12,-4.563,52.5,1
4.38,-10.792,55.7,1
3.46,-5.466,70.5,1
3.79,-17.167,16.2,1
22.8,-3.369,60.3,1
3.22,-3.972,64.8,1
4.14,-7.196,30.6,1
3.68,-9.118,81.5,1
4.13,-7.057,51.1,1
4.95,-5.628,74.4,1
3.25,-12.437,52.3,1
4.15,-4.57,47.2,1
5.12,-4.913,57.5,1
3.23,-7.479,58.4,1
3.17,-6.261,72.4,1
15.7,-3.382,40.6,1
5.61,-9.361,53.3,1
4.71,-8.871,45.5,1
3.35,-7.813,23.7,1
6.72,-6.345,22.4,1
9.1,-6.865,52.9,1
6.15,-5.765,53.6,1
37.8,-6.509,44.7,1
4.6,-13.283,71.6,1
7.77,-3.752,25.2,1
8.23,-10.323,60.5,1
6.01,-11.548,89.9,1
3.46,-6.667,46.2,1
3.69,-12.814,15,1
4.23,-9.172,44.7,1
3.62,-7.113,37.5,1
3.65,-19.74,25.2,1
6.54,-11.948,34.5,1
2.99,-9.064,43.1,1
4.91,-3.267,39.8,1
2.84,-9.848,56,1
3.11,-4.551,59.5,1
5.29,-21.903,27.7,1
3.1,-12.442,58.9,1
4,-11.265,83.3,1
9.46,-6.855,18,1
15.9,-5.407,51.3,1
4.5,-9.412,54,1
9.21,-5.962,70.5,1
15.9,-7.85,66.4,1
5.22,-4.609,32.4,1
5.96,-3.913,50.6,1
4.04,-5.19,66.9,1
4.38,-6.135,60.4,1
2.74,-11.1,51.5,1
3.24,-12.034,65.2,1
5,-7.348,66.4,1
3.63,-6.074,43.5,1
42.4,-7.438,67.7,1
7.73,-5.593,55.2,1
2.78,-9.068,56.6,1
20,-10.452,87.5,1
15.9,-5.407,51.3,1
2.98,-9.647,56.7,1
3.58,-10.025,72.4,1
4.03,-10.011,76.6,1
3.74,-9.67,28.6,1
4.83,-8.334,82.5,1
2.87,-8.684,55,1
8.79,-5.14,27.5,1
4.27,-21.361,70.9,1
3.81,-11.002,63.4,1
4.05,-24.21,19.5,1
4.02,-2.553,54.2,1
4.27,-5.009,77.4,1
5.28,-2.945,35.9,1
4.19,-6.886,59.9,1
3.31,-9.897,76.7,1
3.57,-7.866,54.5,1
5.65,-6.406,80.1,1
3.03,-7.066,56.8,1
3.96,-8.97,54.5,1
5.67,-9.387,48.8,1
4.91,-5.436,71.7,1
3.17,-6.261,72.4,1
3.43,-10.196,47,1
24.3,-6.211,35.6,1
6.45,-4.818,76.1,1
3.8,-19.867,30,1
14.6,-4.33,28.9,1
12.8,-3.646,61.6,1
6.78,-9.31,68.8,1
2.74,-5.815,65.3,1
4.94,-15.561,68.3,1
4.13,-8.118,61.5,1
8.6,-12.9,74.7,1
4.17,-7.612,53.6,1
21.9,-3.929,54.1,1
4.51,-8.739,56.7,1
3.05,-6.644,71.3,1
2.66,-9.083,59,1
6.1,-4.881,16.7,1
6.09,-4.091,55.3,1
3.18,-18.496,35.1,1
2.4,-7.943,57.7,1
3.8,-4.405,75.8,1
3.91,-7.748,46.6,1
6.84,-5.994,49.3,1
2.85,-6.086,59.2,1
2.91,-9.051,67.8,1
3.36,-7.805,57.4,1
6.63,-9.576,50.5,1
3.19,-5.457,50.5,1
28.7,-9.144,53.5,1
3.5,-14.665,10.6,1
7.35,-8.007,40.3,1
7.55,-5.209,54.3,1
14.8,-5.434,42.8,1
21.7,-3.686,37.7,1
5.48,-7.287,59.3,1
3.12,-8.106,28,1
15.5,-11.812,86.6,1
4.92,-11.177,41.5,1
4.22,-10.435,14,1
9.43,-6.237,57.2,1
4.19,-29.161,41,1
4.31,-18.188,7.65,1
15.9,-5.407,51.3,1
6.97,-5.634,48.7,1
2.68,-10.322,64,1
3.43,-9.965,22.6,1
5.41,-9.103,39.3,1
4.61,-6.745,41.5,1
3.15,-23.738,28.4,1
2.99,-6.188,59.7,1
3.74,-7.516,64,1
43.9,-10.473,77.7,1
2.62,-4.797,61.8,1
5.45,-5.373,59.8,1
5.81,-9.548,79.3,1
3.76,-12.045,47.8,1
8.36,-4.851,49.7,1
3.9,-6.821,74,1
2.94,-9.199,48.7,1
6.55,-6.237,41,1
4.03,-8.101,56.6,1
3.76,-12.97,16.6,1
3.55,-6.126,68.5,1
4.99,-6.706,37.8,1
3.1,-5.13,68.7,1
3.61,-5.559,59,1
4.24,-6.242,55.1,1
4.13,-5.443,76.4,1
35.7,-7.737,85.9,1
3.26,-14.991,54.8,1
3,-4.124,47.8,1
3.51,-8.188,50.4,1
2.79,-7.239,57.3,1
2.64,-4.275,43.5,1
3.05,-10.624,40.1,1
3.86,-3.902,49.9,1
3.32,-3.959,47.5,1
14.3,-4.523,50.2,1
3.87,-4.701,28.2,1
3.97,-8.6,49.2,1
30.9,-7.675,83.7,1
4.89,-6.684,46.1,1
3.74,-9.192,78,1
2.88,-7.73,60.3,1
3.63,-5.54,55.3,1
8.8,-12.612,77.2,1
5.94,-7.863,56.5,1
2.89,-7.029,61,1
2.8,-5.298,42.4,1
3.62,-4.756,45.7,1
12,-4.352,80.3,1
4.39,-13.407,53.6,1
4,-10.615,65,1
23.6,-4.18,68.7,1
8.32,-5.494,39.1,1
2.92,-7.326,49.9,1
2.56,-6.73,68.5,1
2.95,-9.252,42.1,1
6.44,-9.656,49.1,1
4.46,-8.573,62.3,1
3.44,-4.874,51.9,1
3.94,-4.557,48.1,1
5.62,-6.629,38.5,1
3.95,-7.75,40.9,1
7.44,-5.023,39,1
7.27,-3.724,47.1,1
6.36,-4.314,31.5,1
3.65,-20.924,16.3,1
9.31,-1.531,36.9,1
3.13,-9.659,66.3,1
3.59,-6.973,57.4,1
4.62,-4.744,75.7,1
4.4,-5.966,54.5,1
2.99,-9.951,41.3,1
9.9,-5.633,50.9,1
2.82,-5.635,74.7,1
3.23,-7.596,54.8,1
2.83,-9.56,58.9,1
3.54,-7.742,63.2,1
5.15,-3.97,59.8,1
3.98,-7.195,49.4,1
3.85,-6.108,61.6,1
4.18,-4.906,65.4,1
4,-12.217,41.7,1
3.48,-7.592,23.6,1
3,-7.898,60.3,1
5.54,-4.157,34.4,1
9.32,-1.205,37.7,1
2.75,-7.31,64.6,1
2.93,-4.509,44.3,1
3.34,-5.78,64.5,1
6.13,-8.123,72.1,1
3.01,-5.27,66,1
7.32,-4.436,66.4,1
3.58,-23.396,15.2,1
4.44,-23.502,7.61,1
2.99,-8.363,54.4,1
9.75,-5.005,54.2,1
6.86,-14.68,81,1
3.3,-17.119,18.4,1
11.6,-6.055,45,1
3.4,-6.894,68.1,1
8.38,-18.168,70.3,1
3.74,-4.831,43.1,1
6.73,-4.544,45.7,1
5.04,-7.637,70.4,1
4.7,-8.959,56.5,1
5.79,-8.947,81.2,1
5.26,-5.428,64.3,1
14.1,-5.922,55.1,1
3.44,-5.682,40.1,1
4.02,-16.515,18,1
2.58,-9.129,36,1
3.43,-9.086,46.2,1
3.09,-7.814,71.2,1
23.6,-9.114,38.8,1
6.13,-3.974,41.6,1
2.75,-13.766,67.9,1
4.32,-7.015,33.8,1
8.78,-6.852,31.1,1
11.3,-8.896,72.6,1
21,-3.874,19.8,1
3.81,-2.776,46.3,1
27.4,-8.478,83.3,1
2.58,-10.711,60,1
6.92,-5.707,29.3,1
11.9,-6.104,44.4,1
3.17,-4.631,50.1,1
17.3,-4.774,44.6,1
3.18,-14.131,53.7,1
14.4,-6.501,32.5,1
2.93,-9.956,51.7,1
30.1,-7.509,78.2,1
5.49,-14.173,47.7,1
3.13,-4.413,72,1
4.22,-6.069,28.4,1
7.27,-7.999,26.7,1
6.57,-7.57,74.5,1
2.95,-10.156,51.3,1
4.58,-24.913,34.5,1
4.83,-5.986,66.8,1
2.58,-5.448,67.8,1
12.4,-8.764,47.9,1
12.2,-3.204,46.3,1
9.96,-10.668,68.1,1
8.45,-3.933,73.8,1
4.58,-8.736,59.5,1
2.79,-9.501,57.8,1
7.97,-11.184,80.4,1
2.99,-6.868,41.3,1
4.38,-6.389,42.2,1
6.04,-5.747,68.6,1
3.68,-8.662,52.5,1
3.63,-4.716,66.9,1
5.26,-12.526,73.1,1
4.9,-4.609,39.2,1
3.7,-7.372,61.1,1
14.2,-11.738,51.3,1
5.78,-3.829,73.5,1
14.8,-3.755,49,1
6.12,-5.121,47.2,1
33.2,-10.353,42,1
5.39,-2.432,34.9,1
5.82,-5.301,67.6,1
4.06,-5.988,68.8,1
7.94,-7.401,33.2,1
2.92,-8.647,54.3,1
6.76,-6.903,67.4,1
6.61,-4.395,23.2,1
6.14,-4.561,56.5,1
7.9,-12.48,78.2,1
5.53,-6.918,79,1
5.28,-7.261,59,1
5.46,-5.728,32.9,1
13.9,-5.912,82.4,1
3.57,-12.806,58.4,1
3.79,-5.938,62,1
3.8,-22.668,34.2,1
3.05,-9.822,47.2,1
3.3,-9.313,37.5,1
4.16,-11.248,73.1,1
4.23,-10.503,34.1,1
12.4,-4.168,84.6,1
2.9,-29.399,23.4,1
3.26,-10.114,61.7,1
3.14,-4.824,61.9,1
4.06,-4.581,34.1,1
2.84,-5.205,50.2,1
3.58,-8.116,44.9,1
16.9,-12.593,76.4,1
5.24,-9.776,48.1,1
21.9,-7.182,42.7,1
15.9,-7.566,52.9,1
4.26,-6.983,71,1
3.81,-2.776,46.3,1
29.5,-6.562,74.7,1
4.13,-5.721,55,1
2.87,-9.312,47.6,1
5.33,-4.39,17.3,1
4.17,-7.206,69.1,1
4.61,-15.931,36.1,1
6.75,-8.489,69.3,1
3.09,-8.559,56.9,1
3.74,-5.15,73.3,1
4.87,-7.376,53.8,1
3.63,-10.558,66.2,1
9.23,-3.933,47,1
15.2,-6.188,43.4,1
2.88,-5.33,69.5,1
7.82,-5.582,63.1,1
2.96,-4.46,56.2,1
6,-7.521,33.1,1
2.47,-7.144,53.4,1
3.2,-8.425,60.2,1
6.68,-3.341,60.3,1
5.55,-3.663,35.7,1
5.35,-7.661,55.8,1
3.01,-4.724,52.9,1
4.94,-8.721,71.8,1
11.2,-5.284,27.8,1
3.8,-4.528,47.5,1
7.56,-4.864,81.8,1
4.81,-12.442,50.4,1
10.5,-4.541,43,1
4.33,-6.76,59.8,1
17.7,-3.915,62.5,1
4.48,-2.896,41.2,1
13.2,-5.757,44.1,1
3.11,-11.077,51.6,1
6.36,-9.78,48.2,1
14.6,-4.281,36.4,1
6.5,-3.917,26.2,1
3.44,-5.603,49.3,1
2.9,-7.778,62.9,1
5.65,-4.326,54.5,1
3.4,-6.801,40,1
5.58,-5.823,42.4,1
2.38,-6.574,61,1
3.26,-10.418,70.1,1
4.2,-33.838,25.3,1
12.1,-5.219,47.1,1
2.83,-7.431,53.5,1
7.12,-6.703,70.8,1
6.68,-9.796,76.1,1
2.68,-7.611,45.7,1
2.76,-8.574,57.9,1
10.4,-5.729,27.4,1
23.4,-3.645,54.5,1
7.99,-4.564,39.2,1
3.51,-7.823,58.8,1
5.83,-6.398,70.4,1
3.38,-8.544,25.3,1
3.1,-8.342,68,1
3.99,-6.455,74.5,1
3.01,-3.641,52.2,1
5.08,-4.425,59.3,1
2.81,-10.228,56.4,1
3.55,-8.265,64.4,1
5.04,-2.602,14.7,1
18.2,-5.066,83.6,1
2.61,-8.971,60.5,1
3.16,-5.242,58.8,1
4.09,-5.119,46.9,1
6.61,-10.298,52.3,1
3.19,-5.457,50.5,1
3.15,-8.7,50.3,1
13.5,-9.638,62.6,1
4.83,-5.986,66.8,1
14.1,-6.778,76.1,1
3.28,-5.958,18.4,1
4.4,-5.189,34.3,1
4.46,-8.318,60,1
4.31,-4.04,43.3,1
3.6,-8.475,73.2,1
3.2,-7.48,57,1
3.36,-5.11,48.9,1
11.1,-7.397,59.2,1
3.75,-6.015,39.5,1
4,-12.8,61.8,1
17.7,-5.855,43.9,1
4.8,-9.585,55.9,1
3.9,-17.834,20.6,1
3.51,-9.255,73.3,1
3.99,-11.783,39,1
3.03,-5.857,48.7,1
4.75,-5.67,59.3,1
3.84,-8.604,77.5,1
5.38,-6.954,84.7,1
26.1,-9.635,63.3,1
8.7,-9.036,43.9,1
3.18,-8.276,42.7,1
7.4,-6.104,29.3,1
4.1,-6.547,70,1
6.76,-4.391,60.9,1
22.8,-3.369,60.3,1
5.39,-2.626,51.3,1
2.92,-7.3,65.3,1
5.29,-11.81,50,1
4.12,-12.255,62.3,1
3.47,-10.966,56.1,1
3.43,-5.682,63.7,1
30.7,-13.35,48.2,1
4.14,-7.196,30.6,1
2.67,-5.401,71.2,1
3.16,-7.071,49.4,1
27.8,-5.07,61.3,1
3.66,-8.2,61.6,1
3.02,-5.325,54.8,1
5.52,-6.554,55.9,1
3.19,-5.497,59.3,1
3.12,-17.638,40.1,1
3.77,-8.821,27.7,1
4.59,-3.369,38.5,1
3.62,-13.249,70.6,1
10.3,-5.015,36.4,1
5.14,-12.939,27.5,1
2.69,-5.256,57.6,1
2.47,-7.144,53.4,1
3.27,-11.569,59.4,1
4.22,-10.435,14,1
3.47,-6.219,69.9,1
5.11,-6.198,44.3,1
4.39,-3.886,67.9,1
5.02,-4.87,55.2,1
3.86,-7.079,32.3,1
5.37,-2.427,26.4,1
3.92,-5.559,37.2,1
51.5,-11.965,61.9,1
17.4,-11.856,51.8,1
3.69,-9.556,47.2,1
6.17,-7.338,56.2,1
6.92,-5.959,43.2,1
7.13,-7.839,52.1,1
3.68,-5.505,38.1,1
3.1,-7.495,44.1,1
5.14,-3.47,59.4,1
3.52,-6.619,49.6,1
4.82,-6.475,61.6,1
3.75,-24.389,9.06,1
5.25,-4.489,55.1,1
5.39,-9.618,78,1
6.24,-6.237,43.8,1
4.94,-7.853,43.1,1
4.95,-7.378,63.4,1
10.8,-3.578,58.7,1
2.78,-6.39,48.4,1
7.67,-6.038,41.4,1
4.32,-8.924,36,1
8.47,-10.18,81,1
29,-3.378,27.4,1
3.21,-7.445,60.6,1
4.73,-16.375,27.8,1
6.21,-5.122,49.5,1
3.09,-9.24,62.3,1
26.6,-8.001,80.1,1
3.88,-10.294,65.3,1
5.4,-5.653,54.2,1
3.2,-7.064,36.3,1
17.1,-2.855,26.6,1
3.7,-6.828,52,1
8.15,-10.024,70.5,1
24.9,-4.953,82.3,1
16.5,-6.383,81.8,1
3.47,-13.743,72.9,1
11.3,-9.21,83.6,1
3.81,-2.776,46.3,1
4.36,-10.133,66.7,1
7.19,-4.174,38.1,1
3.03,-7.968,63.1,1
3.04,-15.474,56.2,1
6.42,-4.506,33.9,1
4.59,-7.227,83.5,1
37.2,-10.936,53.1,1
13.2,-4.838,46.8,1
4.46,-5.578,74.1,1
5.69,-8.552,78.7,1
4.15,-7.289,67.9,1
4.23,-4.698,44.6,1
6.44,-3.994,51.6,1
3.78,-5.576,47.1,1
3.39,-8.281,47.9,1
2.93,-4.807,64.9,1
18,-8.907,81.2,1
9.54,-8.27,52.3,1
3.15,-8.354,69.3,1
4.89,-6.025,53.1,1
5.63,-5.201,39,1
5.15,-7.349,41.5,1
4.21,-5.59,24,1
15,-5.464,58.9,1
5.76,-8.932,87.1,1
3.38,-4.777,46.4,1
5.33,-4.138,45.7,1
7.38,-2.696,32.6,1
11.7,-7.627,56.5,1
12.6,-5.801,46.5,1
2.79,-9.728,29,1
3.97,-6.01,63.3,1
3.93,-5.059,46.7,1
5.44,-28.958,51.4,1
3.08,-9.11,31.6,1
2.71,-8.279,54.6,1
3.45,-5.131,79.7,1
6.3,-3.125,55.8,1
4.36,-18.526,8.55,1
3.96,-8.257,43,1
2.77,-11.221,45.6,1
4.26,-6.073,72.4,1
8.58,-5.845,54.7,1
2.72,-12.503,55.1,1
4.07,-9.76,50.2,1
14.9,-4.314,38.9,1
2.84,-3.192,51,1
3.53,-3.789,41,1
4.06,-5.639,50.6,1
4.05,-6.105,38,1
2.95,-9.113,37.9,1
3.86,-7.76,51.6,1
3.15,-5.176,38.5,1
3.38,-5.603,50.2,1
7.88,-6.268,52.7,1
5.82,-5.301,67.6,1
7.4,-5.277,85.5,1
5.39,-2.122,62.7,1
34.3,-11.45,69.5,1
4.97,-10.164,65.3,1
4.19,-4.53,42.5,1
8.11,-5.42,58.3,1
5.71,-7.822,64.1,1
18.6,-6.21,88.7,1
3.43,-5.854,52.8,1
2.9,-6.174,69.7,1
6.59,-4.724,50.5,1
3.92,-4.657,29.4,1
3.62,-6.746,44.6,1
19.9,-4.758,34.8,1
2.78,-7.987,67.6,1
5.8,-7.239,33.9,1
2.76,-6.427,62.7,1
15.7,-3.205,51,1
3.1,-9.357,44.8,1
3.02,-4.722,66,1
3.23,-5.722,64.4,1
12.7,-4.075,63.3,1
3.08,-8.398,55.8,1
5.13,-3.895,56.2,1
4.27,-12.436,62.8,1
6.76,-6.903,67.4,1
3.5,-9.769,32,1
4.53,-9.07,26.6,1
3.15,-8.622,67.5,1
15.2,-11.889,31,1
4.63,-6.625,70.5,1
11.6,-6.384,51,1
3.42,-7.069,43.2,1
3.16,-9.342,38.9,1
3.53,-14.178,51.9,1
3.47,-3.818,70.6,1
3,-10.072,66.9,1
6.92,-5.669,82.4,1
3.65,-8.176,61.6,1
3.55,-6.473,69.4,1
4.38,-9.887,60.2,1
4.01,-4.437,49.3,1
3.92,-7.15,31.8,1
3.29,-9.087,39.5,1
8.49,-5.818,47.9,1
6.75,-6.248,53,1
4.79,-5.931,59.7,1
3.23,-4.837,68.4,1
2.97,-5.703,62.4,1
2.91,-10.916,62.7,1
3.48,-7.592,52.9,1
7.82,-7.767,73.6,1
2.91,-11.233,39.4,1
5.18,-10.434,64.1,1
4.34,-4.991,34.6,1
4.3,-14.209,49.4,1
13.3,-10.39,61.5,1
3.85,-11.493,55,1
3.8,-9.026,31.4,1
3.17,-8.467,50.9,1
3.55,-7.552,57.8,1
8.96,-4.975,54.5,1
3.13,-11.093,55,1
3.99,-6.475,58.2,1
2.65,-6.843,60.3,1
7.59,-10.21,66.1,1
4.37,-3.822,64,1
4.37,-5.49,58.2,1
3.11,-7.085,78,1
2.71,-7.496,74.1,1
12.5,-4.975,58.3,1
3.22,-5.852,46.6,1
3.17,-7.393,56.5,1
2.99,-14.092,32.2,1
6.01,-7.424,68.3,1
7.61,-6.506,39.4,1
3.94,-4.557,48.1,1
3.17,-4.816,60.5,1
2.67,-11.396,54.3,1
4.01,-4.691,39.1,1
4.34,-7.544,78.3,1
6.61,-6.842,60.6,1
6.64,-7.616,57.3,1
22.1,-4.718,63.9,1
7.35,-6.136,52.5,1
4.46,-5.317,48.2,1
3.24,-5.787,41.3,1
11.4,-5.383,40.6,1
3.99,-3.943,58.2,1
4.41,-11.06,71.9,1
8.53,-7.519,59.4,1
4.12,-5.865,53.8,1
6.52,-3.635,58.4,1
3.11,-8.896,76,1
3.69,-6.785,56.3,1
3.4,-12.554,34,1
4.46,-6.356,46.7,1
4.83,-13.319,59.3,1
26.4,-6.174,65.4,1
3.27,-9.258,40.2,1
3.12,-18.251,55.1,1
5.08,-9.41,77.9,1
3.8,-8.998,24.8,1
6.54,-7.086,58.9,1
6.48,-3.816,38.5,1
3,-12.621,73.1,1
4.99,-8.05,79.4,1
4.55,-12.052,78.3,1
6.78,-1.163,33,1
4.26,-4.494,34,1
4.43,-7.646,62.7,1
14,-3.586,37.2,1
5.08,-3.3,44.7,1
3.42,-6.905,24.9,1
3.21,-20.796,27,1
2.77,-4.385,62.5,1
4.04,-7.998,34.1,1
3.44,-5.838,38.3,1
10.5,-5.626,50.6,1
5.89,-3.241,37.5,1
6.11,-10.464,50.3,1
4.27,-7.087,82.6,1
4.68,-5.456,39.8,1
7.62,-3.942,39.2,1
3.64,-5.315,64.4,1
3.5,-6.323,56.8,1
6.41,-6.938,61.8,1
9.1,-8.164,34.5,1
4.05,-7.39,19.6,1
3.7,-9.053,47.4,1
6.92,-7.713,75.6,1
3.92,-6.951,63.8,1
7.62,-7.109,83.7,1
2.74,-5.815,65.3,1
3,-12.621,73.1,1
19.1,-5.192,53.5,1
19.9,-4.758,34.8,1
5.53,-4.956,98.2,1
2.46,-6.195,59,1
2.62,-5.387,59.8,1
3.25,-9.407,49.8,1
2.93,-10.34,54.4,1
3.54,-8.708,52.7,1
2.61,-7.93,60.5,1
2.56,-7.358,59.7,1
8.79,-10.864,65.1,1
2.6,-9.604,56.8,1
4.1,-2.719,68.5,1
3.56,-4.569,67.7,1
3.18,-9.996,45.1,1
3.58,-9.549,56.5,1
5.38,-5.015,45,1
6.47,-6.422,61.5,1
4.52,-3.249,43.8,1
13.3,-6.051,51.3,1
3.68,-6.371,46.4,1
53.9,-13.825,69.6,1
4.56,-5.824,31.9,1
5.59,-5.889,72,1
11.1,-10.754,53.1,1
3.6,-6.869,54.5,1
2.27,-7.619,65,1
5.88,-4.742,55,1
10.3,-3.139,17.6,1
11.3,-1.742,32.3,1
4.17,-9.973,32.9,1
4.41,-3.801,35.2,1
2.49,-6.907,53,1
21.9,-2.874,48.8,1
3.53,-5.619,63.9,1
4.45,-9.941,83,1
3.42,-20.447,9.51,1
3.54,-8.708,52.7,1
3.19,-6.612,46.9,1
8,-5.936,72.4,1
4.52,-7.327,21.5,1
7.84,-7.399,62.4,1
2.77,-7.431,58.9,1
4.35,-3.562,29.4,1
4.37,-15.249,6.35,1
7.83,-5.885,20.9,1
3.2,-9.93,48.1,1
23.9,-7.565,87.1,1
2.78,-8.522,53.9,1
4.83,-7.707,30.4,1
3.22,-5.874,53.7,1
14.4,-9.149,69.7,1
5.15,-3.97,59.8,1
3.31,-9.897,76.7,1
49.6,-4.174,67,1
5.5,-6.659,55.1,1
3.36,-5.438,50.8,1
7.78,-9.711,34.5,1
12.3,-6.602,44.9,1
8,-9.027,67.3,1
4.25,-5.316,81.4,1
37.6,-3.157,62.3,1
4.62,-7.57,88.7,1
3.47,-12.888,52.7,1
3.01,-7.481,54.2,1
2.83,-5.186,64.1,1
2.64,-8.729,56.9,1
3.51,-7.067,53,1
4.58,-6.103,57.3,1
3.71,-4.666,54.9,1
5.17,-6.912,84.2,1
2.76,-9.882,46.5,1
2.58,-9.129,36,1
5.62,-6.952,35.1,1
9.73,-4.771,40,1
4.64,-15.895,55.4,1
10.9,-16.729,57.5,1
5.51,-8.948,48.8,1
9.26,-4.21,31.8,1
13.5,-6.796,91.8,1
5.7,-10.233,71,1
4.61,-4.122,60.7,1
3.08,-5.685,39.1,1
3.11,-5.643,52.5,1
6.08,-12.75,63.6,1
3.03,-6.613,52.7,1
25.1,-9.528,85.4,1
9.02,-3.778,37.6,1
12.8,-7.853,29.7,1
16.2,-7.615,54.3,1
3.37,-5.485,46.8,1
4.34,-4.991,34.6,1
36.8,-6.8,67.7,1
8.91,-8.118,46.3,1
4.52,-3.602,50,1
4.48,-8.451,43.5,1
3.02,-9.149,69.5,1
5.2,-8.201,52.1,1
3.01,-5.284,83.1,1
3.28,-4.687,69.6,1
3.01,-5.413,69.6,1
2.53,-7.369,57.3,1
4.33,-7.7,35.3,1
3.4,-9.664,71.2,1
8.07,-10.017,79.6,1
15,-8.201,46,1
9.64,-10.345,82.4,1
3.29,-6.731,38.1,1
2.54,-6.471,59.9,1
21.2,-4.762,63.9,1
3.11,-5.927,51.1,1
27.4,-8.938,78.4,1
4.87,-14.392,56.2,1
11.9,-5.408,30.7,1
14.7,-3.09,44.1,1
4.84,-9.303,65.8,1
3.02,-11.859,47,1
9.65,-8.744,82.2,1
16.9,-2.59,37.9,1
2.86,-10.493,50.8,1
3.48,-4.262,63.9,1
9.87,-5.972,44.6,1
2.42,-5.975,71.3,1
16.6,-10.751,60.6,1
4.52,-7.327,21.5,1
4.28,-6.255,23.2,1
4.45,-5.338,69.6,1
4.65,-3.857,49.6,1
2.97,-8.862,56.8,1
3.92,-8.954,63.9,1
16.1,-6.944,35,1
3.94,-2.485,41.6,1
7.62,-5.928,46.8,1
48.9,-3.837,52,1
3.65,-7.39,46.8,1
3.72,-9.935,51.5,1
3.21,-8.583,61.6,1
3.29,-6.731,38.1,1
3.92,-6.664,69.8,1
2.98,-8.951,66.6,1
3.4,-5.581,29.3,1
5.26,-8.276,76.4,1
3.95,-6.354,69.7,1
3.95,-8.306,67.7,1
3.47,-6.711,56,1
3.64,-18.822,20,1
7.96,-11.494,33,1
6.13,-8.123,72.1,1
2.85,-6.722,67.8,1
7.59,-8.503,69.4,1
11.4,-2.481,25.1,1
13.9,-7.109,31.3,1
4.05,-21.482,36.6,1
6.86,-3.348,52.1,1
5.43,-9.15,28.9,1
3.62,-4.118,41.3,1
5.81,-6.112,63.3,1
5.95,-11.248,75.4,1
4.56,-5.824,31.9,1
3.27,-6.66,58,1
2.66,-9.339,73.6,1
2.92,-8.412,64.2,1
22.5,-7.975,61.1,1
8.31,-12.34,62,1
6.5,-5.929,75.5,1
2.48,-7.794,63.2,1
29.7,-7.98,63.6,1
7.99,-7.828,72.6,1
2.93,-4.041,50.2,1
9.27,-5.399,83.8,1
2.91,-6.11,64.3,1
3.99,-10.007,65.7,1
3.09,-7.814,71.2,1
4.35,-8.721,46.4,1
3.32,-7.442,49.7,1
5.25,-4.489,55.1,1
3.62,-7.365,70.9,1
9.58,-10.429,52,1
10.2,-7.332,32.4,1
8.73,-6.577,67.7,1
6.13,-5.513,53,1
3.13,-3.817,24.1,1
3.8,-9.026,31.4,1
4.04,-8.482,58.4,1
2.55,-11.908,56,1
10.7,-8.22,62.9,1
2.77,-5.926,57.9,1
3.14,-4.886,32.6,1
3.44,-5.704,55.4,1
6.1,-4.881,16.7,1
3.15,-4.116,26.5,1
4.26,-6.315,58.1,1
4.28,-8.712,76.2,1
6.55,-13.34,76.2,1
9.23,-6.788,18,1
3.55,-5.61,55.2,1
3.33,-7.949,77.4,1
3.58,-7.617,57.2,1
2.87,-5.687,75.1,1
2.57,-9.697,45.6,1
8.59,-7.051,46.3,1
13.8,-11.152,55.1,1
3.68,-10.74,65.9,1
2.97,-3.848,60,1
5.53,-4.796,63.5,1
6.57,-8.265,35,1
35.7,-4.53,87.3,1
4.87,-4.202,42.7,1
3.59,-3.634,44.4,1
4.36,-8.688,46.1,1
4.43,-22.761,36.3,1
7.89,-7.714,27.7,1
4.37,-7.684,47.5,1
5.05,-9.454,66.5,1
5.47,-5.511,58.1,1
4.09,-10.278,56.7,1
7.2,-10.814,69.5,1
11.1,-2.497,46.4,1
4.57,-5.876,50,1
2.67,-8.159,56.3,1
4.25,-9.494,56.1,1
4.09,-12.668,59.3,1
6.14,-4.344,37.9,1
21.9,-8.815,68.9,1
3.35,-4.496,70.1,1
8.65,-8.358,82.8,1
2.77,-7.389,76,1
30.5,-11.127,80.4,1
26.7,-11.08,80.6,1
4.89,-6.102,78.3,1
4.08,-23.791,29.7,1
3.65,-10.855,69.3,1
3.46,-4.272,61.1,1
3.91,-6.358,56.1,1
4.12,-9.885,68.4,1
3.72,-9.214,42.2,1
3.01,-16.608,37.9,1
5.21,-3.628,67.3,1
4.41,-3.31,46.7,1
7.51,-2.218,33.7,1
3.78,-23.323,15.2,1
3.3,-8.387,69.1,1
3.17,-7.099,76.5,1
9.81,-4.882,55.1,1
3.92,-7.15,31.8,1
10.7,0.878,23.5,1
3.66,-9.894,73.3,1
3.21,-4.353,38.9,1
5.36,-3.91,54.2,1
3.92,-8.954,63.9,1
6.75,-6.248,53,1
5.05,-3.945,23.7,1
3.97,-9.765,76.5,1
13.8,-3.632,37.8,1
6.48,-3.816,38.5,1
6.09,-7.014,48.5,1
4.62,-9.002,64.1,1
36.4,-9.755,82,1
4.61,-6.208,72.5,1
3.46,-7.182,53.8,1
7.06,-5.086,24.7,1
6.52,-13.33,74.5,1
2.89,-6.284,71.1,1
6.39,-4.409,55.8,1
7.63,-5.65,38.3,1
33.5,-11.178,96.2,1
3.28,-4.687,69.6,1
8.67,-2.713,68.5,1
3.67,-5.541,41.3,1
3.03,-7.066,56.8,1
3.7,-7.786,44.6,1
8.37,-5.625,53.3,1
3.56,-4.19,53.5,1
4.53,-13.679,75.1,1
3.94,-4.557,48.1,1
2.75,-7.064,69.4,1
2.63,-10.313,61.6,1
4.48,-2.896,41.2,1
11.7,-2.64,11.2,1
3.32,-6.045,39,1
3.07,-4.166,50.3,1
4.01,-10.659,68.8,1
3.37,-8.277,57.1,1
2.96,-11.199,46.6,1
4.48,-7.339,53.1,1
2.8,-6.857,46.2,1
3.34,-8.898,41.9,1
5.19,-4.615,60.6,1
2.64,-7.76,65.7,1
8.55,-9.121,52.1,1
8.52,-4.169,52.6,1
6.14,-9.658,75.5,1
36.6,-3.567,94.3,1
17.7,-4.409,44,1
5.59,-3.658,76.4,1
9.98,-7.038,27.3,1
3.8,-11.098,41.5,1
5.52,-10.153,64.8,1
3.05,-8.576,59.3,1
7.23,-3.281,11.7,1
39.4,-7.872,87.1,1
9.06,-6.514,65.4,1
6.49,-3.278,50.2,1
4.16,-5.576,57.3,1
8.55,-3.435,61.3,1
10.2,-6.679,39.8,1
2.48,-5.71,59.6,1
4.06,-15.87,47.4,1
4.39,-6.47,68,1
3.12,-6.912,48.9,1
3.84,-12.59,68.4,1
2.95,-6.385,53.6,1
13.5,-10.854,26.6,1
6.15,-6.76,39.8,1
7.79,-5.551,67.2,1
9.92,-4.85,32,1
2.82,-10.131,61.8,1
5.35,-4.39,53.5,1
7.57,-1.574,49.2,1
6.69,-15.327,70.8,1
3.48,-27.538,18.1,1
3.23,-7.596,54.8,1
3.36,-12.946,41,1
29.9,-13.649,51.2,1
4.27,-4.364,63.1,1
14.7,-3.09,44.1,1
4.3,-5.338,44.3,1
2.55,-5.436,56.6,1
6.69,-4.636,44.7,1
3.77,-7.137,58,1
2.62,-5.552,60.7,1
6.51,-6.761,16.6,1
3.69,-15.931,54.6,1
17.1,-8.214,34.5,1
4.79,-9.152,48.9,1
7.62,-3.942,39.2,1
5.81,-4.497,85.2,1
10.9,-3.436,38.5,1
5.7,-4.907,50.9,1
3.87,-10.356,88.3,1
10.2,-4.288,49,1
3.9,-5.961,57.7,1
3.28,-13.371,50.6,1
2.76,-6.49,58.2,1
6.23,-4.152,47.7,1
12.4,-3.894,92.4,1
3.67,-10.942,52.1,1
7.47,-5.23,35.2,1
14.2,-3.553,16.1,1
3.12,-5.623,65.9,1
7,-6.872,58.1,1
29,-5.563,62.7,1
3.26,-13.664,31,1
4.61,-5.053,63.3,1
3.11,-7.085,78,1
4.45,-9.677,37,1
5.98,-5.604,48.9,1
7.84,-5.961,77.9,1
6.66,-7.78,50.2,1
3.56,-4.19,53.5,1
3.93,-7.455,61.9,1
2.75,-7.064,69.4,1
28,-2.93,55.2,1
4.34,-10.128,88.3,1
2.88,-6.934,72.5,1
22.3,-8.584,46.9,1
3.43,-23.906,20.1,1
3.9,-6.163,61.8,1
7.35,-10.795,78.5,1
3.91,-9.531,60.3,1
4.07,-9.76,50.2,1
4.15,-8.139,69.3,1
2.84,-3.605,72.2,1
10.2,-4.288,49,1
13.2,-2.13,36.4,1
8.41,-4.245,44.7,1
3.2,-7.305,59.8,1
2.71,-8.269,67.1,1
2.7,-8.153,79.2,1
5.17,-5.852,60.5,1
5.88,-4.35,55.3,1
3.25,-12.437,52.3,1
3.64,-4.151,55.2,1
10.9,-4.238,21,1
3.2,-10.437,68.8,1
15.1,-7.157,77.6,1
5.62,-8.937,67.5,1
3.32,-9.69,72.1,1
3.01,-10.27,60.3,1
4.64,-5.826,49.8,1
6.85,-9.478,40.8,1
4.23,-9.564,35.8,1
5.96,-11.925,32.9,1
2.68,-7.343,46.2,1
3.67,-7.058,71,1
2.81,-5.377,65.4,1
3.11,-5.452,53.3,1
4.02,-9.182,61,1
8.4,-5.59,46,1
4.88,-4.758,52,1
3.8,-3.524,48.9,1
2.77,-8.049,67.4,1
3.65,-8.329,80.5,1
6.63,-4.559,55.7,1
3.77,-8.592,61.3,1
4.63,-6.787,26.3,1
7.31,-5.002,36.8,1
8.18,-9.303,77.3,1
21.7,-6.021,72.7,1
6.05,-12.242,57.6,1
2.57,-6.361,59,1
4.82,-4.45,69.8,1
4.44,-4.555,92,1
9.54,-4.365,42.2,1
4.06,-6.266,51.7,1
3.26,-18.612,15.6,1
5,-4.651,35.8,1
2.42,-7.105,54.2,1
7.84,-5.533,37.1,1
3.7,-10.005,42.5,1
5.65,-7.62,76.3,1
3.23,-9.852,83.5,1
3.16,-5.942,58,1
3.41,-9.946,19.1,1
12.7,-2.371,46.2,1
3.65,-10.855,69.3,1
12.3,-5.683,38.3,1
15.5,-4.224,41.1,1
9.8,-5.297,40.1,1
3.05,-7.135,58.2,1
3.14,-9.424,43.9,1
2.74,-9.536,51.1,1
4.62,-10.888,74,1
3.39,-13.138,58.1,1
4.05,-5.763,59.6,1
4.28,-3.124,41.5,1
8.11,-7.937,67.6,1
4.88,-8.334,36.7,1
2.98,-4.848,68.6,1
9.91,-5.237,39.9,1
8.4,-1.7,30,1
4.54,-6.469,62.1,1
4.25,-8.685,69.7,1
3.24,-9.171,56.7,1
2.84,-3.605,72.2,1
6.2,-4.963,32.7,1
5.01,-9.782,68.7,1
9.34,-9.431,70.4,1
21,-8.906,77,1
18.3,-4.582,79.2,1
2.93,-6.437,49.4,1
7.96,-11.494,33,1
3.59,-3.323,65.2,1
10.1,-4.854,51,1
2.44,-8.955,63.6,1
4.34,-6.13,42.4,1
3.35,-6.537,54.6,1
5.1,-5.502,71.3,1
8.63,-7.165,23.6,1
3.47,-7.144,54.3,1
4.07,-9.357,88.1,1
5.35,-11.02,80.6,1
4.03,-7.533,74.6,1
14.6,-4.866,69.6,1
4.82,-4.45,69.8,1
7.62,-4.939,22.9,1
8.57,-10.469,37.8,1
3.84,-16.843,12.1,1
6.08,-4.96,57.2,1
7.6,-12.683,31.1,1
4.39,-8.124,45.2,1
4.18,-5.196,53.3,1
4.17,-7.612,53.6,1
6,-8.089,36.3,1
19.7,-14.699,20.8,1
3.69,-7.327,41.4,1
14.5,-12.049,45.8,1
7,-3.335,24,1
4.67,-7.686,72.5,1
8.52,-4.169,52.6,1
5.12,-6.17,52.2,1
2.89,-12.505,62.8,1
7.28,-8.53,54.7,1
7.75,-4.046,60.2,1
5.33,-11.535,52.1,1
3.84,-4.364,60.1,1
3.09,-5.924,54.2,1
2.66,-9.339,73.6,1
12.2,-7.902,70.4,1
3.68,-4.845,25.2,1
3.97,-7.543,49.4,1
4.18,-24.035,12.4,1
4.1,-9.251,76.1,1
2.85,-7.805,65.5,1
4.47,-7.007,75.3,1
6.62,-7.44,34.6,1
3.43,-12.766,54.7,1
14.8,-7.658,47.6,1
32,-3.845,28.1,1
31,-5.66,59.8,1
7.65,-5.95,32.4,1
4.19,-5.373,34.3,1
5.45,-5.472,69.6,1
37.2,-10.936,53.1,1
6.47,-4.902,43.6,1
4.94,-9.473,46.9,1
3.09,-14.31,57.3,1
3.21,-10.254,57.5,1
10.1,-4.975,60.9,1
7.1,-6.355,56.7,1
3.21,-4.046,55,1
2.88,-7.881,57.8,1
3.6,-8.475,73.2,1
12.8,-4.955,73.6,1
3.09,-7.249,40.7,1
3.58,-9.832,59.7,1
5.42,-5.243,36.8,1
4.15,-6.301,17.8,1
6.12,-5.024,45.9,1
3.23,-6.261,73.7,1
5.54,-4.157,34.4,1
14.4,-9.149,69.7,1
5.7,-4.907,50.9,1
2.85,-7.646,40.5,1
5.56,-6.686,49.3,1
2.9,-4.914,60.3,1
10.1,-7.649,35.9,1
4.39,-6.129,51,1
3.37,-5.485,46.8,1
12.4,-7.078,32,1
27.3,-11.229,76.3,1
5.8,-14.112,68,1
7.18,-8.564,53.2,1
2.69,-5.855,52.3,1
32.9,-8.622,79.2,1
42.9,-10.563,74.7,1
2.6,-10.917,73.7,1
10.2,-7.332,32.4,1
4.72,-7.718,24.7,1
8.09,-4.442,47.4,1
3.61,-7.832,68.9,1
6.63,-6.827,36,1
2.89,-8.22,49.1,1
5.01,-3.398,44.3,1
4.39,-5.567,36.4,1
4.16,-6.994,74.4,1
3.56,-4.569,67.7,1
3.7,-6.739,57,1
4.91,-6.183,67.3,1
13.8,-3.632,37.8,1
14.3,-5.487,41.4,1
6.8,-7.837,35.6,1
3.36,-4.569,54,1
2.88,-7.73,60.3,1
3.36,-5.11,48.9,1
6.17,-7.338,56.2,1
6.62,-8.305,38.2,1
5.83,-2.696,50.4,1
5.15,-4.556,64.9,1
4.23,-4.698,44.6,1
3.23,-8.808,51.2,1
4.38,-5.543,72.8,1
3.44,-7.258,69.4,1
2.45,-9.412,48.8,1
4.43,-8.967,55.6,1
3.07,-5.34,67.7,1
2.37,-6.537,53,1
3.01,-9.487,47,1
4.35,-5.638,38.3,1
15.7,-3.205,51,1
4.74,-3.662,71.7,1
9.65,-7.652,52.8,1
3.88,-4.025,48.1,1
6.48,-5.734,34.3,1
3.42,-19.926,25.2,1
3.45,-8.347,49.4,1
2.82,-9.279,35.6,1
21.7,-3.496,19.1,1
7.47,-7.655,42.8,1
3.1,-12.442,58.9,1
4.12,-4.941,69.8,1
2.82,-5.222,60.3,1
11.7,-3.795,36,1
3.67,-5.987,77.8,1
5.41,-9.665,79.3,1
5.26,-5.007,52.6,1
7.87,-4.555,55.1,1
3.01,-5.046,42,1
2.55,-10.879,73.6,1
3.17,-9.451,45.7,1
3.14,-6.342,57.1,1
3.16,-9.342,38.9,1
4.36,-6.838,61.9,1
2.91,-5.583,48.3,1
12.9,-6.4,15.8,1
7.16,-5.194,50.2,1
6.36,-9.818,62.3,1
2.92,-7.462,50.2,1
5.84,-6.281,40.6,1
14.4,-8.838,39.3,1
5.52,-10.283,25.6,1
3.46,-25.266,47.7,1
17.7,-6.679,81.8,1
3.46,-2.94,48.3,1
12.6,-5.909,50.9,1
2.48,-4.173,60.6,1
3.21,-9.116,58,1
4.23,-6.48,50.3,1
3.15,-3.534,54,1
6.1,-6.235,49.5,1
4.11,-25.131,46.8,1
2.93,-4.041,50.2,1
4.87,-6.078,42.1,1
6.4,-5.059,73.3,1
2.65,-14.754,44.7,1
3.74,-6.087,55.3,1
14.9,-15.366,79.2,1
3.76,-21.35,25.4,1
3.71,-7.995,59.2,1
3.03,-6.185,58.6,1
4.79,-9.249,50.4,1
5.67,-5.858,46.1,1
6.19,-6.789,64.2,1
2.96,-13.68,51.5,1
3.84,-9.511,43.2,1
3.38,-12.49,58.8,1
4.26,-5.404,42.9,1
6.06,-8.526,53.2,1
14.6,-7.385,76.4,1
5.74,-6.841,58.2,1
3.12,-13.153,44.8,1
2.66,-5.632,51.2,1
3.91,-2.552,42.4,1
9.79,-7.891,57.2,1
4.32,-9.072,43.1,1
3.15,-3.738,47.2,1
6.32,-4.88,61.5,1
12,-4.563,52.5,1
4.22,-6.069,28.4,1
3.92,-11.455,60.7,1
2.43,-7.25,49.8,1
11.3,-8.896,72.6,1
7.74,-2.433,31.8,1
20.9,-7.638,53.1,1
3.9,-3.252,28.8,1
9.83,-10.244,69.9,1
19,-3.203,52.7,1
3.36,-6.455,72.8,1
5.77,-7.358,60.3,1
15.6,-3.094,64.1,1
3.81,-8.041,72.4,1
3.33,-9.954,69.6,1
2.65,-6.289,52.2,1
6.75,-9.954,45.7,1
3.16,-8.677,29.6,1
3.64,-28.021,41.4,1
9.48,-5.976,53.6,1
3.33,-14.01,47.9,1
3.2,-6.142,61.1,1
5.8,-14.112,68,1
4.37,-4.515,50.9,1
3.4,-7.246,60.8,1
7.31,-5.002,36.8,1
3.88,-5.617,34.8,1
2.76,-9.932,58.7,1
4.25,-4.261,52.1,1
7.65,-5.598,48.5,1
4.5,-5.189,52.3,1
3.15,-7.309,54.8,1
4.53,-11.109,53.5,1
4.16,-4.72,48.4,1
4.26,-5.404,42.9,1
5.4,-5.653,54.2,1
4.42,-21.88,54.4,1
5.69,-7.547,47.8,1
5.29,-9.723,72.1,1
3.83,-8.073,58.7,1
3.48,-10.043,72.8,1
7.34,-11.966,43.4,1
8.98,-7.24,41.7,1
12,-4.563,52.5,1
4.55,-6.04,63.2,1
3.12,-9.192,44.6,1
4.89,-7.081,78.2,1
3.67,-12.275,35,1
3.52,-28.619,22.2,1
3.88,-7.955,59.6,1
3.01,-10.114,49.1,1
12.5,-4.195,58.6,1
3.15,-8.622,67.5,1
7.93,-6.622,32.6,1
4.45,-9.886,68.2,1
13,-7.602,13.6,1
5.1,-8.079,45.9,1
3.17,-16.099,56.9,1
5.05,-3.945,23.7,1
22.4,-6.963,81.2,1
3.21,-8.199,59.7,1
5.64,-9.551,63.6,1
8.3,-6.954,26.4,1
9.48,-9.54,81.1,1
8.37,-5.409,89.8,1
5.98,-10.142,68.2,1
4.38,-4.633,69.6,1
17.8,-5.926,56.6,1
7.74,-5.46,52.3,1
3.54,-4.235,54.6,1
14.7,-3.09,44.1,1
7.56,-4.373,46.3,1
3.94,-10.533,51.5,1
6.42,-5.158,63.3,1
11.3,-3.891,49.2,1
3.21,-6.377,34.4,1
4.55,-8.303,39.9,1
3.62,-3.498,57.2,1
8.12,-6.46,65.7,1
3.97,-4.019,36.3,1
5.27,-9.393,58.7,1
5.44,-4.68,55.9,1
6.5,-6.654,67.4,1
5.86,-6.698,17.2,1
34.5,-6.204,48.9,1
5.69,-4.966,50.5,1
4.47,-5.503,42.6,1
4.31,-4.599,53,1
4.69,-4.876,39,1
3.37,-6.526,46,1
5.82,-4.261,65.3,1
3.52,-9.965,61.4,1
4.51,-4.168,36.4,1
3.46,-6.667,46.2,1
2.82,-5.232,49.8,1
2.55,-7.31,50.1,1
2.9,-7.579,50,1
7.28,-8.53,54.7,1
5.25,-5.137,54.6,1
5.42,-26.635,29.7,1
4.31,-5.75,49.3,1
4.74,-6.121,42.6,1
3.65,-6.461,71.2,1
5.89,-5.217,53.3,1
3.37,-7.44,59.6,1
13.4,-3.631,47,1
8.76,-5.545,72.5,1
3.08,-6.781,54.9,1
6.81,-11.213,72.1,1
4.64,-7.39,61.8,1
6.71,-4.33,45.1,1
5.54,-10.068,56.4,1
2.63,-8.202,61.7,1
6.22,-7.38,79.8,1
3.66,-8.171,50.3,1
2.9,-10.229,41.2,1
14.5,-3.248,40,1
3.01,-7.481,54.2,1
7.83,-4.496,58.7,1
3.65,-17.042,21.2,1
6.04,-4.612,39.6,1
3,-12.621,73.1,1
3.71,-17.797,18,1
4.49,-10.419,68.9,1
5.56,-5.883,58.5,1
5.07,-4.592,32.5,1
3.15,-9.066,21.9,1
3.17,-15.432,45.7,1
5.85,-8.279,68.4,1
4.1,-5.373,35,1
3.39,-8.142,61.2,1
9.02,-3.778,37.6,1
5.36,-7.523,76.5,1
2.68,-11.318,75,1
10.5,-5.426,53.8,1
2.93,-5.565,65.4,1
2.66,-9.489,58.6,1
3.67,-4.606,55.6,1
25.9,-4.714,58,1
6.72,-4.155,69,1
19.7,-3.642,65.2,1
3.48,-4.487,58.4,1
11,-8.144,35.2,1
12.2,-7.091,40.1,1
5.05,-4.633,44.4,1
3.92,-6.487,60.1,1
3.08,-2.815,50.7,1
10.8,-4.573,75.8,1
7.19,-4.818,32.3,1
3.99,-6.887,54.6,1
3.64,-5.162,53.4,1
5.58,-4.631,65.8,1
9.43,-7.914,36.1,1
3.37,-9.412,32,1
2.73,-9.158,49.4,1
3.15,-9.574,69.8,1
3.93,-11.77,52.2,1
3.12,-11.381,48.1,1
9.68,-4.739,47,1
2.51,-7.637,54.8,1
5.12,-6.17,52.2,1
3.91,-6.099,46.3,1
4.58,-3.78,22.5,1
12,-13.461,40.8,1
6.97,-8.383,58.3,1
15.7,-2.622,42,1
7.74,-5.655,32.4,1
3.12,-5.048,57.6,1
5.79,-4.361,56.7,1
5.8,-4.761,40,1
7.29,-3.141,38.5,1
8.91,-8.118,46.3,1
2.97,-5.703,62.4,1
4.16,-4.325,17.5,1
3.01,-5.27,66,1
7.93,-5.861,62.5,1
5.8,-6.049,25.8,1
3.88,-4.025,48.1,1
3.93,-7.944,62,1
3.19,-17.301,21.4,1
2.62,-7.305,58.1,1
3.58,-6.128,52.9,1
3.7,-5.204,40.1,1
4.44,-3.175,61.4,1
4.48,-8.216,75.4,1
44.4,-9.157,63.7,1
6.47,-6.592,44.5,1
4.4,-7.631,70.5,1
6.56,-5.166,40.7,1
30.1,-9.069,65,1
8.54,-6.181,83.1,1
7.54,-3.348,48.2,1
24.2,-4.561,51.1,1
3.98,-7.195,49.4,1
3.92,-7.302,61.8,1
4.67,-4.092,64.1,1
3.29,-7.412,44.8,1
4.55,-3.526,26,1
4.33,-11.618,61.1,1
3.06,-9.965,57.9,1
2.68,-6.503,54.6,1
5.38,-9.948,68.2,1
11.3,-1.742,32.3,1
6.75,-8.489,69.3,1
31.8,-8.535,48.1,1
3.19,-5.787,48.3,1
3.54,-6.395,41.4,1
6.4,-5.361,54.6,1
3.01,-10.27,60.3,1
4.11,-5.403,57.2,1
4.65,-7.759,55.3,1
2.81,-6.165,39.2,1
4.75,-4.354,63.6,1
4.95,-4.314,60.1,1
3.44,-6.158,58.4,1
3.52,-5.576,74.3,1
9.69,-8.069,76.5,1
4.09,-5.358,47.2,1
3.63,-11.241,53.7,1
3.96,-11.845,73.6,1
4.39,-7.462,72,1
2.58,-8.101,66,1
3.36,-4.95,48.5,1
2.98,-8.546,51,1
3.11,-6.762,38.4,1
5.68,-11.844,47.1,1
3.72,-3.321,49.3,1
5.59,-7.381,67.3,1
3.62,-18.45,60.4,1
3.47,-6.234,40.9,1
5.67,-6.683,63.1,1
5.01,-3.398,44.3,1
2.88,-7.03,51,1
11.9,1.342,61.5,1
12,-5.231,32.4,1
25.2,-5.877,58.6,1
4.3,-6.367,40.2,1
5.77,-3.912,55.3,1
7.24,-5.578,45.9,1
3.18,-7.355,63.9,1
3.09,-9.391,42.6,1
3.93,-3.34,77.5,1
3.65,-8.176,61.6,1
8.73,-8.924,54.2,1
10.6,-7.652,93.3,1
6.63,-12.691,46.2,1
5.3,-6.072,27.4,1
6.96,-5.119,36.6,1
6.09,-4.091,55.3,1
5.07,-5.143,57.6,1
3.39,-8.656,27.5,1
4.77,-8.188,58.5,1
4.76,-6.622,23.4,1
4.33,-17.859,60.3,1
3.3,-8.18,63.7,1
5.31,-8.057,49,1
3.61,-10.505,40.7,1
3.17,-4.444,80.4,1
8.36,-4.851,49.7,1
2.81,-7.573,70.9,1
5.67,-3.622,57.8,1
2.89,-9.296,62.2,1
2.98,-4.9,55.2,1
5.25,-8.334,43.4,1
4.67,-4.092,64.1,1
8.05,-5.26,50.9,1
3.03,-4.445,72.6,1
11.7,-9.142,66,1
4.85,-8.409,51.4,1
4.58,-30.016,55.8,1
6.68,-9.069,52.2,1
4.71,-8.016,78.8,1
8.71,-5.235,38.6,1
3.32,-7.68,49.1,1
2.81,-7.834,58.6,1
4.05,-4.921,59.1,1
5.75,-6.727,79.7,1
7.99,-7.828,72.6,1
3.02,-6.312,58,1
15.4,-3.292,21.1,1
12.6,-9.902,80.3,1
6.56,-8.097,67,1
3.45,-24.746,46.7,1
4.4,-9.175,61.2,1
2.45,-9.038,63.1,1
3.42,-4.798,63.2,1
4.32,-6.195,63.6,1
2.88,-9.246,55.3,1
4.85,-9.874,34.6,1
2.72,-13.181,45.2,1
13.1,-9.719,47,1
11.8,-3.501,49.2,1
2.91,-4.982,67.3,1
4.19,-32.22,15.8,1
4.05,-23.811,44.8,1
3.17,-7.099,76.5,1
33.3,-8.914,83.7,1
3.45,-5.288,51.6,1
5.17,-5.232,59.3,1
2.9,-8.288,41.5,1
5.12,-4.913,57.5,1
5.46,-5.413,49.8,1
3.26,-8.776,61,1
21.1,-5.082,55.8,1
3.97,-24.814,21.8,1
7.03,-4.313,31.1,1
5.11,-6.198,44.3,1
5.93,-4.671,57.8,1
3.17,-5.379,63,1
2.97,-6.838,72.9,1
3.34,-7.981,61.6,1
4.34,-8.641,65,1
8.13,-1.101,37.4,1
3.24,-5.627,46.4,1
33.5,-8.979,64.6,1
8.62,-6.913,29.1,1
9.19,-4.897,36.8,1
6.13,-5.448,62.6,1
3.53,-14.178,51.9,1
7.84,-10.581,52.9,1
5,-4.484,75.4,1
3.4,-8.581,76.3,1
3.17,-8.155,55.2,1
3.14,-7.537,58.9,1
7.15,-7.271,39.6,1
6.38,-5.48,58.1,1
2.94,-4.281,46,1
5.63,-10.924,57.3,1
4.69,-5.336,49.5,1
2.78,-4.88,56.6,1
26.9,-6.352,57.2,1
5.8,-8.965,82.2,1
4.58,-5.004,68.2,1
8.21,-7.632,52.7,1
7.41,-5.955,38.6,1
5.4,-9.957,41.9,1
6.63,-4.559,55.7,1
2.73,-9.158,49.4,1
3.01,-4.957,62.1,1
13.3,-10.39,61.5,1
11.3,-9.442,59.3,1
5.95,-8.835,59.5,1
3.92,-11.04,65,1
4.44,-4.555,92,1
4.83,-3.868,43.3,1
7.75,-4.808,46.7,1
3.96,-14.288,64.1,1
3.11,-6.708,54.3,1
2.96,-7.922,56.3,1
55,-11.584,94,1
12.3,-8.07,50.8,1
3.51,-11.272,36.2,1
2.74,-13.831,61.5,1
9.68,-4.739,47,1
2.78,-11.842,38.3,1
3.44,-8.106,53.1,1
7.11,-11.795,67.5,1
2.96,-7.656,34,1
4,-10.264,66.7,1
2.66,-8.374,74.4,1
4.49,-5.104,66.6,1
4.36,-5.9,61.1,1
3.31,-12.074,75,1
7.62,-3.942,39.2,1
6.5,-6.654,67.4,1
14.6,-4.866,69.6,1
23.8,-1.226,42.1,1
4.17,-3.027,60.3,1
8.78,-5.823,52.1,1
7.64,-5.214,44.2,1
13.2,-4.838,46.8,1
2.95,-7.489,47.4,1
13.2,-4.109,43.2,1
4.54,-6.869,87.4,1
3.67,-7.058,71,1
14.3,-4.114,47.8,1
23.6,-9.791,67.4,1
3.36,-5.11,48.9,1
2.74,-9.51,66.4,1
2.9,-6.243,65.4,1
16.7,-10.308,81.4,1
2.74,-7.474,55.3,1
2.8,-6.156,66.6,1
5.05,-9.594,42.9,1
3.69,-10.728,56.1,1
11.6,-11.139,72.4,1
5.51,-9.066,28.1,1
4.54,-7.15,50.5,1
13.4,-3.631,47,1
4.4,-4.698,36.7,1
3.94,-9.938,60.8,1
7.41,-10.62,39.9,1
4.65,-11.23,77.2,1
5.7,-3.066,53.3,1
6.9,-8.643,73.9,1
9.04,-4.099,58.3,1
2.86,-6.629,51.6,1
6.8,-6.516,73.3,1
8.89,-4.874,41.5,1
4.15,-14.043,32,1
4.2,-6.916,34.5,1
3.77,-8.821,27.7,1
3.38,-5.23,51,1
3.45,-8.214,62.8,1
2.92,-6.472,33.7,1
18.3,-5.885,38.1,1
4.18,-6.525,63.2,1
4.21,-13.55,82.9,1
3.1,-6.849,40.4,1
48.9,-3.837,52,1
3.56,-4.71,78.5,1
4.53,-6.883,46.1,1
4.91,-4.55,46.3,1
4.69,-9.044,47.1,1
4.31,-8.065,51.9,1
3.27,-8.688,65.3,1
5.89,-4.621,25.8,1
6.13,-5.157,50.5,1
5.62,-6.629,38.5,1
5.92,-8.726,65.1,1
8.43,-7.779,72,1
3.58,-9.726,67,1
4.69,-5.336,49.5,1
2.96,-8.921,47.3,1
2.93,-4.807,64.9,1
13.3,-10.329,27.7,1
4.43,-7.236,60.2,1
5.42,-4.967,72.2,1
2.91,-7.604,28.2,1
4.73,-6.758,52.9,1
8.32,-6.789,70,1
4.94,-10.495,66.9,1
4.26,-6.144,58.1,1
3.1,-8.277,63.4,1
10,-4.261,42.3,1
10.9,-16.729,57.5,1
3.7,-10.144,34.1,1
14.9,-9.635,40.8,1
9.15,-7.47,80.4,1
44.6,-0.846,44.7,1
2.74,-8.603,52.9,1
29.2,-9.83,79.6,1
6.32,-8.258,35.8,1
3.62,-4.236,55.9,1
2.94,-6.345,49.6,1
7.03,-9.761,76.9,1
12.8,-3.6,57,1
3.71,-5.692,28.8,1
14,-3.116,48.1,1
3.52,-9.326,61.8,1
6,-4.728,39.6,1
7.71,-9.978,48.2,1
19.3,-6.419,45.7,1
15.1,-4.881,31.4,1
9.23,-7.634,56.3,1
7.39,-4.439,25.8,1
2.62,-10.769,44,1
5.14,-3.39,32.5,1
7,-5.39,58.6,1
4.51,-7.232,40.6,1
3.58,-6.939,52.5,1
2.87,-6.926,35.6,1
6.48,-7.619,68.5,1
4.52,-7.718,36.8,1
5.87,-9.4,73.6,1
15.7,-4.003,56.2,1
2.9,-4.914,60.3,1
4.98,-9.301,82.3,1
3.17,-7.294,56.9,1
2.95,-9.348,35.8,1
2.53,-7.523,65.7,1
2.6,-7.154,65.3,1
17.7,-5.855,43.9,1
9.7,-4.851,56.1,1
5.71,-5.759,28.7,1
4.44,-3.175,61.4,1
3.2,-13.723,68.8,1
3.29,-4.462,55.2,1
3.07,-9.06,49.1,1
19.3,-6.249,52.9,1
4.48,-8.098,34.4,1
4.1,-5.373,35,1
8.67,-6.239,41.9,1
9.15,-4.465,61,1
2.88,-8.798,48.8,1
5.09,-5.949,64.7,1
3.25,-5.903,72.2,1
8.88,-12.458,36.5,1
4.82,-5.285,39.9,1
8.55,-5.497,67.3,1
4.31,-5.49,74.8,1
3.95,-5.64,56.8,1
3.84,-5.059,76.7,1
3.91,-4.011,50.6,1
24.1,-12.652,46.8,1
3.03,-7.56,41.7,1
5.01,-13.748,34.8,1
9.24,-6.606,33.1,1
22.3,-5.84,77.2,1
6.76,-6.094,62.7,1
2.74,-8.673,60.1,1
4.82,-32.42,20.4,1
2.74,-8.619,62.2,1
11.5,-6.971,53,1
5.43,-3.478,56.8,1
2.62,-5.991,54.9,1
5.11,-6.614,59.9,1
6.34,-8.532,53.4,1
2.78,-9.03,66.3,1
9.75,-4.063,24.9,1
5.12,-4.913,57.5,1
4.11,-5.403,57.2,1
3.83,-5.996,92.9,1
10.6,-7.876,82.9,1
3.23,-12.488,40,1
2.3,-7.297,62,1
3.4,-7.246,60.8,1
6.03,-8.247,57.2,1
2.62,-7.47,52.9,1
6.49,-3.278,50.2,1
6.43,-8.295,71.2,1
3.25,-5.32,33.5,1
5.63,-4.875,74.1,1
7.26,-3.881,29.1,1
4.7,-8.959,56.5,1
4.23,-6.48,50.3,1
4.71,-3.955,66.7,1
7.2,-9.801,61.3,1
3.92,-7.343,49.9,1
8.13,-6.454,53.9,1
5.91,-3.766,47,1
3.34,-7.073,70.9,1
5.61,-6.289,64.4,1
12.8,-7.701,30.4,1
4.39,-3.727,66.8,1
9.43,-6.237,57.2,1
4.21,-8.536,63.5,1
3.33,-18.788,30.8,1
8.62,-6.913,29.1,1
8.78,-6.852,31.1,1
2.98,-7.73,44.8,1
7.37,-2.189,33.4,1
4.35,-4.089,54.7,1
4.39,-6.129,51,1
3.78,-2.815,51.7,1
4.61,-5.787,60.6,1
7.22,-4.471,40.4,1
3.79,-5.505,41.5,1
2.55,-10.492,69,1
3.69,-12.044,56.1,1
3.18,-12.37,59,1
2.96,-10.335,64.8,1
6.08,-20.892,39.5,1
4.1,-9.972,66.1,1
6.3,-4.337,54.4,1
4.4,-7.546,59,1
7.21,-5.084,29.8,1
40,-7.398,69.7,1
3.92,-28.639,12.3,1
8.36,-4.851,49.7,1
33,-4.109,61.9,1
2.63,-8.276,62.5,1
4.24,-6.859,40.9,1
9.49,-5.732,49.8,1
3.58,-7.617,57.2,1
3.41,-9.131,52.5,1
3.3,-5.146,55.2,1
48.9,-3.837,52,1
3.52,-10.629,65.3,1
3.66,-12.373,64.3,1
3.19,-11.832,51.6,1
4.17,-6.121,70.3,1
3.88,-5.918,58,1
3.46,-7.87,47.6,1
4.07,-7.569,50,1
7.97,-11.184,80.4,1
3.09,-6.013,53.4,1
6.87,-6.592,50.8,1
10.2,-7.518,45,1
3.39,-12.156,48.2,1
8.37,-3.822,47.2,1
3.81,-5.931,61.7,1
5.49,-9.28,63,1
19.8,-8.213,71.4,1
3.99,-20.758,26.6,1
2.95,-19.696,52.8,1
5.47,-5.24,58.6,1
6.42,-7.207,62.5,1
5.3,-6.71,31.5,1
7.05,-10.167,20.1,1
17.1,-7.931,30.8,1
4.26,-3.075,59.3,1
10.3,-3.934,62.3,1
7.7,-5.51,76.7,1
6,-11.227,47.6,1
4.98,-7.132,66.4,1
2.69,-4.396,62.8,1
2.51,-6.598,66.2,1
8.46,-4.568,44.2,1
12.4,-5.213,29.1,1
6.47,-6.149,53.9,1
4.49,-4.73,34.8,1
13.2,-10.547,46,1
5.19,-3.366,75.1,1
3.77,-8.821,27.7,1
30.4,-4.215,46.6,1
8.17,-5.456,67.3,1
2.68,-8.938,48.7,1
3.1,-5.651,26.4,1
3.39,-3.529,20.3,1
27.4,-3.438,53.7,1
3.41,-3.923,81.3,1
4.38,-4.117,52.7,1
4.19,-6.258,39.5,1
5.21,-20.682,71.5,1
2.86,-7.369,61.9,1
5.17,-14.981,64,1
9.44,-6.9,76.1,1
5.32,-9.499,78.9,1
4.02,-20.98,41.7,1
3.19,-11.889,61.7,1
10.5,-6.73,77.8,1
3.35,-3.237,56.9,1
6.19,-6.094,58.4,1
3.11,-6.708,54.3,1
3.62,-6.914,55,1
2.94,-5.667,63,1
2.85,-6.818,66.7,1
5.8,-8.965,82.2,1
3.73,-4.083,67.5,1
4.4,-7.539,42.9,1
10.5,-6.212,77.9,1
4.49,-6.023,50.7,1
3.32,-6.301,71.3,1
2.77,-8.209,74.3,1
6.48,-7.857,63.1,1
8.58,-8.984,77.8,1
5.99,-4.924,51.3,1
5.56,-6.853,83.8,1
5.37,-7.273,34.2,1
9.08,-4.603,52.9,1
36.7,-5.274,40.1,1
4.19,-6.161,43.8,1
3.44,-5.682,40.1,1
2.64,-5.589,64.9,1
3.32,-9.111,55.2,1
2.85,-16.917,57.5,1
3.35,-8.823,59,1
8.91,-9.744,84.9,1
2.77,-6.908,48.7,1
2.89,-9.104,55.7,1
2.56,-10.493,59.5,1
42.2,-6.594,81.5,1
38,-8.4,57.4,1
22.1,-7.414,71.2,1
6.23,-9.18,40.4,1
4.22,-10.131,35.3,1
2.84,-5.061,58.9,1
3.97,-5.917,55.6,1
5.23,-3.822,21.4,1
3.1,-8.417,32.4,1
5.22,-8.52,55.4,1
5.05,-14.927,58.7,1
7.07,-8.973,83.2,1
48.9,-3.837,52,1
3.17,-8.311,62.2,1
4.71,-5.346,34.5,1
3.38,-6.711,63.8,1
4.61,-5.787,60.6,1
6.13,-12.43,76.8,1
3.88,-7.955,59.6,1
4.58,-2.74,70.3,1
5.93,-4.671,57.8,1
3.19,-13.104,54.6,1
30.5,-6.245,61.3,1
5.23,-6.731,55.6,1
2.58,-5.444,72.9,1
2.89,-6.544,80.2,1
40.2,-6.477,59.4,1
5.43,-5.407,52.6,1
5.89,-3.241,37.5,1
7.6,-4.463,51.2,1
3.32,-10.74,69.9,1
4.45,-6.696,63.3,1
3.41,-3.923,81.3,1
4.9,-5.691,30,1
3.04,-3.154,68.6,1
3.44,-7.768,70.8,1
2.82,-5.216,59,1
4.55,-6.199,64.9,1
2.59,-8.672,50.5,1
3.47,-7.563,36.1,1
5.56,-7.418,43.4,1
6.7,-5.511,68.5,1
3.22,-12.806,60.1,1
5.22,-8.905,68.4,1
4.66,-5.242,43.9,1
8.18,-7.615,81.3,1
7.03,-5.846,60.6,1
3.06,-18.604,43.6,1
4.64,-4.643,36.7,1
3.41,-8.301,53.3,1
2.92,-6.018,55.6,1
2.97,-5.365,34.3,1
4.98,-9.301,82.3,1
12.5,-16.117,82.9,1
3.8,-7.297,42.9,1
4.38,-6.95,52.8,1
7.99,-7.828,72.6,1
3.27,-6.676,58.8,1
5.37,-8.07,39.5,1
6.6,-10.397,76.7,1
9.43,-8.173,71.3,1
3.85,-5.894,49.5,1
3.36,-7.17,55.4,1
3.87,-9.832,42.3,1
3.83,-3.988,37.3,1
4.23,-6.267,65.5,1
2.61,-8.696,66.2,1
2.75,-13.925,42,1
7.88,-10.16,53.5,1
4.39,-8.369,15,1
2.79,-7.796,62.1,1
3.72,-16.576,7.31,1
10.9,-3.92,36.7,1
4.66,-8.457,42.1,1
2.76,-6.938,58.1,1
2.72,-5.912,49,1
11.1,-10.754,53.1,1
4.81,-6.317,61.2,1
10.1,-7.711,19,1
3.8,-9.418,44.7,1
6.12,-5.024,45.9,1
2.88,-10.394,59.6,1
5.85,-9.994,43.1,1
2.97,-5.703,62.4,1
37.4,-6.81,56.1,1
14.8,-10.12,76.7,1
4.34,-4.991,34.6,1
3.74,-9.149,55.6,1
3.77,-8.592,61.3,1
4.68,-5.596,40.2,1
3.13,-5.624,45.7,1
5.08,-4.425,59.3,1
4.93,-11.264,70.8,1
13.4,-8.906,76,1
3.41,-6.617,40,1
8.38,-3.259,59.1,1
17,-8.054,80.3,1
3.84,-7.122,41.6,1
3.74,-9.67,28.6,1
7.03,-11.098,78.3,1
3.07,-6.734,39.7,1
3.45,-8.347,49.4,1
9.18,-7.632,34.3,1
7.96,-7.839,55.1,1
3.75,-3.423,65.9,1
14.3,-7.197,81.1,1
4.42,-7.218,60.9,1
3.64,-8.002,55.9,1
3,-8.767,77.6,1
3.05,-9.822,47.2,1
5.42,-5.404,42.4,1
3.04,-6.066,65,1
3.3,-11.238,70,1
7.28,-2.666,52.7,1
10,-4.261,42.3,1
2.88,-11.624,67.3,1
3.22,-8.962,61.4,1
3.33,-17.521,29.3,1
3.85,-13.51,50.6,1
3.61,-12.698,33.2,1
7.03,-3.21,31.5,1
4.63,-6.949,23,1
5.04,-5.914,67.1,1
5.79,-5.785,57.1,1
3.61,-10.92,54.1,1
3.06,-6.855,60.7,1
3.57,-6.976,34.5,1
10.2,-3.866,47.8,1
3.27,-9.258,40.2,1
8.1,-14.436,59.9,1
7.3,-6.273,56.2,1
6.81,-3.972,45.8,1
4.59,-6.141,62.6,1
32.1,-10.278,71.3,1
20.8,-5.666,49.2,1
2.88,-8.975,23.6,1
3.83,-3.917,52.9,1
6.24,-11.313,59.5,1
6.39,-8.192,50.1,1
3.57,-10.437,66.9,1
6.64,-9.751,70.7,1
5.1,-11.443,60.4,1
7.59,-8.503,69.4,1
15.8,-2.74,35.7,1
4.06,-8.745,54.5,1
3.73,-8.329,62,1
4.59,-3.361,46.2,1
6.86,-3.348,52.1,1
6.53,-28.013,67.9,1
3.67,-8.154,42.6,1
4.33,-4.448,49.5,1
