8.29,-4.475,81.4,3
29.1,-5.284,66.4,3
48.6,-11.308,84.2,3
23.4,-7.227,63.2,3
26.3,-8.116,84.6,3
51.3,-8.906,92.4,3
26.4,-6.345,81.2,3
22.5,-7.332,63.9,3
51.2,-8.64,87.1,3
44.4,-6.864,74.8,3
5.86,-7.628,46.1,3
7.98,-8.893,79.2,3
2.92,-6.257,65.5,3
25.7,-11.929,70.2,3
7.23,-11.949,84.8,3
10.7,-5.75,61.3,3
24.1,-8.028,78.6,3
19.3,-9.532,85.9,3
5.7,-5.862,76.3,3
39,-6.487,54.1,3
11,-9.532,87.1,3
19.6,-9.147,52.6,3
57.4,-13.05,95.1,3
28.2,-6.56,44.3,3
6.23,-5.218,79.2,3
30.4,-5.626,63.3,3
7.86,-10.638,86,3
20,-8.508,83,3
10.6,-6.341,33.8,3
35.8,-12.261,59.8,3
6.77,-5.917,92.2,3
9.07,-7.644,60,3
4.77,-7.541,57.1,3
61.9,-9.229,58.2,3
19.7,-5.795,93.5,3
4.85,-6.959,78.1,3
21.5,-4.149,66.3,3
35.7,-2.639,41.7,3
25.2,-4.754,84.9,3
3.44,-5.6,58.7,3
18.8,-11.903,94.3,3
20.1,-7.43,70.1,3
9.17,-14.938,86.2,3
42.8,-6.224,72.3,3
33.2,-10.138,58.2,3
40.9,-7.374,85,3
40.3,-8.788,76,3
8.88,-3.878,51.5,3
34.4,-5.76,96.1,3
5.61,-6.363,78.5,3
18.8,-3.392,70.9,3
30.8,-7.08,73.4,3
18.9,-7.654,93.4,3
32.3,-9.303,68,3
3.76,-5.023,51.4,3
4.85,-5.912,61.6,3
16.1,-8.771,74.5,3
6.32,-7.934,80.7,3
10.7,-8.698,85.5,3
34.2,-3.987,61.9,3
23.7,-6.453,89.1,3
10.9,-5.465,70.2,3
44.8,-5.663,86.4,3
9.31,-8.465,69.3,3
6.68,-8.514,78.8,3
42.5,-7.867,86.1,3
42.1,-5.126,67.1,3
3.32,-6.215,66.5,3
18.1,-6.005,81.4,3
31.6,-6.961,74.2,3
31.5,-8.524,59.8,3
25.1,-7.569,78.7,3
31,-6.866,84.8,3
30.2,-10.407,88.6,3
36.6,-2.307,74,3
14,-8.391,62.5,3
19,-5.548,85.2,3
5.26,-9.675,84.6,3
27.6,-7.416,89.8,3
7.36,-7.746,86.8,3
35.3,-8.493,70.9,3
7.48,-8.41,75.5,3
26.9,-6.044,86.8,3
6.12,-4.15,74.9,3
24.4,-6.398,93.3,3
33.9,-8.339,59.1,3
44.9,-12.087,90,3
27.9,-7.266,80.8,3
24.4,-10.412,75,3
15.7,-6.191,83.4,3
45.4,-9.309,92.5,3
14.5,-7.083,90.8,3
21.4,-7.605,45.7,3
44.3,-7.216,82.1,3
25.6,-4.645,96.8,3
44.3,-4.678,56.7,3
11.7,-8.891,89.8,3
31,-6.866,84.8,3
45.6,-16.038,66.7,3
8.36,-4.213,78.1,3
42.5,-7.867,86.1,3
32.6,-8.161,65.7,3
37.9,-6.431,88.1,3
6.45,-6.924,79.9,3
14.1,-7.606,81.2,3
29.4,-3.524,85,3
27,-7.023,67.8,3
36.9,-7.292,87.8,3
46.4,-6.88,60.1,3
37.3,-10.551,47.9,3
8.9,-7.778,56,3
38.6,-10.8,81.7,3
25.8,-8.201,45.4,3
5.07,-4.95,76.2,3
13.2,-6.341,37.9,3
30.5,-7.551,50.3,3
24.6,-3.661,59.1,3
5.91,-6.831,70.4,3
25.4,-5.283,75.4,3
31.2,-6.518,90,3
12.1,-6.256,82.9,3
7.85,-6.071,65.7,3
29.3,-8.812,87.3,3
9.48,-6.341,64,3
15,-6.255,73.4,3
34.9,-6.043,91.1,3
13.8,-11.709,68.1,3
17.8,-6.813,94.3,3
28,-4.09,44.5,3
32.9,-6.97,66.3,3
20.4,-7.408,46.9,3
44.7,-8.381,91.1,3
34.3,-4.095,67.1,3
5.1,-10.359,63.3,3
31.5,-5.994,81.5,3
24.4,-6.398,93.3,3
12.7,-7.081,92.8,3
28.5,-7.111,78.4,3
4.93,-5.176,74,3
30.7,-9.221,90.5,3
48,-6.769,60.1,3
12.3,-6.512,68.3,3
6.47,-7.855,77,3
34.2,-7.181,45.4,3
26.4,-3.058,76.6,3
30.4,-9.003,81.4,3
17.1,-4.053,89.7,3
13.9,-9.929,82.4,3
8.99,-9.859,40.5,3
37.3,-6.959,72.2,3
44.9,-7.915,84.3,3
21.4,-6.791,77.1,3
30.2,-7.392,64.2,3
30.7,-5.799,77.2,3
27.7,-3.542,92.2,3
3.87,-10.743,67.1,3
32.8,-7.251,80,3
3.49,-6.348,66.4,3
25.5,-7.469,66.8,3
30.2,-7.392,64.2,3
4.33,-4.326,68.2,3
30.4,-5.402,73,3
48.7,-10.162,88.8,3
30.7,-9.837,89.4,3
32.6,-5.902,61.5,3
30,-5.061,81,3
40.9,-14.002,62.2,3
8.2,-3.193,88.2,3
37.4,-7.915,67.8,3
32.5,-7.201,86.5,3
33.9,-8.339,59.1,3
29.8,-1.642,63.8,3
19.1,-5.598,94.3,3
43.9,-8.356,85.1,3
29.5,-9.455,58.8,3
30,-7.601,54.6,3
25.8,-7.871,71.1,3
16.8,-2.876,57.3,3
17.7,-6.859,75.1,3
27,-5.438,76.7,3
24.4,-6.398,93.3,3
44.7,-10.146,86.6,3
24.6,-6.832,88.4,3
5.77,-7.47,82.5,3
38.1,-6.844,58.6,3
37.4,-6.812,85.3,3
4.23,-8.054,75.3,3
41,-5.549,63,3
18.8,-6.166,78.3,3
18.7,-10.297,55.1,3
21.6,-6.135,76.7,3
28.7,-5.16,57.1,3
29.8,-8.274,87.6,3
24.1,-8.103,76,3
55,-9.746,78.3,3
16.3,-5.891,77.9,3
5.13,-7.911,87.2,3
35.1,-3.883,47.5,3
40.7,-10.529,64.2,3
29.9,-8.875,60.6,3
27.9,-7.266,80.8,3
18.3,-6.129,71.5,3
40.3,-6.724,70.4,3
24.1,-5.062,91.9,3
40.1,-5.252,78.7,3
5.92,-8.542,80.9,3
28.5,-5.705,86,3
36.4,-6.822,89.3,3
24.5,-5.183,81.4,3
12.3,-9.737,64.5,3
32.4,-7.86,90.4,3
50.6,-8.937,91.8,3
8.3,-10.666,73.1,3
7.65,-4.998,55,3
25.9,-3.583,70.1,3
19.5,-13.178,67,3
16.7,-3.22,60.7,3
41.2,-11.792,59,3
22.2,-8.013,84.1,3
11.2,-9.452,80.5,3
7.65,-13.433,59.6,3
38.1,-11.035,83.4,3
27.6,-5.679,84.1,3
38.1,-5.394,83.3,3
18.8,-8.739,91.5,3
18.9,-4.618,85.6,3
24.9,-5.096,56.5,3
18.7,-4.639,86.9,3
6.3,-14.439,67.7,3
28.2,-7.482,59.7,3
7.08,-7.135,57.9,3
24,-6.587,74.7,3
31.8,-3.402,59.2,3
11.7,-5.642,82.2,3
45.8,-11.12,47.9,3
18.9,-10.489,87.1,3
6.61,-5.882,89.5,3
34.1,-14.004,79.5,3
39.1,-5.602,87.9,3
10.7,-4.243,90.8,3
9.96,-8.275,82.9,3
16.3,-6.091,88,3
25.3,0.119,78,3
34,-8.425,87.4,3
4.43,-5.768,63.8,3
25.5,-6.676,84,3
8.53,-7.758,74.1,3
33.2,-5.268,47.3,3
37.2,-7.727,75.4,3
28.5,-7.111,78.4,3
37.7,-8.367,57.3,3
16.6,-6.689,69,3
17.5,-9.949,86.3,3
51.2,-8.64,87.1,3
37.2,-10.936,53.1,3
4.12,-9.74,79.7,3
24.6,-11.169,77,3
11.3,-6.002,84.9,3
10.2,-5.81,84.7,3
34.4,-5.647,40.8,3
3.94,-11.718,34.9,3
32.6,-8.161,65.7,3
26.4,-6.777,60.9,3
3.44,-4.688,67.7,3
28.1,-7.619,89.4,3
20,-9.358,88.7,3
21.9,-8.469,85.4,3
13.7,-4.523,86.3,3
11.4,-6.623,71.9,3
35,-7.249,67.2,3
24.2,-9.144,87.2,3
33.4,-8.21,55.2,3
25.3,-7.813,83.2,3
17.3,-6.264,85.3,3
3.6,-4.954,82.9,3
11.4,-6.613,31.3,3
25.2,-8.746,53.9,3
35,-6.788,78.7,3
3.95,-3.936,55.4,3
36.1,-9.821,76.4,3
6.61,-3.228,69.3,3
47.4,-11.384,46.2,3
28.3,-6.381,73.4,3
4.85,-4.964,85.4,3
32.2,-5.843,59,3
39.3,-7.277,61.9,3
25.2,-8.08,87.8,3
9.39,-6.361,55.6,3
13.4,-6.604,83.8,3
15.6,-3.905,93.2,3
11.6,-8.449,93,3
33.2,-7.953,56.8,3
11,-7.407,52.8,3
34.5,-5.53,77,3
27.9,-6.123,76.6,3
21.4,-6.315,80,3
8.99,-9.859,40.5,3
8.32,-6.792,75.3,3
3.48,-7.454,77,3
89.1,-18.816,68.8,3
10.5,-7.406,48.8,3
6.98,-6.065,93.4,3
18.9,-9.233,76,3
8.93,-7.372,73.1,3
20.1,-9.338,83.6,3
51.5,-13.165,76.4,3
13.9,-4.505,88.1,3
37.8,-6.579,76.9,3
22,-9.995,89.4,3
40.4,-4.666,85.8,3
35,-14.123,65.1,3
18.9,-4.827,78.2,3
25.9,-7.172,66.2,3
26.6,-10.401,80.4,3
4.02,-8.134,80.8,3
33.3,-7.368,42.3,3
50.2,-6.995,95.7,3
11.1,-5.242,75.9,3
36.3,-8.225,81,3
18.9,-4.827,78.2,3
28.6,-5.623,55,3
22.2,-12.625,77.5,3
2.85,-14.28,63.8,3
27.1,-6.257,69.2,3
29.3,-8.375,92.8,3
20.2,-6.445,74.4,3
34.6,-8.827,83.1,3
33.2,-8.193,87,3
36,-7.128,83,3
20.9,-8.066,75.2,3
13.6,-8.899,82.3,3
22.8,-6.081,41.2,3
5.84,-6.851,73.2,3
36.6,-4.468,62.7,3
22.3,-9.511,78.9,3
37.5,-8.424,49.4,3
21.1,-7.232,93.9,3
44.9,-7.915,84.3,3
11,-9.094,55.7,3
6.61,-5.882,89.5,3
28.2,-6.128,88.5,3
4.61,-6.371,77,3
10.2,-5.81,84.7,3
30.9,-4.707,93.4,3
39.2,-14.029,76.6,3
2.86,-3.541,76.2,3
22.5,-4.433,60.7,3
4.51,-8.448,57.9,3
33,-8.435,91.4,3
35.8,-5.053,58.2,3
12,-5.782,66.9,3
25.3,-3.18,92,3
5.4,-6.588,59.8,3
29.5,-7.684,68.9,3
29.6,-9.673,89,3
28.8,-8.357,82.1,3
9.29,-3.704,76.3,3
4.89,-6.06,74.8,3
10.6,-5.525,77,3
36.5,-12.194,84.1,3
22.2,-3.944,83.4,3
3,-10.277,70,3
28.7,-5.16,57.1,3
12.1,-5.616,58.4,3
33.3,-8.742,58.4,3
8.91,-8.36,77.4,3
30.9,-4.707,93.4,3
17.2,-5.993,84.2,3
6.64,-2.261,72.7,3
93.7,-19.061,74.5,3
17.8,-18.273,78.7,3
47.4,-8.393,52.9,3
41,-5.549,63,3
20.1,-7.43,70.1,3
3.81,-7.784,60.1,3
27.7,-7.452,90.1,3
3.47,-10.071,21.2,3
50.7,-8.922,84.3,3
17,-8.458,96.5,3
22.7,-5.7,52.9,3
33,-13.115,60.8,3
4.59,-7.227,83.5,3
18.6,-3.237,54.8,3
3.17,-8.764,59.8,3
43.7,-3.198,84.3,3
4.32,-10.798,69.5,3
43.7,-8.687,95.9,3
26.8,-5.691,79.9,3
7.93,-16.454,75.5,3
9.01,-5.684,60.3,3
21.6,-6.135,76.7,3
52,-6.815,54.2,3
14.3,-4.949,85.5,3
34.4,-8.245,83.2,3
29.8,-8.728,76,3
44.2,-4.639,81.2,3
15.6,-7.461,75,3
28.6,-4.053,47.7,3
16.9,-3.657,83.1,3
28.3,-5.603,88.4,3
17.8,-8.685,57,3
36.2,-5.935,65.2,3
24.5,-9.849,42.1,3
33.2,-4.848,62.9,3
5.83,-3.513,83.6,3
5.39,-7.636,90.7,3
34.7,-5.196,84.2,3
39,-12.064,66.3,3
39.5,-8.273,73.4,3
28.1,-7.619,89.4,3
27.6,-7.127,54.3,3
4.61,-7.327,66.4,3
14.8,-7.332,85.8,3
26.4,-6.345,81.2,3
20.1,-5.139,85,3
26.4,-5.507,67.4,3
16.7,-5.215,73.5,3
21.3,-8.301,44.8,3
36.8,-5.019,89.7,3
24.6,-5.718,64.8,3
13.9,-7.679,82.5,3
27.9,-4.384,79.7,3
17.3,-6.016,76.2,3
13.2,-6.362,92.4,3
3.8,-5.043,61.7,3
6.47,-7.855,77,3
34.2,-5.26,80.8,3
36.8,-6.492,76,3
30.7,-7.131,86,3
4.61,-7.327,66.4,3
35.7,-8.043,88.3,3
17.7,-7.346,61.3,3
15.8,-4.928,60,3
26.4,-4.616,68.6,3
12,-6.965,61.3,3
19.4,-4.077,58.6,3
42.4,-11.618,53,3
48.1,-4.857,56.6,3
30.2,-7.392,64.2,3
33.1,-9.79,50.6,3
28.1,-10.896,83.1,3
7.38,-1.597,55.5,3
12.6,-5.849,59.4,3
36,-4.391,88.6,3
17.4,-9.785,81.7,3
40,-6.483,80.6,3
18.7,-10.297,55.1,3
20.4,-7.408,46.9,3
31.8,-7.253,73.9,3
32.4,-7.86,90.4,3
28.8,-4.674,86.7,3
36.9,-5.912,56.6,3
23.8,-4.116,65.2,3
36.2,-7.939,87.1,3
26.6,-8.145,75.9,3
29.6,-8.723,88.3,3
32.9,-5.245,80.1,3
35.1,-4.77,70.4,3
31.8,-10.331,89,3
5.55,-11.032,58.2,3
3.28,-15.35,40.8,3
4.7,-10.013,59.8,3
26.7,-4.502,85.9,3
40.2,-5.518,41.6,3
22.6,-5.24,92,3
6.96,-8.116,56.5,3
23.4,-10.262,69.5,3
26.1,-9.989,74.3,3
30,-5.105,65.8,3
36.5,-13.297,85.6,3
35.4,-13.57,91.3,3
29.4,-5.068,60.5,3
35.2,-5.058,63.4,3
29.4,-4.946,80.3,3
49.3,-8.715,56.5,3
10.9,-8.411,77.7,3
28.6,-4.053,47.7,3
32.8,-11.81,69,3
19.3,-6.465,48.4,3
36.3,-5.508,52,3
9.35,-3.412,69.5,3
11.1,-6.737,46.1,3
8.91,-8.36,77.4,3
28.5,-8.667,86.1,3
24.7,-9.369,79.7,3
33.2,-9.535,75.5,3
29.9,-7.928,77.3,3
4.38,-6.699,80.4,3
5.41,-8.619,91.4,3
19.8,-5.387,83.3,3
44,-19.112,97,3
4.23,-6.807,75.1,3
3.04,-11.051,38.4,3
13.3,-4.861,82.4,3
19.3,-6.323,85,3
34.3,-7.08,61.4,3
20.5,-4.646,77,3
26.4,-5.18,90.8,3
23.7,-8.534,90.3,3
37.9,-6.431,88.1,3
54,-14.163,71.3,3
30.5,-6.137,80.7,3
4.34,-2.491,35.2,3
27.5,-6.775,84.9,3
17.5,-13.752,83.4,3
22,-14.901,83.5,3
52.5,-7.009,87.7,3
17.6,-3.053,83.3,3
20.2,-3.547,89.6,3
12.1,-5.616,58.4,3
16.8,-7.096,80.6,3
26.5,-6.841,52.8,3
13,-4.234,85.9,3
25.3,-5.197,50.8,3
5,-5.817,82.4,3
3.82,-7.04,74.9,3
13.2,-6.362,92.4,3
44.5,-10.479,84.9,3
4.71,-10.88,70,3
24.6,-6.832,88.4,3
4.85,-6.959,78.1,3
20.8,-5.004,77,3
15.3,-8.3,87.4,3
19.5,-13.725,78.1,3
40,-5.422,48.2,3
24,-5.921,87.6,3
20.3,-12.683,81.5,3
4.73,-6.548,80.6,3
17.8,-8.685,57,3
31.8,-6.233,86.9,3
6.76,-10.248,61.8,3
11,-9.781,77.3,3
30.3,-6.119,73.4,3
5.24,-8.823,72.7,3
20.8,-3.695,88.3,3
29,-4.384,78.6,3
36.2,-5.061,80.1,3
26.6,-9.105,85.4,3
39.1,-5.602,87.9,3
4.61,-6.291,75.3,3
16.8,-2.876,57.3,3
29.9,-4.982,76.5,3
17.8,-6.813,94.3,3
23.8,-5.644,82.8,3
28,-9.157,72.1,3
29.5,-7.337,82.1,3
16.6,-9.238,57,3
33.5,-8.109,82.7,3
12,-5.782,66.9,3
35.4,-4.624,52,3
14.2,-10.315,61.3,3
10.3,-10.196,92.8,3
20.6,-10.472,66.9,3
4.78,-4.138,53.9,3
39.2,-6.295,85.6,3
17.7,-5.188,75.3,3
39.7,-5.277,71.3,3
26.4,-5.18,90.8,3
26.3,-6.732,90.1,3
4.86,-6.819,63.3,3
25.6,-9.208,62.9,3
27.9,-2.902,83.6,3
34.6,-4.655,82.9,3
15.8,-9.707,79.5,3
7.85,-6.071,65.7,3
56.4,-9.659,62,3
33.4,-6.433,86.7,3
13,-6.359,85.4,3
40.6,-4.309,83.3,3
31.5,-8.849,85.4,3
25,-5.768,47.6,3
28.9,-8.216,59.3,3
26.9,-5.946,84.3,3
27.9,-8.822,80.3,3
31.7,-3.112,90.7,3
28.5,-3.707,73.6,3
13.7,-6.159,85.4,3
22.1,-8.155,33.7,3
8.62,-10.923,78.5,3
5.14,-7.648,71.6,3
16.6,-5.293,73.1,3
14.7,-8.266,82.6,3
6.6,-9.529,70.6,3
35.4,-5.566,56.5,3
16.3,-5.212,55,3
43.3,-6.08,63.4,3
29.9,-8.631,94.3,3
24,-6.587,74.7,3
47.9,-9.839,66.8,3
11.8,-5.851,58.2,3
44.9,-6.656,55,3
3.49,-7.753,62.6,3
2.86,-6.442,66.9,3
21.4,-3.563,77.3,3
22.2,-8.013,84.1,3
15.2,-6.682,61,3
16.8,-2.876,57.3,3
43.3,-5.763,69.3,3
7.6,-8.501,68.7,3
26.9,-5.878,87.5,3
4.09,-6.876,79.2,3
9.34,-6.803,84.6,3
4.61,-7.327,66.4,3
28.9,-7.913,81.5,3
8.61,-5.033,51.4,3
25.8,-2.847,28.7,3
6.25,-6.113,72.2,3
30.4,-5.429,36.4,3
23.3,-6.429,69.1,3
40.7,-5.885,83.9,3
34.5,-14.346,85.7,3
24.6,-6.874,77.4,3
84,-18.856,71,3
15,-9.929,74.8,3
27,-7.58,79.5,3
10.2,-5.81,84.7,3
15.2,-3.723,83.1,3
35.3,-8.482,56.1,3
40.3,-8.788,76,3
4.36,-6.762,73.9,3
30.5,-4.914,80.5,3
15.7,-10.139,71.5,3
6.49,-6.261,71.2,3
3.74,-8.623,62.5,3
6.02,-8.259,83.2,3
29.1,-9.964,65.2,3
18.9,-10.489,87.1,3
35.3,-5.55,88.5,3
21.2,-9.575,86.6,3
31.8,-9.313,78.8,3
8.29,-4.475,81.4,3
18.8,-4.293,54.9,3
34.5,-7.961,59.3,3
20.2,-4.574,81.9,3
13.8,-5.701,90.2,3
6.91,-6.834,96.6,3
8.9,-7.778,56,3
35,-7.968,88.3,3
29.9,-8.631,94.3,3
10.9,-3.161,61.5,3
49.7,-10.288,57.9,3
38.9,-8.254,85.2,3
25.6,-6.855,94.3,3
30.3,-6.06,88.5,3
6.49,-6.163,79.4,3
29.9,-7.439,72,3
29.9,-3.507,76.3,3
4.61,-6.208,72.5,3
3.62,-5.042,74.3,3
5.89,-9.545,41,3
31.1,-9.295,88.7,3
86.2,-17.369,56.5,3
48,-5.542,86,3
32.1,-4.55,45.3,3
18.9,-7.593,77.3,3
24.1,-4.821,74.8,3
37.8,-10.588,83.1,3
38.7,-1.765,63.4,3
3.56,-7.061,64.4,3
7.95,-6.824,71.7,3
30.8,-7.08,73.4,3
24.6,-8.633,61.3,3
27.8,-7.832,74.8,3
5.62,-4.226,72,3
25.9,-7.158,85.3,3
51.2,-8.64,87.1,3
7.78,-8.864,87.8,3
35.2,-11.691,83.7,3
6.57,-6.032,66.9,3
24.9,-5.891,85.9,3
26.5,-6.953,82.5,3
31.1,-10.289,82,3
41.1,-8.385,78.1,3
22,-6.343,66.6,3
26.6,-8.233,55.3,3
28.6,-4.053,47.7,3
33.2,-7.905,72.5,3
3.41,-6.747,25.8,3
16.6,-9.238,57,3
28.6,-6.349,57.8,3
39.7,-7.686,91.2,3
32,-5.658,91.4,3
21.4,-8.317,77.9,3
42.4,-6.674,96.8,3
18.4,-9.924,65.9,3
14.4,-7.488,85.5,3
8.82,-8.339,56.1,3
27.6,-6.207,56.4,3
17.6,-8.604,81.3,3
22.4,-3.965,92.8,3
18.7,-10.297,55.1,3
8.57,-3.829,95.7,3
34.2,-5.712,89,3
24.2,-5.369,64.8,3
53,-10.013,54.2,3
55.1,-12.698,66.9,3
33,-9.943,62.6,3
19.5,-7.077,60,3
2.82,-4.022,66.6,3
16,-11.982,74.2,3
12.4,-6.531,61.9,3
55.9,-10.073,82.7,3
38.4,-8.256,75.9,3
22.4,-3.965,92.8,3
20,-9.358,88.7,3
39.2,-8.683,88.9,3
26.8,-6.249,68.6,3
3.31,-5.758,78.9,3
30.3,-5.141,73.5,3
34.8,-5.709,67.1,3
43,-6.645,75.8,3
30.3,-4.644,57.9,3
4.17,-7.639,76,3
7.52,-7.328,95.3,3
37.8,-8.619,77.4,3
67.8,-25.831,69.7,3
30.5,-5.348,75.3,3
18.7,-6.173,72.5,3
11.9,-4.01,65.5,3
25.9,-4.936,77.8,3
32.4,-7.86,90.4,3
28.5,-7.111,78.4,3
6.91,-2.906,75.7,3
20,-5.428,89.8,3
7.72,-8.81,75.9,3
41.7,-7.824,61.9,3
5.45,-5.653,75.1,3
44.3,-8.024,83.1,3
16.3,-5.212,55,3
39.9,-7.587,85.8,3
25.4,-9.414,81.2,3
33.8,-6.18,85,3
5.98,-5.528,68.2,3
4.59,-5.537,58,3
33,-6.855,80.8,3
22.8,-3.938,74.1,3
20.7,-5.438,72.1,3
13,-13.497,86.3,3
22.7,-2.909,78,3
8.47,-11.824,77.7,3
18.4,-4.711,84.5,3
24.2,-7.072,84.2,3
6.8,-7.057,76.8,3
31.6,-5.364,73.8,3
16.8,-2.876,57.3,3
24.6,-8.633,61.3,3
34.9,-4.972,86.3,3
37.5,-6.351,87.4,3
41.7,-9.363,62.5,3
34.9,-13.819,94.7,3
10,-7.949,78.3,3
7.57,-13.912,81.8,3
39.8,-8.298,49.4,3
23.8,-6.082,62.8,3
22.8,-7.744,77.5,3
9.78,-5.324,74.6,3
39.2,-7.426,79.3,3
31.1,-10.289,82,3
56.2,-6.917,56.7,3
9.65,-5.756,79.5,3
16.3,-6.091,88,3
4.32,-7.592,85.4,3
12.5,-7.6,71.9,3
41.3,-7.075,93.8,3
33,-5.483,84.2,3
37.1,-1.404,41.5,3
2.96,-3.825,69.6,3
16.9,-3.657,83.1,3
29.8,-4.132,77.9,3
4.59,-6.167,75.9,3
13.8,-5.701,90.2,3
11.7,-6.393,32.2,3
4.85,-6.959,78.1,3
6.71,-12.929,72.6,3
24.5,-3.326,84.7,3
32.8,-4.192,75.4,3
17.3,-6.264,85.3,3
28.1,-12.644,86.3,3
27.9,-7.266,80.8,3
11.1,-6.522,72.5,3
42.2,-11.034,61.4,3
27.7,-5.405,83.5,3
11.1,-5.617,75.9,3
9.13,-6.865,77.8,3
34.9,-7.307,84.9,3
20.9,-8.066,75.2,3
40.7,-8.093,55.4,3
29.9,-3.621,85.4,3
43.7,-8.687,95.9,3
9.32,-4.555,77.7,3
36.8,-5.019,89.7,3
22.5,-10.516,72.7,3
24.6,-8.128,49.3,3
14.3,-4.949,85.5,3
32,-9.745,78,3
6.66,-8.915,43.1,3
11.7,-8.891,89.8,3
49.4,-11.498,51.5,3
10.5,-8.479,84.9,3
30.3,-7.351,85.1,3
4.4,-5.334,82.6,3
30.7,-7.366,88.1,3
20.2,-4.574,81.9,3
25.6,-4.092,92.4,3
27.6,-6.207,56.4,3
61.9,-9.229,58.2,3
38.3,-7.441,75.1,3
21.3,-3.28,87,3
4.37,-5.451,52.6,3
16.4,-10.659,67.8,3
51.3,-8.906,92.4,3
30.2,-9.769,67.2,3
25.7,-8.694,41.8,3
42.7,-11.089,91.2,3
11.4,-7.444,88,3
36.1,-6.489,92.8,3
35.2,-9.496,79.1,3
24.5,-8.926,53.5,3
16.3,-6.091,88,3
20.6,-6.175,77.2,3
39.8,-7.977,66.3,3
20.9,-9.24,53.6,3
26.2,-6.235,51.7,3
13.6,-7.16,79.4,3
34.4,-8.455,55.2,3
6.75,-7.584,77.6,3
39.7,-7.686,91.2,3
4.55,-10.245,41.2,3
39.2,-8.683,88.9,3
44.3,-2.975,42.8,3
52.8,-7.115,70.7,3
49.6,-6.806,74.3,3
3.52,-4.574,68.1,3
14,-6.307,88,3
25.5,-6.756,89.6,3
31.8,-6.233,86.9,3
27.9,-5.924,64.6,3
18.5,-5.873,93.4,3
34.2,-4.912,55.2,3
34,-8.425,87.4,3
4.08,-19.157,71.5,3
4,-4.078,64.4,3
8.2,-3.193,88.2,3
9.9,-6.84,80.7,3
16.8,-2.876,57.3,3
39.9,-8.289,38.9,3
20.1,-9.338,83.6,3
10.7,-4.243,90.8,3
50,-8.794,88.1,3
7.03,-5.369,78.3,3
26.6,-12.029,79.9,3
7.6,-6.769,87.1,3
23.1,-6.526,83.6,3
24.3,-28.807,72.1,3
34.8,-5.572,62.9,3
27.4,-9.428,83.6,3
35.3,-8.914,69.5,3
33.5,-6.533,27.9,3
31.5,-4.393,63,3
55.9,-10.073,82.7,3
21.4,-8.497,81.1,3
50.8,-5.893,73.1,3
36.3,-4.59,72.2,3
39.2,-5.732,73.3,3
20.7,-12.38,55.8,3
23.7,-14.728,88.1,3
29.3,-7.069,80.1,3
15.3,-10.884,87.4,3
35.6,-3.463,64.7,3
21.2,-6.063,88.3,3
3.75,-5.631,77.6,3
19,-5.717,48.9,3
6.52,-14.268,84.3,3
20.6,-4.768,93.7,3
3.11,-8.756,13.8,3
3.83,-6.866,55.1,3
15.1,-6.118,79.1,3
34.8,-4.013,54.3,3
72.3,-23.295,61.9,3
26.1,-8.078,71.6,3
20.3,-5.431,73.4,3
24.8,-9.282,86.3,3
22.1,-7.638,95.3,3
27.4,-8.938,78.4,3
25.8,-9.707,43.4,3
16.2,-5.992,70.6,3
26.8,-4.856,69.9,3
40.6,-7.388,73.2,3
7.86,-10.638,86,3
4.81,-6.392,82.1,3
23.8,-4.116,65.2,3
4.84,-9.159,80.5,3
10.5,-9.332,55.2,3
39.4,-10.503,82.3,3
34,-8.425,87.4,3
21.3,-5.995,95.6,3
28.6,-9.448,72.6,3
33.2,-4.952,78,3
20.3,-9.053,89.7,3
23.8,-7.784,73,3
15.6,-3.905,93.2,3
28.2,-6.128,88.5,3
10.6,-13.14,70.9,3
36.4,-5.143,66,3
30.9,-4.707,93.4,3
14,-8.323,84,3
15.3,-7.858,61.7,3
26.5,-4.753,44.2,3
10.6,-6.11,94.8,3
33.1,-9.79,50.6,3
28.5,-13.207,79.6,3
7.6,-11.721,54.4,3
40.1,-10.526,49.8,3
32,-5.591,71.5,3
14.3,-5.324,85.6,3
15.4,-7.077,78.2,3
32.4,-4.785,59.8,3
50.2,-6.995,95.7,3
36.5,-3.609,44.8,3
13.3,-6.156,70.9,3
33.1,-9.922,65.1,3
31.5,-4.321,54.2,3
10.7,-4.243,90.8,3
6.65,-7.322,71.1,3
37.2,-8.74,70,3
2.79,-9.989,53,3
51,-7.786,70.4,3
35.9,-7.427,88,3
28.2,-5.586,71.2,3
32.6,-2.99,72.7,3
24.7,-3.457,67.4,3
4.16,-7.465,66.7,3
9.73,-6.36,76.6,3
85.1,-25.174,71.8,3
29.3,-10.118,84.8,3
8.31,-4.852,64.3,3
43.2,-8.466,77.3,3
31.7,-7.24,68.4,3
13.1,-3.728,71.2,3
29.8,-5.911,76.1,3
48.7,-10.162,88.8,3
33.6,-7.188,41.7,3
32.1,-6.921,73.5,3
6.71,-12.929,72.6,3
39.3,-8.135,53.5,3
49.4,-13.087,94.1,3
44.9,-6.656,55,3
26.7,-7.167,75.1,3
17.9,-13.32,72.8,3
18.5,-4.574,39.4,3
18.7,-10.297,55.1,3
29.6,-4.572,82,3
37.8,-8.619,77.4,3
25.8,-8.71,58.6,3
16.3,-7.067,80,3
37.8,-9.992,58.1,3
28.3,-7.198,79.2,3
43,-5.181,69.7,3
5.99,-5.102,52.2,3
33.1,-9.79,50.6,3
21.2,-3.879,97.4,3
11,-9.781,77.3,3
44.9,-6.656,55,3
34.8,-6.251,82,3
35.4,-5.566,56.5,3
12.6,-7.606,87.3,3
7.05,-8.258,67.3,3
34.2,-5.712,89,3
49.4,-11.498,51.5,3
6.7,-7.47,52.1,3
38.2,-8.199,70.3,3
5.06,-7.72,66.4,3
40.1,-6.176,81.4,3
25.2,-11.715,65.4,3
36.3,-4.438,80.3,3
27.9,-7.849,64,3
29.3,-7.886,75.9,3
18.7,-10.297,55.1,3
28.5,-8.106,72.9,3
31.1,-5.735,92.1,3
87.2,-19.947,69.2,3
22.3,-5.399,72.7,3
19.7,-8.409,59.5,3
36.3,-6.191,92.8,3
9.24,-8.564,73.6,3
92,-17.737,73.2,3
20.4,-8.396,81.8,3
5.95,-6.222,74.8,3
33.1,-9.79,50.6,3
32.4,-7.453,72.5,3
24.1,-7.124,72.9,3
3.09,-2.362,80.1,3
7.77,-10.061,85.6,3
10.2,-5.81,84.7,3
24.6,-6.832,88.4,3
8.03,-5.392,70.6,3
32.6,-1.584,48.7,3
29.6,-6.679,90.4,3
4.57,-5.017,65.5,3
5.02,-4.532,83.7,3
16.3,-5.891,77.9,3
25.5,-6.199,76.3,3
7.74,-1.299,92.4,3
6.23,-5.218,79.2,3
8.57,-3.829,95.7,3
61.9,-9.229,58.2,3
14.8,-7.587,82.9,3
37.2,-8.633,76.6,3
48.3,-9.297,46.4,3
6.03,-8.628,78.7,3
32.7,-4.036,76,3
26.5,-6.301,92.8,3
6.31,-5.166,84.7,3
28.7,-5.16,57.1,3
8.33,-5.867,79,3
5.33,-6.326,69.7,3
12.6,-4.159,73.8,3
30.4,-7.677,80.2,3
24.7,-4.719,62.3,3
21.1,-5.237,59.4,3
4.69,-7.291,81.9,3
23.1,-5.452,75,3
7.2,-6.362,77.4,3
8.08,-7.272,71.4,3
4.27,-9.246,76,3
4.59,-6.844,39.9,3
40.2,-4.56,51,3
20.6,-10.472,66.9,3
37.4,-6.812,85.3,3
21,-7.561,87.4,3
29.6,-6.92,50.1,3
32.1,-5.531,77.4,3
50.8,-10.164,73.7,3
3.64,-9.156,66,3
26.9,-6.044,86.8,3
4.39,-7.235,61.3,3
26.4,-4.616,68.6,3
30.5,-8.066,72.8,3
20.5,-10.106,94.7,3
30,-10.605,75.4,3
34.9,-14.59,81.3,3
16.8,-2.876,57.3,3
7.45,-6.276,76,3
30.2,-10.407,88.6,3
18.8,-4.293,54.9,3
22.8,-8.006,94,3
20.1,-3.928,38.4,3
59.5,-6.804,54.7,3
7.97,-5.56,71.9,3
13.2,-3.589,88.9,3
30.5,-10.209,82,3
40,-8.884,75.4,3
6.91,-8.575,78.8,3
24.5,-5.183,81.4,3
55.8,-6.943,57.3,3
20.4,-7.117,95.4,3
38.2,-8.446,65.3,3
7.09,-9.833,51.7,3
24.7,-6.477,80.2,3
32.6,-5.678,56.3,3
39.2,-5.067,47.9,3
53.8,-4.179,67.9,3
32.5,-5.517,38.4,3
11.1,-3.72,86.8,3
27.8,-8.636,67.4,3
16.1,-4.146,64.9,3
11.3,-11.09,80.7,3
39.4,-13.578,80.9,3
5.39,-7.636,90.7,3
26.6,-8,81.3,3
29,-11.294,86.5,3
17.3,-6.264,85.3,3
4.1,-5.226,80.5,3
27.9,-7.346,82.8,3
6.61,-5.882,89.5,3
15.2,-5.488,79.1,3
22.2,-8.013,84.1,3
28,-3.439,90.1,3
7.7,-6.539,83,3
19.6,-6.062,86.5,3
15.3,-10.798,49.3,3
46.4,-6.88,60.1,3
36.6,-5.993,66,3
21.9,-12.594,85.3,3
28.7,-5.16,57.1,3
34.5,-7.183,79.2,3
21.7,-8.216,48.8,3
37.1,-5.045,73.3,3
11.6,-8.449,93,3
5.15,-8.54,71.3,3
25.6,-6.195,80.2,3
5.92,-6.662,77.8,3
30.3,-6.932,70.6,3
32.4,-6.572,88.7,3
39.2,-6.791,64.2,3
19.2,-7.178,87.3,3
9.33,-10.268,62.6,3
10.8,-10.07,88,3
13.7,-7.026,59.7,3
24.2,-6.862,78.9,3
60.1,-11.432,77.2,3
28.2,-6.257,75.8,3
19.8,-5.185,88.6,3
16.7,-3.931,88.4,3
29.6,-3.985,67.9,3
26.5,-8.409,81.3,3
24.2,-7.072,84.2,3
34.2,-6.512,82.9,3
36.7,-7.306,59.2,3
37.9,-9.05,91.3,3
30,-5.743,59.7,3
30.2,-7.392,64.2,3
21.4,-6.791,77.1,3
40.1,-7.943,72.3,3
50,-4.703,61.2,3
15,-4.879,72.3,3
7.4,-15.364,46.3,3
16.2,-7.492,79.5,3
15.3,-5.735,75.3,3
32.4,-8.42,87.8,3
26.9,-2.832,91.8,3
3.01,-5.046,42,3
37.7,-4.688,66.2,3
25.7,-3.129,84.7,3
17.6,-5.167,84.4,3
27.9,-6.122,58.1,3
30.5,-9.88,62.8,3
4.41,-7.966,71.6,3
22.6,-5.24,92,3
20,-9.358,88.7,3
7.96,-7.252,47.4,3
20.2,-3.547,89.6,3
30.9,-11.004,67.7,3
5.23,-8.68,63.5,3
5.79,-5.803,85.2,3
27.1,-6.886,75.9,3
34.2,-5.712,89,3
28.6,-3.901,70.6,3
19.6,-6.062,86.5,3
41.3,-7.158,75.5,3
34,-5.413,68.6,3
8.11,-7.954,66.3,3
15.6,-3.905,93.2,3
41,-6.179,59.8,3
27.7,-6.833,92.9,3
15.6,-13.617,88.1,3
55.9,-10.073,82.7,3
3.19,-11.961,38.4,3
54.6,-10.019,64.2,3
31,-10.747,82.6,3
14.2,-7.709,73.7,3
32.1,-10.292,91.5,3
3.37,-5.177,65.2,3
18.3,-3.09,76.1,3
11.3,-4.747,54.2,3
18.8,-5.636,91.5,3
10.2,-6.958,79,3
14.5,-8.628,85.8,3
24.6,-8.633,61.3,3
8.2,-3.193,88.2,3
19.6,-6.93,43.9,3
35.3,-11.375,89.7,3
33.4,-6.433,86.7,3
26.5,-7.805,80.3,3
28.5,-6.983,68.8,3
33,-8.496,79.2,3
29.5,-6.843,72.4,3
20.5,-8.356,81.3,3
2.93,-5.393,79.7,3
21.3,-5.923,60.1,3
10.2,-8.002,70.2,3
4.92,-3.974,69.2,3
16.5,-6.638,76.6,3
28.7,-6.164,79,3
25.2,-8.435,80.8,3
23.2,-9.816,81.3,3
24.1,-6.1,91.4,3
28.4,-5.757,73.1,3
27.9,-8.929,73.2,3
37.5,-6.303,72.3,3
48.6,-5.509,44.1,3
16.4,-5.743,76,3
29.5,-6.403,80,3
25.5,-12.97,79.7,3
11.2,-7.737,62.3,3
29.5,-7.684,68.9,3
16.5,-5.474,74.1,3
31.5,-7.226,92.3,3
3.1,-4.508,82.7,3
8.29,-4.475,81.4,3
31.6,-6.339,48.4,3
31.7,-7.24,68.4,3
5.35,-12.765,44.4,3
30.4,-8.476,77.4,3
22.9,-8.861,90.1,3
12.5,-7.6,71.9,3
27.8,-8.636,67.4,3
24.5,-8.926,53.5,3
3.3,-9.412,57.8,3
34.2,-6.297,75.2,3
9.22,-7.978,85.4,3
23.4,-13.681,77.1,3
7.02,-7.284,87.3,3
41.2,-6.327,58.8,3
30.2,-6.962,95,3
24.2,-3.661,79.9,3
32.6,-3.489,65.4,3
27.2,-2.34,64,3
23.9,-8.041,81,3
32.3,-9.911,84.7,3
22.1,-5.431,58.4,3
29.3,-6.205,59.7,3
4.71,-10.88,70,3
15.6,-6.983,97.2,3
15.3,-4.454,85.8,3
26.4,-5.662,92,3
33.8,-7.1,45,3
9.65,-8.26,56.9,3
17.2,-16.53,54.5,3
6.17,-13.095,83.5,3
33.8,-6.611,66.8,3
59.8,-3.434,52.3,3
16.4,-8.894,82.4,3
8.52,-4.999,51.9,3
31.1,-10.875,69,3
29.6,-6.92,50.1,3
15.7,-5.785,42,3
3.76,-3.969,70.3,3
40.3,-14.659,80.3,3
22.5,-6.096,69.2,3
13.8,-5.701,90.2,3
19.7,-4.968,81.8,3
11.1,-2.231,88.3,3
31.8,-7.823,72.8,3
36.2,-7.689,65.1,3
37.3,-7.495,72.3,3
13.6,-4.12,84,3
16.2,-5.397,74,3
13.1,-6.122,89.1,3
18.3,-3.09,76.1,3
26,-6.768,81.7,3
6.17,-6.976,30.1,3
19.2,-7.014,51.5,3
27.5,-6.004,62.4,3
18.9,-4.827,78.2,3
9.71,-7.21,94.2,3
17.2,-5.973,77.3,3
11.8,-12.39,63.5,3
41.4,-6.166,56.3,3
26.8,-4.34,93.4,3
4.95,-4.39,80.6,3
16.1,-9.572,64.7,3
26.2,-10.486,73.6,3
53,-3.12,54,3
12.4,-6.531,61.9,3
9.83,-8.489,62.2,3
39.7,-8.061,47.5,3
44.2,-4.639,81.2,3
22.1,-7.638,95.3,3
35.9,-13.136,65.9,3
11.1,-3.72,86.8,3
24.4,-6.398,93.3,3
3.08,-6.294,62.3,3
26.4,-10.144,81.7,3
22.3,-4.902,80.8,3
6.29,-7.256,69,3
20.4,-8.774,87.5,3
27.5,-6.023,72.7,3
34.8,-11.952,91.1,3
31.3,-5.44,51.5,3
27.3,-3.423,88.7,3
25.4,-5.283,75.4,3
3.7,-5.769,79.2,3
24.2,-6.9,83.8,3
30.5,-9.981,73.6,3
21.5,-5.634,93.7,3
45.8,-5.77,44.4,3
37.1,-5.557,84.1,3
22.3,-4.682,66.5,3
18.9,-9.171,43.7,3
7.81,-9.108,76.9,3
3.6,-4.954,82.9,3
17.2,-5.082,76.3,3
34.7,-13.203,93.3,3
26.7,-4.768,63.4,3
16.3,-5.891,77.9,3
16.3,-6.491,72,3
7.9,-7.375,54.9,3
24.5,-8.926,53.5,3
26,-6.279,83,3
19.6,-7.335,92.5,3
36.8,-13.245,64.8,3
5.62,-7.519,53.5,3
8.96,-5.94,85.2,3
38.3,-7.005,43.9,3
22.9,-9.201,86.6,3
14.8,-6.072,85.4,3
32.6,-5.902,61.5,3
5.4,-6.798,55.1,3
26.1,-4.725,67.6,3
3.15,-22.627,31.3,3
18,-5.367,82.4,3
38.4,-7.269,68.8,3
37.4,-8.777,84.1,3
24.6,-8.126,81.4,3
33.2,-4.952,78,3
80.6,-18.616,70.6,3
4.33,-11.276,65.5,3
35.7,-8.043,88.3,3
28.7,-7.261,84.7,3
16.9,-3.657,83.1,3
30,-6.11,81.7,3
4.85,-6.959,78.1,3
33.8,-5.541,72.6,3
13.1,-12.348,82.2,3
8.18,-10.523,70.4,3
33.3,-10.627,84.2,3
24.5,-5.183,81.4,3
40.6,-6.995,61.2,3
26.5,-6.953,82.5,3
5.4,-6.008,86,3
20.9,-3.77,62.7,3
23.9,-12.747,71.6,3
3.44,-4.365,55.1,3
35.1,-11.458,78.4,3
6.15,-11.299,78.2,3
37,-9.849,79.3,3
16.8,-8.01,77.6,3
2.96,-6.304,62.1,3
19.4,-6.396,95.3,3
29.3,-6.205,59.7,3
28,-9.157,72.1,3
18,-7.233,82,3
40,-5.422,48.2,3
26.9,-5.946,84.3,3
40.2,-8.965,81,3
29.7,-6.104,64.4,3
4.52,-9.966,71.9,3
42.3,-5.63,59.5,3
27.5,-2.368,47.7,3
21,-6.149,84.9,3
7.63,-10.728,61.2,3
35.9,-7.882,95.7,3
4.25,-6.997,39.2,3
4.44,-21.749,37.5,3
28.2,-7.482,59.7,3
10,-8.245,77.9,3
14.4,-8.915,76.7,3
5.39,-7.636,90.7,3
39.8,-7.566,73.5,3
6.73,-16.516,63.8,3
25.2,-10.786,72,3
31.5,-8.524,59.8,3
29.1,-12.416,83.9,3
27,-2.561,68,3
23.8,-4.116,65.2,3
47,-6.334,59.8,3
10.1,-13.652,86.2,3
42.9,-9.328,77.4,3
28.4,-6.086,70.3,3
27.2,-3.89,86,3
10.6,-7.092,81.4,3
26.9,-5.878,87.5,3
6.47,-9.131,77.6,3
22.6,-13.938,82.4,3
14.9,-5.113,71.3,3
6.22,-7.308,72.1,3
33.4,-3.403,82.1,3
45.1,-9.959,91.2,3
33.8,-6.18,85,3
30.1,-5.517,43.5,3
24.8,-10.151,83.1,3
39.4,-5.996,82,3
28.3,-5.603,88.4,3
16.3,-9.877,53.4,3
47.9,-9.839,66.8,3
40.7,-8.093,55.4,3
34.4,-8.276,76.3,3
16.5,-11.018,90.8,3
11.4,-3.692,94.6,3
29.6,-4.572,82,3
30.5,-4.914,80.5,3
15.4,-10.822,84.9,3
12.9,-6.664,87.4,3
7.07,-2.343,82.4,3
52,-8.431,61.6,3
12,-8.854,77,3
3.42,-4.997,82.6,3
29.8,-8.852,67.7,3
8.96,-5.94,85.2,3
34.7,-6.189,70.2,3
21.2,-5.524,73.5,3
24.2,-6.862,78.9,3
16.9,-3.657,83.1,3
28.6,-6.349,57.8,3
28.2,-6.128,88.5,3
50,-12.067,88.5,3
18.5,-9.952,76.8,3
23.2,-7.223,76.8,3
45,-8.156,67.4,3
15.8,-10.674,79.7,3
33.8,-8.397,83.1,3
38.2,-8.121,65.4,3
28.6,-4.844,82.1,3
8.17,-9.54,54.5,3
29.1,-5.284,66.4,3
31.1,-5.302,69.9,3
3.58,-6.565,64.2,3
15.5,-8.904,49.1,3
16,-4.678,81.2,3
3.94,-2.139,24.7,3
4.23,-4.979,59,3
3.69,-4.702,70.6,3
18.6,-4.669,79.1,3
11.7,-7.928,55.7,3
22.1,-7.638,95.3,3
33.1,-4.633,69.9,3
7.7,-6.254,71.9,3
26.7,-7.753,77.4,3
37.1,-5.557,84.1,3
4.92,-3.974,69.2,3
28.3,-10.709,56.1,3
14.9,-7.35,78.8,3
31.2,-9.115,87.8,3
21,-6.289,77.2,3
2.72,-11.338,65.3,3
19.5,-6.335,48.1,3
37.6,-7.43,82.5,3
31.9,-8.84,42.6,3
28.2,-5.857,88.4,3
9.59,-4.544,89.7,3
23.6,-6.765,78.6,3
33,-7.801,78.2,3
29.8,-4.132,77.9,3
19.9,-5.477,75.6,3
24.2,-6.862,78.9,3
6.72,-6.03,74.1,3
15.7,-6.191,83.4,3
9.56,-11.715,93,3
25.1,-5.895,58.4,3
10.2,-9.067,81.7,3
20.1,-3.928,38.4,3
27.4,-3.253,45.6,3
33.8,-5.541,72.6,3
38.6,-8.516,81.8,3
8.95,-5.085,63.4,3
19.6,-7.335,92.5,3
11,-6.058,78.6,3
22.1,-5.353,63,3
34.2,-6.841,61.8,3
16.4,-10.625,74.9,3
50.4,-8.723,60.1,3
45,-8.156,67.4,3
31.4,-4.284,41.9,3
38.4,-8.256,75.9,3
3.31,-5.758,78.9,3
24.4,-7.213,62.5,3
22.8,-18.943,88.4,3
17.6,-7.02,98.9,3
38.3,-5.059,42.7,3
47.9,-9.839,66.8,3
6.7,-7.47,52.1,3
22.1,-13.918,84.3,3
5.07,-4.95,76.2,3
8.36,-4.213,78.1,3
7.08,-6.485,74.8,3
23.1,-4.642,84.9,3
34.9,-7.377,90.6,3
41,-5.549,63,3
20.7,-4.781,80.2,3
36.7,-4.954,89.7,3
27.1,-7.39,86.8,3
12.5,-10.167,90.3,3
18.6,-9.296,77,3
25.8,-2.972,72.9,3
13.1,-6.953,69.9,3
37,-6.742,59.4,3
33.8,-11.176,91.1,3
39.1,-5.602,87.9,3
39.7,-11.667,54.8,3
13.1,-9.49,53.7,3
33.2,-4.848,62.9,3
6.61,-5.882,89.5,3
27.4,-9.428,83.6,3
28.3,-6.183,58.2,3
15.7,-6.191,83.4,3
6.86,-4.78,83,3
47.6,-9.184,81.4,3
28.4,-4.971,62.7,3
25.5,-8.244,90.8,3
40,-7.398,69.7,3
8.61,-7.616,74.8,3
9.76,-12.99,80.4,3
7.75,-8.827,68.8,3
34.9,-7.307,84.9,3
32.5,-7.201,86.5,3
6.61,-5.882,89.5,3
22.8,-6.081,41.2,3
44.2,-7.714,78.9,3
36.7,-9.617,80.2,3
20.8,-5.642,62.8,3
35.1,-5.42,50.7,3
4.01,-4.83,67.1,3
31.6,-11.81,82,3
6.99,-7.405,84.7,3
12.5,-14.54,72.7,3
29.6,-4.329,82.2,3
20.9,-5.679,91.3,3
39.8,-8.298,49.4,3
17.8,-8.995,87.6,3
29.1,-12.416,83.9,3
19.4,-3.918,51.6,3
27.3,-4.661,69.9,3
17.7,-4.748,73.3,3
13.1,-6.122,89.1,3
4.61,-6.208,72.5,3
36.5,-5.873,87.7,3
25.5,-9.254,72.4,3
15.7,-3.494,58.6,3
35,-5.687,75.7,3
4.81,-7.101,68.5,3
7.09,-9.833,51.7,3
29.9,-5.008,64.5,3
24.8,-9.282,86.3,3
33.4,-8.21,55.2,3
34.7,-7.941,62.4,3
21.3,-5.248,81.4,3
21.3,-9.121,71.5,3
24.7,-9.369,79.7,3
35.9,-7.882,95.7,3
21,-4.169,54.2,3
38.6,-10.885,54.2,3
35.7,-8.043,88.3,3
34.9,-10.211,92.2,3
26.9,-6.044,86.8,3
27.8,-7.832,74.8,3
16.8,-10.393,56.4,3
28.3,-5.251,60.3,3
48.1,-11.464,69.7,3
5.35,-6.968,54.3,3
14.3,-6.797,74.1,3
23.6,-5.582,64.6,3
44.6,-5.245,91.9,3
6.8,-6.437,56.1,3
32.4,-5.7,64.1,3
22.1,-7.638,95.3,3
36.8,-6.915,84.4,3
49,-3.801,66.9,3
30,-5.943,81.6,3
35.6,-4.969,87.7,3
5.72,-6.297,95.3,3
31.1,-5.857,77.5,3
25.5,-4.997,44.3,3
11.8,-5.851,58.2,3
35.6,-8.91,63.5,3
27.4,-8.938,78.4,3
7.68,-6.682,82.9,3
6.23,-5.218,79.2,3
54.8,-10.113,66.1,3
50.6,-8.937,91.8,3
9.05,-6.365,88.9,3
10.5,-6.449,86.9,3
13.2,-6.362,92.4,3
19.6,-5.666,67.1,3
4.83,-5.986,66.8,3
30.5,-8.489,44.1,3
54.6,-10.019,64.2,3
93.5,-14.943,71.4,3
6.46,-8.132,88.7,3
31.8,-6.233,86.9,3
25.6,-4.262,48.2,3
29.9,-4.982,76.5,3
50.6,-8.937,91.8,3
5.95,-6.222,74.8,3
3.97,-4.495,75.1,3
3.75,-5.631,77.6,3
37.2,-13.843,70.5,3
19.6,-7.335,92.5,3
16.3,-6.091,88,3
31.1,-6.088,83.9,3
35.1,-3.883,47.5,3
25.7,-11.929,70.2,3
13.6,-4.12,84,3
11.7,-7.165,59.1,3
37.7,-7.9,79.7,3
27.8,-9.93,70,3
11.2,-3.747,75.7,3
58.2,-7.581,57.3,3
11.8,-10.588,77.4,3
31.5,-6.645,66.1,3
22.1,-6.902,56.5,3
2.91,-11.938,26.6,3
27.9,-8.18,80.1,3
41.3,-9.837,55.6,3
36.8,-8.294,85.9,3
5.92,-11.395,71.3,3
25.7,-3.129,84.7,3
30.8,-7.041,61.8,3
31.2,-8.826,74.5,3
35.7,-6.158,82.8,3
2.91,-11.938,26.6,3
21.1,-10.489,89.7,3
32.4,-8.42,87.8,3
22.2,-8.013,84.1,3
34,-6.676,70.3,3
10.2,-5.81,84.7,3
4.95,-9.187,87,3
26.3,-8.467,80.8,3
12.6,-10.3,74.9,3
19.5,-5.971,34.4,3
27.8,-8.33,79.8,3
53,-11.993,74.7,3
25.6,-6.195,80.2,3
4.19,-5.724,78.2,3
52.2,-8.277,56.6,3
32.1,-8.554,69.8,3
23,-6.231,75.5,3
5.43,-9.935,65.4,3
37.9,-4.797,89.3,3
34.8,-7.124,87.6,3
25.1,-6.759,82,3
39.7,-7.686,91.2,3
5.34,-6.193,70.3,3
15.8,-9.707,79.5,3
16.6,-4.027,66.4,3
96,-13.849,58.1,3
16.7,-7.933,62.5,3
22.1,-5.431,58.4,3
4.48,-3.389,82.5,3
18.3,-9.095,72.7,3
33,-5.483,84.2,3
36.9,-10.286,72.1,3
37.3,-6.959,72.2,3
29.9,-3.507,76.3,3
22.2,-3.944,83.4,3
33.3,-5.219,85.9,3
6.49,-6.261,71.2,3
34.6,-6.142,62.6,3
30.3,-6.06,88.5,3
20,-9.358,88.7,3
48.7,-14.533,45.8,3
12.7,-6.461,87.8,3
26,-5.224,90.4,3
4.09,-6.126,72.1,3
11.8,-6.636,62.9,3
12.6,-5.12,87.4,3
22.2,-5.327,83.1,3
37.1,-7.808,71.3,3
31.5,-5.045,70.3,3
4.7,-10.732,66.7,3
22.9,-6.365,75.2,3
38.7,-1.765,63.4,3
13.2,-7.293,90.4,3
22.9,-12.725,76.5,3
26,-6.365,81.1,3
17.5,-3.993,72.4,3
20.2,-3.547,89.6,3
19.2,-7.178,87.3,3
3.62,-9.269,70.7,3
41.3,-7.075,93.8,3
35.9,-4.032,90.8,3
27.3,-7.11,64,3
10.4,-5.655,49,3
18.9,-10.489,87.1,3
7.46,-6.963,69,3
27.1,-2.09,37,3
28.3,-5.603,88.4,3
35.1,-6.233,47.1,3
28.2,-7.883,69.9,3
6.18,-12.504,83,3
18.7,-6.173,72.5,3
24.7,-9.369,79.7,3
47.3,-3.888,66.4,3
29.2,-7.266,56.3,3
6.81,-7.569,47.5,3
27.7,-8.011,58.3,3
42,-6.831,64.7,3
31.8,-10.331,89,3
33.9,-6.015,78.7,3
17,-10.259,83.9,3
38.3,-7.005,43.9,3
11.2,-7.626,92.8,3
27.8,-7.832,74.8,3
5.92,-5.535,68.5,3
27.1,-4.749,66.2,3
27.5,-6.911,75.8,3
14.8,-3.219,43.8,3
25.5,-5.63,44.2,3
22.2,-6.089,82.7,3
43.5,-7.555,71.9,3
6.35,-4.126,67.2,3
6.23,-5.218,79.2,3
4.63,-4.851,86.7,3
31.3,-6.495,71.5,3
44.9,-6.656,55,3
38.6,-9.597,80.5,3
15.9,-5.311,80.9,3
32,-5.591,71.5,3
32.9,-7.27,40.7,3
5.42,-7.958,75.3,3
19.1,-7.802,52.3,3
25.3,-6.537,72.9,3
20,-9.358,88.7,3
36.6,-10.162,75.3,3
36.3,-6.191,92.8,3
23.2,-8.48,71.5,3
28.5,-6.589,66.6,3
35.8,-7.592,77.8,3
30.8,-5.954,66.2,3
30.1,-7.058,92.7,3
8.3,-10.666,73.1,3
36.2,-13.507,52.7,3
8.34,-8.535,75.7,3
14.3,-4.949,85.5,3
13,-5.913,89.4,3
5.69,-9.991,81.8,3
20,-6.606,82.3,3
6.23,-5.218,79.2,3
4.42,-13.305,61.3,3
20.6,-4.171,77.5,3
6.31,-10.817,75.3,3
24.9,-5.824,77.3,3
6.13,-5.856,74.6,3
44.9,-7.915,84.3,3
6.72,-6.03,74.1,3
29.3,-7.069,80.1,3
13,-7.476,60.4,3
20.7,-5.085,86.6,3
26,-6.768,81.7,3
38.6,-9.518,82.5,3
42.1,-10.34,79.7,3
49.3,-8.715,56.5,3
30.3,-8.382,67,3
17.6,-7.02,98.9,3
17.8,-8.733,84.2,3
16.8,-2.876,57.3,3
5.91,-4.046,69.4,3
12.7,-4.59,45.1,3
5.6,-8.809,58.5,3
2.83,-2.719,68.2,3
21.6,-7.307,83.7,3
5.39,-7.636,90.7,3
32.4,-4.811,64.6,3
31.6,-3.883,73,3
33.2,-6.92,80.7,3
18.2,-5.324,79.9,3
36.1,-8.672,73,3
30.3,-7.351,85.1,3
37.4,-6.812,85.3,3
6.91,-9.379,58.2,3
4.94,-8.345,66.8,3
21,-9.004,86.2,3
6.33,-4.323,88.1,3
52.1,-11.262,78.3,3
17.2,-7.806,74.8,3
15.4,-9.045,78.9,3
3.94,-8.047,65.4,3
34.2,-4.064,59.6,3
24.6,-5.718,64.8,3
19.2,-4.893,80.2,3
30.6,-4.378,72.1,3
23.8,-5.415,66.7,3
16.9,-7.307,80.7,3
7.07,-2.892,70,3
6.91,-8.575,78.8,3
4.43,-6.808,80.4,3
36.5,-3.609,44.8,3
11.8,-8.827,88.2,3
18.2,-7.461,79.3,3
26,-6.279,83,3
14.9,-3.925,89.7,3
9.69,-8.016,76.2,3
12,-4.399,83.3,3
45.4,-9.309,92.5,3
6.61,-5.882,89.5,3
28.4,-4.971,62.7,3
38.1,-6.924,86.4,3
36.7,-9.552,67.4,3
27.8,-9.669,90.8,3
73,-26.964,58.7,3
25.9,-16.169,74.6,3
35,-6.326,58.6,3
7.28,-9.075,69.5,3
13.1,-3.728,71.2,3
11.1,-5.966,84.6,3
36.3,-8.312,87.8,3
31.3,-8.422,66.1,3
5.83,-8.37,43.6,3
3.75,-5.631,77.6,3
17.1,-3.667,85.2,3
43.4,-8.212,69.5,3
7.21,-5.116,90.5,3
15.7,-4.261,82,3
6.71,-12.929,72.6,3
6.24,-11.313,59.5,3
30.6,-5.931,93.9,3
5.8,-7.091,74.2,3
12.4,-6.017,60.4,3
22.2,-8.013,84.1,3
12,-5.782,66.9,3
13.2,-10.224,72,3
3.59,-6.479,59.6,3
20,-4.273,94.3,3
34.8,-7.741,54.5,3
35.1,-5.552,48.8,3
4.3,-14.375,75.9,3
4.28,-5.74,70.8,3
26.5,-8.061,94.7,3
7.35,-6.678,80.9,3
39.7,-7.253,59.5,3
17.2,-3.34,86.6,3
29.4,-4.946,80.3,3
37.4,-6.812,85.3,3
20.8,-5.905,93.3,3
23.8,-8.844,72.5,3
40.1,-5.313,70.8,3
37.5,-7.838,77.3,3
22,-14.901,83.5,3
26.9,-6.044,86.8,3
30.8,-5.456,54.7,3
19.1,-5.096,57.4,3
15.8,-2.881,73.9,3
37.8,-8.619,77.4,3
28.3,-5.971,78.7,3
26.9,-2.832,91.8,3
25.9,-6.71,87.5,3
35.3,-8.493,70.9,3
18.2,-6.41,53.8,3
44.4,-25.159,67.3,3
33.4,-6.433,86.7,3
12.5,-6.96,73.6,3
2.96,-3.825,69.6,3
40.6,-5.562,57.8,3
11.8,-5.63,87.4,3
5.07,-6.479,78.4,3
50.6,-8.937,91.8,3
20,-9.358,88.7,3
5.23,-6.763,82.1,3
29.7,-5.69,46,3
7.29,-8.747,67.6,3
34.1,-4.748,77.9,3
37.7,-4.184,89.8,3
12.2,-5.222,85.5,3
31.5,-7.802,51.9,3
18.7,-6.173,72.5,3
32.7,-9.578,94.4,3
16.3,-7.915,78.5,3
6.16,-9.934,58.5,3
33.4,-9.568,82,3
8.98,-13.507,82.2,3
30.2,-12.367,80.2,3
36.8,-5.019,89.7,3
20,-6.606,82.3,3
3.41,-11.527,51.7,3
35.6,-8.91,63.5,3
6.02,-3.573,53.3,3
47.4,-11.287,47.5,3
38.8,-8.138,65.9,3
11.4,-6.623,71.9,3
12.8,-3.6,57,3
32.1,-7.032,65.6,3
7.92,-4.271,80.2,3
54.4,-9.321,59.8,3
23.3,-9.108,87.4,3
6.73,-9.75,66.4,3
33.2,-5.308,68.3,3
44.2,-11.159,42.8,3
8.28,-8.433,74.9,3
9.53,-6.177,93.2,3
3.81,-7.95,48.8,3
5.43,-7.149,78.3,3
20.5,-6.347,69.9,3
32.1,-5.531,77.4,3
19.8,-5.185,88.6,3
22.2,-4.67,71.6,3
29.9,-7.928,77.3,3
28.7,-6.676,91,3
8.82,-8.339,56.1,3
26.8,-5.576,71.7,3
26.4,-6.929,85.2,3
27.2,-3.89,86,3
24.4,-11.665,91.7,3
55.8,-6.943,57.3,3
6.72,-6.03,74.1,3
26.9,-10.002,85.7,3
13.8,-5.453,83.5,3
8.39,-5.883,61.1,3
30.7,-9.221,90.5,3
33.1,-8.186,85.4,3
20.7,-12.38,55.8,3
15.1,-7.197,82,3
16.4,-10.889,76.1,3
40.1,-5.313,70.8,3
14.4,-7.488,85.5,3
8.48,-10.92,60.6,3
18.3,-12.778,77.5,3
51,-6.472,60.1,3
5.73,-8.703,33.8,3
37.3,-10.551,47.9,3
7.32,-6.103,63.8,3
30.7,-10.405,74.5,3
2.87,-5.637,67.7,3
26.8,-5.576,71.7,3
17.9,-8.518,34.5,3
33.6,-6.044,82.3,3
4.36,-6.762,73.9,3
7.02,-7.284,87.3,3
27.9,-2.988,86.4,3
24.6,-8.933,73.6,3
56.8,-5.718,59.9,3
18.5,-6.607,82.5,3
10,-7.469,57.4,3
11.8,-8.827,88.2,3
27.6,-5.679,84.1,3
19.1,-10.96,70.4,3
30.9,-6.589,57.9,3
21.1,-7.232,93.9,3
5.68,-7.97,81.2,3
25.7,-3.129,84.7,3
30.3,-5.333,88.4,3
18.8,-2.9,33.9,3
43.5,-9.591,69.6,3
20,-5.428,89.8,3
26.2,-6.356,79,3
6.31,-6.618,53.1,3
26.5,-8.409,81.3,3
30,-5.943,81.6,3
40.6,-6.995,61.2,3
34.6,-13.906,75.5,3
9.02,-7.574,46.3,3
41.6,-9.671,75.3,3
20.6,-6.279,78.4,3
20.3,-6.546,72.6,3
27.5,-7.697,45.8,3
17.7,-6.859,75.1,3
27.9,-7.266,80.8,3
34.7,-12.908,87.6,3
29.5,-14.625,52,3
25.8,-11.104,58.2,3
7.37,-7.837,59.3,3
12.3,-12.817,70.8,3
47,-8.066,64.4,3
4.8,-7.004,36.6,3
12.3,-10.005,83.8,3
31.1,-7.597,66.5,3
42.8,-6.224,72.3,3
29.8,-8.728,76,3
38.8,-8.194,76.7,3
24.6,-6.304,85.7,3
13.2,-6.362,92.4,3
14.1,-7.957,74.7,3
16.3,-6.242,74,3
6.55,-10.792,84.1,3
54,-7.545,73.4,3
49.4,-11.498,51.5,3
12.6,-4.267,83.6,3
13.5,-6.268,90.7,3
41.6,-6.144,57.2,3
5.96,-10.13,72.4,3
35.5,-8.768,79.1,3
29.1,-7.465,85.9,3
8.6,-7.806,66.6,3
5.92,-8.542,80.9,3
24,-6.094,79.9,3
33,-10.505,68.1,3
23.9,-12.244,76.5,3
6.25,-8.292,84.9,3
23.6,-8.749,76.8,3
29.9,-3.545,92.1,3
23.3,-5.943,64.9,3
5.39,-7.636,90.7,3
3.92,-8.293,69,3
10.1,-11.052,98,3
16.3,-5.891,77.9,3
17.6,-6.312,66.1,3
31.8,-11.991,75.5,3
30.8,-7.041,61.8,3
22.2,-5.638,84.1,3
33.4,-6.433,86.7,3
31.8,-10.815,91,3
17.1,-4.258,79.3,3
11.2,-7.198,71.2,3
28.6,-6.349,57.8,3
20.2,-6.445,74.4,3
24.9,-4.302,92.7,3
10.5,-6.896,67,3
25.1,-7.877,77,3
26.1,-10.16,69.3,3
30.9,-7.511,83.1,3
55.9,-10.073,82.7,3
19.2,-7.014,51.5,3
31,-4.737,78,3
21.7,-6.501,72,3
29.9,-7.115,63.8,3
20.4,-7.117,95.4,3
3.7,-6.187,63.9,3
21.1,-7.232,93.9,3
18.1,-6.751,64.6,3
34.1,-8.991,64.6,3
46,-7.761,48.4,3
15.4,-10.822,84.9,3
27.3,-11.038,87.3,3
21.6,-6.135,76.7,3
32.8,-8.533,78.7,3
48.3,-9.297,46.4,3
14.3,-6.495,89,3
16.6,-8.935,67,3
40.9,-11.51,51.4,3
26.5,-2.692,78.5,3
4.31,-7.502,71.8,3
27.9,-18.246,87.6,3
25.5,-4.997,44.3,3
22.4,-3.965,92.8,3
11.8,-8.827,88.2,3
27.8,-7.1,77.3,3
8.2,-3.193,88.2,3
7.07,-2.892,70,3
25.2,-8.746,53.9,3
26.8,-4.74,89.3,3
30.7,-9.837,89.4,3
8.36,-4.213,78.1,3
29.8,-6.28,73.2,3
36.8,-6.335,48,3
28.9,-7.315,89.6,3
10.4,-7.968,53.4,3
43.8,-10.213,81.7,3
32.1,-7.309,71,3
11.2,-9.687,73.9,3
27,-8.387,70.5,3
10.4,-5.041,71.3,3
31.1,-4.946,86.5,3
13.6,-4.12,84,3
11.4,-6.623,71.9,3
38.2,-6.625,46.8,3
17.9,-14.867,64.4,3
32,-10.162,85.4,3
47,-8.066,64.4,3
27.4,-6.3,53.7,3
7.45,-5.766,53.6,3
21.8,-5.435,92,3
13.3,-5.692,77.7,3
13.3,-4.672,70.3,3
4.12,-11.224,73.9,3
3.14,-7.316,64.9,3
24,-6.094,79.9,3
34.4,-8.825,79.2,3
18.2,-7.035,73.1,3
22.6,-11.637,82.4,3
30.6,-5.931,93.9,3
47.8,-8.444,46.1,3
6.63,-5.467,76.9,3
13.1,-6.122,89.1,3
29.9,-4.982,76.5,3
21.4,-6.686,55.3,3
37.4,-4.099,65,3
6.61,-5.882,89.5,3
7.31,-7.817,87.7,3
36.4,-4.231,42,3
27.9,-8.929,73.2,3
35.8,-10.48,84.5,3
24.9,-5.891,85.9,3
19.4,-3.924,72.2,3
36.6,-7.848,56.2,3
3.49,-10.189,87.7,3
26,-5.426,74.4,3
27.9,-5.216,80.2,3
7.02,-7.284,87.3,3
2.7,-7.836,55.2,3
5.1,-9.486,70.8,3
21.5,-8.146,72.3,3
19.6,-9.147,52.6,3
27.1,-7.734,84.9,3
6.74,-6.1,75.4,3
22.1,-7.978,81,3
35.7,-7.721,75.2,3
36.3,-13.758,72,3
32,-7.15,89.9,3
12.6,-5.12,87.4,3
4.85,-6.959,78.1,3
27.9,-5.216,80.2,3
4.03,-6.354,77.2,3
35.4,-6.293,76.4,3
26.9,-6.044,86.8,3
33.7,-8.952,63.3,3
32.8,-4.499,76.9,3
39.1,-7.398,87.7,3
23.8,-4.116,65.2,3
16.8,-6.834,70.8,3
4.56,-13.264,48.3,3
16.8,-5.475,89,3
4.75,-9.406,45.5,3
18.2,-8.186,87.7,3
20.3,-9.104,84.7,3
30.2,-8.645,85.8,3
6.71,-12.929,72.6,3
21.3,-7.537,64.9,3
15.2,-4.013,72.5,3
17.1,-2.978,70.8,3
20.3,-5.431,73.4,3
27.4,-6.547,84.8,3
12.7,-7.459,59.3,3
22.7,-5.081,68.4,3
8.38,-10.334,92.8,3
4.32,-7.592,85.4,3
34.6,-8.827,83.1,3
18.7,-10.297,55.1,3
36,-4.854,85.8,3
35.1,-6.499,90.1,3
8.89,-2.936,87.9,3
43.3,-5.02,53.9,3
8.46,-7.167,81.4,3
34.8,-4.294,79.4,3
6.08,-5.956,74.5,3
4.95,-4.687,78.8,3
9.81,-9.722,87.4,3
24.5,-8.926,53.5,3
6.09,-5.365,77.7,3
7.07,-12.477,91.3,3
15.4,-5.645,78.6,3
15.8,-6.648,95.5,3
13,-7.507,72,3
33.4,-5.135,68.2,3
29.9,-8.799,68,3
16.6,-9.238,57,3
43.7,-10.226,89,3
32.8,-7.929,55.3,3
24.2,-6.862,78.9,3
4.27,-11.208,85.2,3
30.3,-6.314,80.4,3
23.1,-4.758,95,3
30.5,-10.135,87.6,3
12.3,-5.961,69.6,3
29.4,-5.342,59.8,3
26.6,-5.497,80,3
23.7,-7.355,70,3
41.4,-9.607,53.8,3
22.8,-5.724,77.3,3
32.2,-4.709,90.3,3
5.18,-5.237,70.2,3
12.7,-7.393,57.7,3
12,-5.782,66.9,3
20.1,-9.338,83.6,3
28.2,-5.857,88.4,3
10.2,-5.018,95.5,3
37.9,-9.823,82.4,3
21.3,-5.923,60.1,3
6.71,-6.521,66.4,3
7.84,-4.908,71.2,3
37.5,-7.838,77.3,3
5.1,-7.085,68.5,3
44.9,-6.979,77.6,3
34.9,-6.043,91.1,3
25.7,-11.929,70.2,3
10.7,-5.75,61.3,3
28.9,-5.852,77.8,3
10.3,-10.196,92.8,3
22.2,-5.638,84.1,3
24.2,-5.514,78.6,3
31.6,-8.01,80.1,3
8.64,-4.682,75.8,3
15.6,-9.363,74.3,3
4.14,-8.482,70.3,3
14.3,-11.524,90,3
36.8,-5.019,89.7,3
50.2,-6.995,95.7,3
28.9,-5.852,77.8,3
9.53,-7.537,94.6,3
34.3,-10.231,42.2,3
15.3,-5.315,78.9,3
22.7,-13.473,67.9,3
11,-7.78,86.1,3
16.5,-7.734,80.1,3
30,-6.773,86.5,3
14.2,-9.315,81.7,3
22.3,-13.661,70.4,3
7.67,-8.607,80.5,3
24.1,-7.419,67.3,3
36.1,-6.015,57.2,3
3.65,-8.809,87.7,3
10.2,-4.583,61.8,3
4.27,-7.142,74,3
28.6,-4.053,47.7,3
21.7,-6.128,73.9,3
5.23,-6.763,82.1,3
4.59,-12.556,47.9,3
44.2,-8.043,58.1,3
41.3,-7.075,93.8,3
6.71,-12.929,72.6,3
10.2,-4.937,82.9,3
13.6,-7.16,79.4,3
35.9,-8.479,60,3
8.68,-10.533,73.5,3
46.1,-8.446,53.1,3
25.7,-10.511,87.9,3
31.3,-8.15,69.7,3
27.5,-3.159,59.5,3
27.9,-6.59,70.3,3
22.8,-6.599,77.4,3
10.7,-6.485,54.2,3
20.4,-4.98,66.9,3
10.9,-8.411,77.7,3
4.49,-4.944,77,3
20.9,-7.535,80.6,3
21,-5.422,48.3,3
5.4,-6.008,86,3
3.62,-4.542,63.4,3
47.3,-12.248,78.1,3
27.6,-5.679,84.1,3
10.2,-4.996,86.8,3
3.89,-13.945,51,3
3.41,-5.762,68.4,3
6.79,-5.596,75.9,3
26.8,-14.2,90.1,3
8.74,-13.277,84.4,3
37.8,-7.548,84.7,3
48.7,-10.162,88.8,3
34.9,-9.687,72.1,3
4.47,-9.382,60.5,3
28.6,-4.053,47.7,3
30,-3.965,74.9,3
22.2,-6.869,68.5,3
6.72,-5.477,70.6,3
38.6,-5.318,47.6,3
4.8,-5.362,45.7,3
33.5,-12.381,66.9,3
29.8,-5.448,70.1,3
45.4,-9.309,92.5,3
43.4,-8.212,69.5,3
25.9,-5.729,86.2,3
14.9,-7.848,72.1,3
29.2,-6.903,89.7,3
11.7,-6.827,79.2,3
5.6,-7.283,72.1,3
26.3,-4.329,69.4,3
25.3,-6.537,72.9,3
36.9,-6.208,72.4,3
19.4,-12.511,82.9,3
28.5,-6.257,69.6,3
30.1,-4.671,78.7,3
19.2,-7.668,70.9,3
39.3,-7.277,61.9,3
20.9,-7.638,53.1,3
32,-7.15,89.9,3
31.6,-8.01,80.1,3
6.94,-4.734,62.9,3
5.55,-6.528,85.3,3
30.2,-6.717,80.5,3
33.4,-6.901,91.3,3
36.2,-10.158,74.4,3
21,-3.717,85.8,3
32.1,-5.531,77.4,3
25.4,-5.283,75.4,3
31.3,-5.305,59.6,3
33.3,-7.368,42.3,3
7.74,-1.299,92.4,3
41.7,-11.009,64.3,3
26.5,-6.853,74.3,3
37.9,-9.05,91.3,3
18.1,-6.005,81.4,3
4.17,-3.052,76.3,3
8.78,-10.684,67.3,3
25.4,-4.212,71.2,3
13.6,-4.12,84,3
12.4,-6.017,60.4,3
15,-6.178,87.7,3
95.5,-12.158,53.1,3
32.8,-2.89,53.7,3
11.3,-8.096,80,3
7.23,-10.159,68.3,3
21,-6.149,84.9,3
30.9,-3.675,80.7,3
24.2,-6.862,78.9,3
29.5,-6.843,72.4,3
31,-9.35,84.5,3
32.5,-5.151,24.7,3
55.8,-6.943,57.3,3
51,-8.563,89.9,3
34,-11.117,86.5,3
13.4,-8.871,76.1,3
21.9,-6.699,56.7,3
16.6,-9.238,57,3
35.3,-8.914,69.5,3
10.2,-5.81,84.7,3
27.5,-3.336,83.7,3
5.04,-7.651,54,3
10.7,-7.487,71.3,3
4.98,-8.584,74.8,3
11.3,-8.096,80,3
5.78,-11.298,82,3
16.9,-3.657,83.1,3
18.1,-5.54,95.5,3
22.9,-11.136,90.2,3
23.7,-1.79,79.7,3
22.9,-8.605,63.3,3
34.2,-5.712,89,3
29.2,-9.379,78.4,3
25.4,-3.716,73.7,3
5.81,-11.855,76.5,3
9.08,-9.561,71,3
48.6,-11.308,84.2,3
19,-5.299,70.4,3
17.7,-3.424,58.2,3
50.8,-11.692,79.7,3
6.84,-6.741,88.2,3
25.5,-3.363,37.5,3
26.9,-6.044,86.8,3
21.6,-5.396,71.5,3
20.6,-8.664,81.5,3
17.5,-10.452,91.1,3
19.1,-4.11,73,3
44.1,-6.992,42.7,3
35.5,-7.334,62.9,3
3.89,-5.927,63.8,3
31,-6.162,88.3,3
31.5,-6.981,83.3,3
29.9,-7.194,60.2,3
40.6,-7.388,73.2,3
7.24,-13.326,76.9,3
14.9,-4.54,76.2,3
16.3,-6.091,88,3
18.1,-13.264,80.1,3
24,-6.231,73.6,3
52.1,-7.957,88.9,3
34.6,-5.944,56.3,3
18.1,-5.54,95.5,3
20.3,-9.082,80,3
37.9,-9.05,91.3,3
10.8,-7.013,91.2,3
19.6,-9.147,52.6,3
23.4,-8.979,83.4,3
11,-9.532,87.1,3
24.9,-4.973,55.2,3
28.8,-5.123,80.7,3
29.1,-6.37,85,3
9.05,-6.556,86,3
33.6,-9.275,79.2,3
26,-7.807,78.4,3
2.86,-3.541,76.2,3
6.57,-5.181,62.5,3
4.3,-7.271,66.5,3
47.7,-11.49,54.2,3
18.9,-10.489,87.1,3
33.8,-5.541,72.6,3
13.4,-8.569,39.1,3
12.1,-5.616,58.4,3
3.82,-10.128,71.1,3
14.8,-6.072,85.4,3
13.8,-11.709,68.1,3
20.9,-8.066,75.2,3
20,-5.428,89.8,3
6.04,-6.581,70.8,3
9.98,-6.465,88,3
32.4,-6.572,88.7,3
26.3,-10.549,85.8,3
14.4,-6.634,84.7,3
27.4,-6.3,53.7,3
35.7,-6.664,63.8,3
7.24,-12.759,62,3
34.1,-7.451,84.4,3
20.9,-23.057,68.7,3
17.7,-5.188,75.3,3
34.8,-5.709,67.1,3
44.4,-9.157,63.7,3
25.2,-6.525,80.9,3
23.9,-6.468,71,3
25.4,-11.08,77.9,3
6.31,-5.166,84.7,3
13.3,-6.655,81.3,3
11.3,-10.695,85.8,3
40,-9.041,49.5,3
36.1,-11.371,63.1,3
4.85,-6.959,78.1,3
6.08,-7.249,61.9,3
13.6,-7.429,85,3
8.08,-7.272,71.4,3
35.6,-3.463,64.7,3
29.6,-8.723,88.3,3
6.71,-12.929,72.6,3
14,-3.445,41.7,3
39.2,-14.029,76.6,3
4.58,-3.854,69.4,3
41,-6.709,56.4,3
24.7,-9.369,79.7,3
5.05,-3.892,72.1,3
37,-9.483,88,3
5.04,-8.019,61.5,3
32.3,-4.686,63.7,3
7.65,-6.866,73.2,3
35.3,-6.789,92.9,3
26.2,-5.619,68,3
46.2,-11.937,82.4,3
36.9,-4.886,66.7,3
9.78,-5.324,74.6,3
21.6,-12.999,84.9,3
44.5,-10.479,84.9,3
8.59,-5.862,85.6,3
40.5,-5.919,68.4,3
18.3,-5.747,55.6,3
34.5,-5.53,77,3
33.1,-3.658,85.2,3
5.45,-8.039,77.6,3
5.32,-4.919,64.1,3
47.8,-6.29,59.9,3
6.99,-9.043,74.8,3
6.61,-6.639,75.5,3
35.1,-5.924,81.1,3
37.5,-8.424,49.4,3
5.66,-3.064,81.8,3
27.9,-6.122,58.1,3
22,-6.183,67.5,3
26.9,-6.044,86.8,3
7.88,-6.268,52.7,3
38.8,-10.289,53.4,3
24.8,-5.618,79.1,3
49.9,-7.188,78.9,3
21.9,-9.57,81.5,3
29.3,-5.064,92.6,3
4.89,-6.188,43.1,3
37.4,-6.812,85.3,3
18.9,-7.654,93.4,3
36.6,-10.324,77.2,3
32.6,-3.489,65.4,3
42.6,-7.128,71.6,3
9.24,-6.796,60.4,3
13.3,-10.182,70.1,3
8.39,-5.883,61.1,3
24.1,-9.628,87.4,3
18.7,-6.173,72.5,3
3.51,-8.9,63,3
32.5,-7.201,86.5,3
18.5,-4.961,94.9,3
5.12,-6,69.7,3
19,-5.743,36.3,3
25.5,-8.802,65.8,3
36.8,-8.905,47.5,3
15.5,-7.192,87.6,3
25.6,-6.855,94.3,3
16.3,-5.891,77.9,3
93.8,-10.525,55,3
10.2,-8.46,52.7,3
41.8,-9.331,70.4,3
8.73,-7.592,75.9,3
10.2,-5.81,84.7,3
18,-8.178,75.4,3
16.4,-10.425,88.8,3
30.4,-7.873,54.8,3
23.3,-6.273,63.4,3
5.62,-4.226,72,3
30.8,-6.967,53.9,3
27.1,-8.716,65.6,3
29.5,-6.403,80,3
49,-4.808,67.4,3
33.7,-7.478,86.8,3
6.72,-5.477,70.6,3
24.6,-6.832,88.4,3
11.2,-7.198,71.2,3
45.2,-9.189,64.3,3
45,-11.247,74.5,3
12.7,-4.59,45.1,3
7.75,-8.827,68.8,3
24.6,-6.832,88.4,3
33.2,-7.905,72.5,3
28.6,-6.349,57.8,3
12.4,-6.531,61.9,3
26.5,-5.543,72.9,3
34.7,-6.778,66.3,3
20.9,-9.273,81.3,3
28.8,-7.974,74.5,3
32,-5.658,91.4,3
4.45,-7.507,33.8,3
34.9,-5.675,80.4,3
17.7,-3.396,83.5,3
9.25,-14.259,86.5,3
10.2,-7.269,89.2,3
29.5,-7.337,82.1,3
26.5,-6.777,90.6,3
28.9,-11.028,80.2,3
17.7,-6.859,75.1,3
15.3,-16.069,83.5,3
13.7,-7.026,59.7,3
45.4,-9.309,92.5,3
33.3,-12.558,70.3,3
28.2,-7.482,59.7,3
3.49,-3.935,73.4,3
9.84,-5.259,81,3
37.5,-7.838,77.3,3
22.6,-8.078,86.1,3
21.5,-12.104,83.9,3
29.3,-6.205,59.7,3
26.1,-12.432,66.1,3
9.22,-8.428,70,3
33.1,-6.131,69.3,3
21.6,-6.135,76.7,3
10.5,-9.332,55.2,3
33.3,-7.368,42.3,3
37.4,-6.812,85.3,3
6.9,-5.077,87.8,3
30.5,-6.412,43.7,3
3.75,-7.429,72.4,3
33.1,-4.633,69.9,3
16.6,-11.434,87.5,3
13.7,-7.026,59.7,3
38,-6.609,84.7,3
3.53,-9.115,58.3,3
35.8,-12.261,59.8,3
7.93,-6.32,85.4,3
34.5,-5.53,77,3
34.9,-7.032,56.2,3
50.2,-8.48,70,3
4.09,-10.175,49,3
44.2,-8.37,64.7,3
40.7,-5.885,83.9,3
34.6,-3.435,32.9,3
20.1,-9.338,83.6,3
24,-7.297,56.7,3
37.4,-4.099,65,3
38.7,-8.145,43.8,3
8.29,-4.475,81.4,3
43.8,-6.737,59,3
38.4,-8.256,75.9,3
23.4,-5.133,62.2,3
39.1,-5.602,87.9,3
19,-13.358,73.1,3
33,-5.483,84.2,3
26.5,-4.87,91.6,3
32.5,-10.07,94.2,3
2.97,-9.018,70.9,3
2.81,-5.445,71.4,3
33.2,-4.952,78,3
9.05,-6.556,86,3
36.5,-3.609,44.8,3
21.2,-2.188,74.3,3
20.7,-12.028,86.7,3
3.91,-13.523,33.4,3
45.4,-9.309,92.5,3
25.6,-6.195,80.2,3
5,-8.241,72.2,3
18.2,-9.312,54.3,3
22.5,-5.64,73.4,3
6.21,-7.369,86.5,3
17.7,-6.859,75.1,3
42.4,-10.458,59.8,3
5.04,-2.066,65.4,3
35.3,-11.776,62.3,3
23.4,-3.323,81.6,3
16.3,-5.891,77.9,3
37,-6.129,83.2,3
7.59,-7.179,59.5,3
9.69,-8.016,76.2,3
3.61,-7.595,62.4,3
37.3,-5.2,67.4,3
18.1,-5.465,45.8,3
28.6,-6.349,57.8,3
3.6,-11.794,37.1,3
37.1,-5.977,55.6,3
16.2,-3.538,67.5,3
30.2,-4.775,82.7,3
5.55,-11.032,58.2,3
6.22,-7.481,85.4,3
29.4,-8.275,67.2,3
41.1,-8.815,60.2,3
3.22,-13.667,63,3
20.2,-3.547,89.6,3
23.5,-8.73,92.1,3
13.2,-7.916,74.7,3
31.3,-6.554,61.8,3
8.11,-7.954,66.3,3
28,-9.984,84.6,3
9.08,-6.873,43.1,3
13.7,-7.715,91.5,3
49.4,-13.087,94.1,3
26.9,-3.304,55.4,3
40.2,-8.965,81,3
41.5,-5.834,78.3,3
31.1,-5.857,77.5,3
17.8,-8.685,57,3
22.7,-5.717,58.4,3
44.1,-6.992,42.7,3
2.84,-10.083,60.3,3
18.7,-10.297,55.1,3
7.07,-12.477,91.3,3
