3.17,-9.451,45.7,4
41.5,-19.453,62.6,4
5.28,-5.798,56.8,4
3.41,-10.785,31.7,4
2.69,-5.256,57.6,4
4.12,-6.179,53.1,4
3.92,-8.954,63.9,4
5,-4.937,74.7,4
3.91,-6.477,81.6,4
3.99,-6.862,57.1,4
4.79,-2.023,52.5,4
6.06,-5.985,21,4
16.4,-7.924,69.2,4
3.32,-11.319,62.4,4
2.91,-6.253,52.5,4
15.3,-4.532,79.8,4
6,-6.648,35.4,4
4.56,-7.194,60.6,4
3.49,-12.461,49.7,4
3.63,-7.395,61.7,4
2.98,-3.875,45.6,4
4.47,-9.921,75.2,4
4.53,-7.263,66.5,4
8.33,-5.854,45.6,4
4.46,-7.998,34,4
7.72,-4.353,45.6,4
3.88,-13.564,45.9,4
2.88,-5.625,55.8,4
4.67,-16.775,5.99,4
21.8,-6.463,54.2,4
3.43,-8.158,44.4,4
2.77,-8.9,59.5,4
3.73,-9.147,71.8,4
9.46,-6.855,18,4
2.98,-9.447,74,4
4.55,-8.736,9.36,4
7.04,-7.497,72,4
44.3,-10.833,93.7,4
5.14,-7.34,65.1,4
3.46,-2.94,48.3,4
3.88,-13.72,36.3,4
32.7,-5.461,64.9,4
4.75,-4.632,50.5,4
3.3,-7.064,49.4,4
10.3,-7.574,37.3,4
3.76,-5.786,56.8,4
15.8,-13.456,78.8,4
37.9,-6.869,67.1,4
2.7,-4.749,60.2,4
3.46,-5.494,43.5,4
26.2,-6.401,70.2,4
5.65,-9.63,8.76,4
14.7,-3.09,44.1,4
6.12,-5.024,45.9,4
4.26,-6.485,76.4,4
6.17,-4.404,34.2,4
3.1,-9.126,45.8,4
3.59,-9.487,37.5,4
6.02,-8.14,64,4
4.08,-3.807,49.6,4
3.52,-6.173,66.2,4
3.31,-8.157,60.9,4
3.2,-5.177,45.7,4
4.52,-9.799,60,4
4.45,-5.338,69.6,4
2.59,-6.706,60.4,4
7.34,-3.771,63,4
4.08,-5.83,73.1,4
3.88,-8.309,68.4,4
14.4,-9.149,69.7,4
41.9,-5.061,59.7,4
5.41,-6.079,51.7,4
35.2,-9.574,70.9,4
3.84,-6.415,60.7,4
3.39,-6.199,46.7,4
5.8,-7.344,79.2,4
2.91,-11.036,50.9,4
10.9,-6.043,80.7,4
2.56,-11.782,41.9,4
3.99,-10.073,81.8,4
23.1,-8.62,70.1,4
4.92,-8.199,39.8,4
8.98,-7.24,41.7,4
6.94,-2.919,16.7,4
19.5,-8.404,47.1,4
5.13,-8.192,77.2,4
4.07,-2.406,54.6,4
5.94,-3.938,47.2,4
2.7,-8.744,61.4,4
4.71,-11.342,74.9,4
3.9,-5.64,72.5,4
6.51,-6.147,46.9,4
2.84,-11.561,48,4
4.38,-10.792,55.7,4
4.57,-5.802,75,4
2.92,-11.58,49.4,4
4.75,-9.387,67.8,4
4.88,-9.991,67.1,4
4.5,-7.898,41.6,4
6.52,-4.732,49.9,4
22.8,-3.369,60.3,4
4.65,-4.573,30,4
8.69,-5.186,63,4
3.81,-6.023,56.2,4
3.58,-6.379,34,4
4.24,-13.739,31.4,4
3.68,-9.118,81.5,4
4.13,-7.057,51.1,4
9.6,-6.75,73.6,4
3.32,-9.063,50.9,4
4.95,-5.628,74.4,4
6.22,-17.151,22.5,4
3.03,-5.135,63.4,4
6.04,-6.02,57.8,4
3.06,-17.747,39.6,4
4.67,-25.04,14.2,4
6.27,-13.212,26.9,4
3.25,-12.437,52.3,4
3.02,-14.52,37.4,4
4.17,-10.528,70.9,4
21.5,-8.517,74.7,4
11.9,-10.256,78.8,4
4.73,-6.387,75.9,4
4.15,-4.57,47.2,4
3.65,-8.935,48.8,4
3.75,-2.809,60.9,4
15.7,-3.382,40.6,4
3.23,-7.479,58.4,4
6.91,-34.825,30.6,4
3.37,-4.767,62.5,4
5.61,-9.361,53.3,4
4.53,-12.088,68.9,4
3.35,-7.525,75.6,4
4.71,-8.871,45.5,4
4.85,-3.866,44.4,4
3.51,-9.68,59.6,4
6.72,-6.345,22.4,4
3.92,-8.954,63.9,4
5.43,-2.578,57.3,4
37.8,-6.509,44.7,4
12.2,-10.109,46.4,4
4.6,-13.283,71.6,4
3.54,-7.136,63.5,4
3.97,-9.711,57.2,4
3.32,-10.509,57.5,4
7.77,-3.752,25.2,4
8.23,-10.323,60.5,4
4.57,-7.963,55.3,4
4.87,-7.47,62.8,4
2.81,-6.977,54.3,4
3.27,-10.977,38.3,4
3.72,-10.491,60.9,4
3.46,-6.667,46.2,4
2.98,-7.472,44,4
4.16,-6.382,46.2,4
4.23,-9.172,44.7,4
17.7,-7.571,81.9,4
4.01,-8.414,67.4,4
10,-4.007,42.2,4
3.33,-8.656,56.7,4
3.15,-6.568,74.2,4
3.62,-7.113,37.5,4
4.32,-9.072,43.1,4
3.35,-9.591,30.9,4
9.73,-11.706,84.5,4
3.67,-7.058,71,4
3.53,-7.525,52.8,4
10.3,-6.804,57.4,4
22.6,-4.772,56.8,4
2.99,-9.064,43.1,4
3.84,-9.185,43.5,4
6.54,-11.948,34.5,4
13.2,-7.626,76.5,4
4.22,-8.02,29.1,4
3.86,-13.905,40.9,4
13.3,-9.66,63.3,4
3.36,-5.11,48.9,4
5.57,-4.988,56,4
6.02,-6.504,80.9,4
4.31,-11.053,73.1,4
37.9,-8.022,59.4,4
3.11,-4.551,59.5,4
3.32,-7.442,49.7,4
6.06,-10.796,69.4,4
7.06,-4.327,12.9,4
5.44,-8.483,33.6,4
4.63,-2.766,57.4,4
4.61,-13.786,29.3,4
3.88,-11.453,76,4
4,-11.265,83.3,4
3.1,-12.442,58.9,4
3.63,-3.578,53.7,4
15.9,-5.407,51.3,4
3.41,-6.781,48.9,4
2.85,-9.739,59.1,4
3.07,-6.866,57.8,4
4.5,-9.412,54,4
9.21,-5.962,70.5,4
3.91,-8.435,60.6,4
2.71,-7.428,64,4
3.28,-11.179,30.8,4
5.22,-4.609,32.4,4
5.96,-3.913,50.6,4
13.4,-6.071,88.8,4
6.5,-4.817,35.4,4
4.38,-6.135,60.4,4
2.65,-9.364,52.3,4
27,-11.078,82.6,4
6.39,-9.665,47.5,4
5.22,-17.154,40.3,4
11.8,-7.048,63.1,4
4.86,-5.647,73.9,4
4.79,-6.006,35.6,4
2.78,-9.068,56.6,4
2.34,-6.251,67.5,4
3.32,-7.442,49.7,4
3.11,-13.669,63.6,4
18.5,-5.046,66.3,4
3.94,-8.717,47.7,4
3.39,-6.044,54.7,4
4.25,-19.37,32.8,4
4.65,-3.857,49.6,4
3.36,-12.984,67.2,4
3.89,-4.619,56.1,4
3.1,-7.399,47.8,4
15.9,-5.407,51.3,4
26.6,-10.715,60.2,4
2.98,-9.647,56.7,4
3.18,-3.272,71.2,4
4.43,-17.754,31.3,4
3.33,-13.569,44.1,4
4.03,-10.011,76.6,4
3.74,-9.67,28.6,4
2.87,-8.684,55,4
8.79,-5.14,27.5,4
4.66,-5.016,61.3,4
3.27,-11.673,67.3,4
30.1,-9.466,76.5,4
5.73,-8.81,78.8,4
4.45,-12.985,79.8,4
4.02,-2.553,54.2,4
4.27,-5.009,77.4,4
4.28,-6.255,23.2,4
6.71,-13.35,36.1,4
5.28,-2.945,35.9,4
38.7,-4.824,68.3,4
5.33,-4.88,40.8,4
3.69,-4.788,87.3,4
3.03,-7.066,56.8,4
8.18,-5.666,86.1,4
3.96,-8.97,54.5,4
3.84,-6.361,44.4,4
3.59,-20.693,16.3,4
6.06,-16.927,51.9,4
5.67,-9.387,48.8,4
3.82,-9.1,62.7,4
3.19,-11.551,39.4,4
6.14,-9.219,68.7,4
27,-7.182,68.8,4
3.43,-10.196,47,4
24.3,-6.211,35.6,4
3.53,-8.015,66.7,4
2.82,-5.635,74.7,4
3.8,-16.526,36.5,4
12.8,-3.646,61.6,4
24.5,-14.664,83.2,4
4.65,-7.759,55.3,4
3.6,-8.475,73.2,4
6.78,-9.31,68.8,4
2.9,-5.798,27.5,4
2.99,-9.064,43.1,4
3.02,-6.231,44.3,4
3.08,-6.308,58.4,4
16,-3.625,33.3,4
4.94,-15.561,68.3,4
6.86,-3.348,52.1,4
7.56,-4.864,81.8,4
8.6,-12.9,74.7,4
5.3,-8.919,55.7,4
4.96,-7.824,82.3,4
3.63,-5.247,62.3,4
4.17,-7.612,53.6,4
8,-8.515,80.2,4
2.91,-5.679,20,4
21.9,-3.929,54.1,4
6.15,-10.859,64.3,4
2.93,-4.534,48.2,4
11.2,-5.521,54.3,4
7.34,-9.016,61.9,4
5.74,-6.16,70.7,4
3.5,-10.282,32.8,4
24.7,-10.056,87.5,4
3.05,-6.644,71.3,4
3.43,-4.363,46.9,4
3.32,-6.301,71.3,4
2.66,-9.083,59,4
2.64,-6.203,56.9,4
6.1,-4.881,16.7,4
3.83,-6.326,48.4,4
12.5,-5.97,28.9,4
2.4,-7.943,57.7,4
5.17,-7.149,54.8,4
3.15,-5.888,35.1,4
2.85,-8.002,70.1,4
4.29,-6.89,54.2,4
3.56,-4.19,53.5,4
3.34,-4.878,59.5,4
3.03,-7.066,56.8,4
3.91,-7.748,46.6,4
2.85,-6.086,59.2,4
2.76,-7.201,54.5,4
4.03,-9.619,31.4,4
2.84,-7.536,66.9,4
3.24,-8.527,34.6,4
3.52,-6.173,66.2,4
3.18,-13.057,45.5,4
28.7,-9.144,53.5,4
2.94,-3.263,46.8,4
7.55,-5.209,54.3,4
3.06,-6.091,55.9,4
4.19,-6.886,59.9,4
3.35,-6.472,46.6,4
2.98,-16.7,20.3,4
14.8,-5.434,42.8,4
21.7,-3.686,37.7,4
3.31,-12.546,65.6,4
3.12,-8.106,28,4
4.92,-11.177,41.5,4
3.43,-8.315,46.4,4
4.22,-10.435,14,4
3.63,-5.54,55.3,4
4.34,-3.793,83.6,4
3.33,-9.257,54.5,4
5.39,-5.573,39.8,4
3.93,-9.195,37.3,4
7.21,-12.188,83.1,4
15.9,-5.407,51.3,4
32.6,-6.36,57.1,4
7.81,-8.984,75.9,4
6.97,-5.634,48.7,4
7.61,-5.289,53.2,4
2.98,-8.01,57.5,4
3.43,-9.965,22.6,4
5.46,-7.282,39.8,4
4.27,-6.934,46.9,4
5.41,-9.103,39.3,4
4.61,-6.745,41.5,4
16,-10.013,43.4,4
3.56,-4.825,67,4
9.21,-5.043,61.1,4
2.59,-5.412,50.8,4
4.9,-5.07,38.3,4
3.74,-7.516,64,4
5.05,-4.628,73.2,4
3.92,-3.274,35.3,4
3.04,-8.549,56.8,4
9.42,-8.264,78.9,4
43.9,-10.473,77.7,4
4.77,-5.252,95.1,4
6.45,-7.522,74.3,4
5.07,-10.294,52.9,4
2.93,-4.758,64.2,4
5.81,-9.548,79.3,4
25.4,-10.648,73.2,4
5.67,-7.246,67.5,4
4.31,-9.066,40.7,4
3.27,-11.879,36.9,4
2.94,-9.199,48.7,4
4.19,-7.288,81.5,4
3.88,-7.955,59.6,4
6.55,-6.237,41,4
3.98,-7.981,43.6,4
4.03,-8.101,56.6,4
8.72,-11.021,57.4,4
5.77,-3.912,55.3,4
4.58,-25.285,18,4
3.68,-11.5,53.5,4
7.7,-5.63,60.8,4
6.29,-7.052,26.7,4
5.76,-10.522,18.5,4
5.69,-14.785,55.4,4
4.99,-6.706,37.8,4
4.94,-9.236,50.4,4
3.1,-5.13,68.7,4
3.42,-6.681,76.5,4
3.27,-6.703,53.5,4
4.24,-6.242,55.1,4
2.73,-7.638,61.4,4
4.13,-5.443,76.4,4
2.6,-9.742,51.6,4
4.16,-6.131,40.6,4
3.41,-7.007,69.2,4
2.33,-10.17,46.7,4
3.22,-6.917,61.8,4
3,-4.124,47.8,4
3.65,-6.461,71.2,4
3.26,-14.991,54.8,4
3.8,-7.742,77.3,4
8.49,-5.818,47.9,4
3.32,-6.675,67.6,4
3.45,-8.347,49.4,4
2.79,-7.239,57.3,4
2.64,-4.275,43.5,4
3.86,-3.902,49.9,4
3.05,-10.624,40.1,4
4.56,-5.824,31.9,4
3.87,-4.701,28.2,4
3.97,-8.6,49.2,4
5.25,-4.489,55.1,4
3.06,-5.134,46.2,4
6.89,-12.215,83.6,4
3.54,-5.82,60.8,4
3.33,-6.259,41.3,4
2.94,-10.022,65.3,4
3.18,-11.087,76,4
4.14,-22.895,42.4,4
4.89,-6.684,46.1,4
3.74,-9.192,78,4
4.21,-7.357,80.1,4
3.99,-11.709,44,4
2.6,-6.676,54.8,4
3.69,-3.067,62.1,4
8.8,-12.612,77.2,4
3.63,-5.54,55.3,4
3.44,-7.6,34,4
3.23,-7.39,77.7,4
5.94,-7.863,56.5,4
14.1,-11.224,72.2,4
3.92,-5.726,58.2,4
2.89,-7.029,61,4
19,-5.084,59.4,4
3.48,-6.418,62.5,4
4.45,-7.339,64.8,4
2.65,-6.843,60.3,4
5.13,-8.578,40.6,4
4.02,-8.879,85.8,4
4.39,-13.407,53.6,4
22.6,-8.171,72.3,4
10.3,-6.99,90.4,4
7.22,-4.471,40.4,4
8.32,-5.494,39.1,4
4,-10.615,65,4
11.7,-6.384,61.6,4
2.56,-6.73,68.5,4
3.1,-8.035,59,4
6.35,-5.928,57.5,4
6.44,-9.656,49.1,4
4.46,-8.573,62.3,4
3.53,-6.433,37.9,4
3.44,-4.874,51.9,4
3.17,-7.066,49.1,4
4.45,-4.594,42.7,4
3.94,-4.557,48.1,4
3.47,-10.344,54.7,4
5.62,-6.629,38.5,4
3.95,-7.75,40.9,4
5.87,-6.004,63.1,4
3.36,-9.857,38.1,4
3.72,-8.911,29.6,4
2.8,-7.537,58.1,4
5.15,-13.249,37.1,4
7.21,-10.858,89.1,4
6.08,-11.596,50.2,4
3.12,-7.294,67.6,4
4.35,-2.512,72.3,4
7.44,-5.023,39,4
7.15,-7.713,47.5,4
4.08,-20.951,22.9,4
13.2,-7.044,84.4,4
4.54,-10.134,51,4
5.28,-4.106,24.1,4
2.69,-8.098,49.4,4
3.37,-4.767,62.5,4
4.36,-13.311,64.1,4
3.13,-9.659,66.3,4
3.97,-6.742,59.8,4
4.64,-8.431,38.3,4
22,-5.8,81.1,4
8.32,-8.091,94.9,4
4.17,-7.206,69.1,4
3.59,-6.973,57.4,4
2.7,-14.137,65.3,4
4.62,-4.744,75.7,4
8.62,-8.107,73.8,4
4.94,-6.872,75.4,4
2.96,-4.46,56.2,4
3.05,-8.29,52,4
2.61,-10.915,43.3,4
6.34,-9.517,73.4,4
2.99,-9.951,41.3,4
5.03,-6.939,38.8,4
3.05,-5.735,58.7,4
2.82,-5.635,74.7,4
5.37,-10.852,81.5,4
32.5,-8.493,64.5,4
2.59,-8.468,69.3,4
4.05,-21.725,6.45,4
4.1,-2.945,40.6,4
4.19,-18.588,48.5,4
3.23,-7.596,54.8,4
3.54,-7.742,63.2,4
4.39,-4.786,64.2,4
5.15,-3.97,59.8,4
3.75,-7.426,35.2,4
4.12,-8.078,40,4
3.98,-7.195,49.4,4
3.88,-7.955,59.6,4
6.84,-3.7,77.4,4
3.12,-11.411,56.9,4
3.48,-3.097,66.8,4
4,-12.217,41.7,4
13.1,-6.778,70.4,4
5.54,-4.157,34.4,4
4.45,-21.627,32.2,4
2.75,-7.31,64.6,4
4.34,-4.793,29,4
2.93,-4.509,44.3,4
3.68,-28.545,66.1,4
3.21,-6.248,42.7,4
6.13,-8.123,72.1,4
4.63,-4.765,42.5,4
8.57,-6.575,80.2,4
7.32,-4.436,66.4,4
16,-10.013,43.4,4
4.91,-3.593,63.7,4
8.23,-6.352,57.1,4
3.35,-20.449,43.7,4
6.36,-14.041,50.9,4
9.75,-5.005,54.2,4
28.7,-8.442,66.9,4
3.35,-7.813,23.7,4
4.15,-15.784,66.9,4
6.27,-5.84,51.7,4
7.34,-8.137,77.9,4
4.83,-8.334,82.5,4
11.6,-6.055,45,4
2.79,-11.129,45.9,4
3.4,-6.894,68.1,4
3.74,-4.831,43.1,4
6.73,-4.544,45.7,4
5.04,-7.637,70.4,4
4.33,-5.787,83.1,4
3.98,-6.267,84.3,4
3.51,-5.324,63.1,4
3.52,-7.456,67,4
6.81,-11.213,72.1,4
5.79,-8.947,81.2,4
12.1,-2.702,57.9,4
14.1,-5.922,55.1,4
7.14,-8.44,64.5,4
3.43,-9.086,46.2,4
3.04,-10.084,39.8,4
11.9,-6.222,80.4,4
4.32,-7.015,33.8,4
11.3,-8.896,72.6,4
21,-3.874,19.8,4
3.35,-8.823,59,4
3.95,-22.159,61.4,4
2.64,-6.293,60.2,4
3.72,-15.156,9.9,4
6.71,-6.834,88.9,4
3.81,-2.776,46.3,4
3.9,-15.352,33,4
4.65,-7.148,60.5,4
2.58,-10.711,60,4
3.14,-4.963,54.4,4
6.06,-5.985,21,4
4.92,-3.07,65.8,4
3.65,-9.269,72.1,4
6.92,-5.707,29.3,4
6.15,-4.943,58.8,4
7.73,-5.593,55.2,4
11.9,-6.104,44.4,4
3.17,-4.631,50.1,4
3.17,-9.451,45.7,4
8.47,-9.254,72,4
3.87,-6.814,17.7,4
14.4,-6.501,32.5,4
3.51,-7.042,41,4
2.96,-4.454,40.3,4
10.3,-11.163,49.5,4
5.49,-14.173,47.7,4
3.35,-6.493,65.5,4
15.1,-8.783,87.8,4
3.3,-13.28,39.4,4
4.22,-6.069,28.4,4
7.27,-7.999,26.7,4
4.46,-1.28,44.8,4
2.93,-8.87,43.7,4
2.97,-5.703,62.4,4
2.78,-9.068,56.6,4
5.01,-11.676,67.7,4
4.01,-7.303,54.5,4
6.57,-7.57,74.5,4
3.53,-14.178,51.9,4
3.12,-6.113,64.2,4
2.95,-10.156,51.3,4
8.93,-5.15,74.7,4
3.59,-5.938,73.3,4
8.93,-5.15,74.7,4
3.56,-4.19,53.5,4
12,-6.194,76.3,4
3.97,-7.665,73.1,4
9.96,-10.668,68.1,4
4.12,-7.275,47.3,4
12.2,-3.204,46.3,4
8.18,-5.666,86.1,4
4.21,-5.157,51.1,4
3.57,-10.437,66.9,4
8.45,-3.933,73.8,4
2.79,-9.501,57.8,4
4.23,-6.267,65.5,4
2.99,-6.868,41.3,4
3.22,-5.311,46.9,4
6.68,-6.025,75.6,4
6.43,-8.295,71.2,4
3.21,-15.326,34.6,4
3.59,-20.693,16.3,4
3.34,-12.89,34.3,4
4.38,-6.389,42.2,4
6.04,-5.747,68.6,4
11.7,-9.142,66,4
3.68,-8.662,52.5,4
5.26,-12.526,73.1,4
3.17,-6.261,72.4,4
4.17,-6.525,56.8,4
3.7,-7.372,61.1,4
12.9,-6.103,92.6,4
3.54,-20.933,30.8,4
2.94,-7.296,56.7,4
3.22,-6.468,67.7,4
8.76,-5.545,72.5,4
14.8,-3.755,49,4
8.01,-7.578,65.2,4
8.05,-7.664,66.2,4
2.77,-7.012,54.9,4
5.39,-2.432,34.9,4
7.94,-7.401,33.2,4
6.76,-6.903,67.4,4
6.11,-10.842,38.8,4
6.61,-4.395,23.2,4
6.14,-4.561,56.5,4
9.32,-5.007,50.4,4
3.84,-5.177,41.6,4
5.28,-7.261,59,4
5.46,-5.728,32.9,4
5.69,-8.552,78.7,4
17.7,-5.863,67,4
13.9,-5.912,82.4,4
18.1,-4.422,75.5,4
3.79,-5.938,62,4
3.05,-9.822,47.2,4
3.3,-9.313,37.5,4
7.93,-8.634,86.1,4
3.35,-6.396,37.8,4
4.16,-11.248,73.1,4
4.23,-10.503,34.1,4
3.25,-8.378,24,4
6.76,-6.094,62.7,4
3.28,-12.395,38.6,4
3.39,-7.64,56,4
3.82,-9.1,62.7,4
25.9,-4.714,58,4
3.14,-4.824,61.9,4
3.52,-6.173,66.2,4
4.06,-4.581,34.1,4
4.56,-7.194,60.6,4
4.53,-7.404,49.9,4
3.36,-12.999,32.1,4
6.99,-5.236,58.4,4
4.1,-20.053,7.41,4
3.58,-8.116,44.9,4
21.9,-7.182,42.7,4
3.91,-11.039,66.9,4
15.9,-7.566,52.9,4
4.26,-6.983,71,4
2.82,-8.528,43.3,4
3.81,-2.776,46.3,4
3.41,-15.119,28.7,4
4.13,-5.721,55,4
3.75,-8.325,45.4,4
2.87,-9.312,47.6,4
9.22,-7.917,69.6,4
5.86,-9.163,57.9,4
2.91,-12.141,31.4,4
3.36,-9.743,65.7,4
5.33,-4.39,17.3,4
3.22,-4.51,66.4,4
4.61,-15.931,36.1,4
2.99,-6.565,36.7,4
9.04,-2.672,37.4,4
6.75,-8.489,69.3,4
4.46,-4.126,53.1,4
3.11,-6.708,54.3,4
2.84,-6.134,42.5,4
3.09,-8.559,56.9,4
3.74,-5.15,73.3,4
14.9,-3.377,37.9,4
7.47,-3.867,51.6,4
4.57,-9.975,62.2,4
3.62,-5.233,35.9,4
30.4,-6.463,48.1,4
3.1,-9.772,43.5,4
4.13,-17.1,16.6,4
3.61,-15.02,72.9,4
3.12,-7.294,67.6,4
15.2,-6.188,43.4,4
3.6,-10.09,60.3,4
3.02,-7.551,39.1,4
3.32,-8.395,19.7,4
2.88,-5.33,69.5,4
13.1,-10.244,75.3,4
6.78,-10.152,54.3,4
4.07,-19.45,30.6,4
39.2,-6.44,57.5,4
2.96,-4.46,56.2,4
3.12,-7.746,54.5,4
6,-7.521,33.1,4
3.45,-3.765,77.5,4
5.55,-3.663,35.7,4
6.68,-3.341,60.3,4
8.47,-9.254,72,4
2.47,-7.144,53.4,4
10.5,-4.541,43,4
3.01,-4.724,52.9,4
11.2,-5.284,27.8,4
2.38,-7.39,50.6,4
3.8,-4.528,47.5,4
7.56,-4.864,81.8,4
4.93,-9.581,46.3,4
4.33,-6.76,59.8,4
17.7,-3.915,62.5,4
3.55,-5.88,65.2,4
6.54,-7.086,58.9,4
8.45,-5.946,65.6,4
3.43,-16.174,78.7,4
3.21,-8.199,59.7,4
3.34,-15.891,58.8,4
3.39,-13.039,35.3,4
4.48,-2.896,41.2,4
3.05,-4.72,48.1,4
3.67,-9.289,78,4
3.4,-10.517,49.9,4
3.37,-4.799,69.7,4
13.2,-5.757,44.1,4
2.9,-14.109,28,4
3.31,-9.796,64,4
3.11,-11.077,51.6,4
3.47,-7.554,53,4
3.62,-7.745,60,4
6.43,-11.534,80.7,4
6.5,-3.917,26.2,4
3.99,-15.445,17.8,4
2.38,-6.574,61,4
3.4,-6.801,40,4
3.17,-6.261,72.4,4
4.97,-4.23,52.2,4
3.07,-7.385,50.6,4
2.62,-10.769,44,4
12.1,-5.219,47.1,4
5.33,-3.294,20.8,4
43.2,-4.972,41.3,4
2.41,-9.403,48.3,4
3.92,-8.954,63.9,4
2.52,-10.652,47.5,4
4.69,-4.115,40.1,4
4.58,-5.594,87.1,4
2.76,-8.574,57.9,4
11.1,-4.626,68.1,4
7.59,-7.725,76.3,4
10.4,-5.729,27.4,4
3.59,-7.682,46.6,4
3.22,-10.425,56,4
23.4,-3.645,54.5,4
7.99,-4.564,39.2,4
3.77,-10.845,74.3,4
5.83,-6.398,70.4,4
3.51,-7.823,58.8,4
10.2,-4.835,81.7,4
3.38,-8.544,25.3,4
3.28,-6.977,60,4
2.72,-8.05,51.7,4
5.5,-6.659,55.1,4
3.72,-9.214,42.2,4
4.43,-6.832,82.7,4
21.5,-7.174,93.2,4
3.01,-3.641,52.2,4
4.95,-3.517,91,4
4.31,-7.572,64.1,4
7.24,-9.757,59.1,4
20.6,-3.309,83.4,4
26.8,-5.138,79.1,4
3.93,-10.003,39.8,4
4.16,-8.393,78.6,4
2.81,-10.228,56.4,4
6.03,-4.402,76.1,4
5.04,-2.602,14.7,4
2.81,-6.165,39.2,4
4.25,-9.81,59.9,4
3.03,-7.271,70.5,4
5.05,-8.319,50.2,4
4.12,-8.078,40,4
2.64,-11.192,60.5,4
4.21,-7.357,80.1,4
4.09,-5.119,46.9,4
5.59,-11.206,77.6,4
35.4,-8.14,83,4
2.62,-7.797,65.2,4
6.06,-10.305,52.5,4
4.23,-13.172,54.9,4
3.14,-6.588,68.5,4
2.66,-11.263,59.6,4
4.19,-8.493,29.6,4
4.1,-9.529,64,4
2.91,-6.447,49.5,4
4.16,-4.02,61.1,4
5.44,-7.09,59.2,4
3.15,-8.7,50.3,4
13.5,-9.638,62.6,4
4.94,-10.949,60.1,4
49.9,-13.364,60.7,4
3.04,-7.065,88.6,4
9.95,-6.984,12,4
4.46,-8.318,60,4
2.56,-6.709,53.9,4
5.29,-9.822,89.7,4
9.11,-9.212,65.7,4
3.16,-4.967,70.3,4
4.02,-8.325,72.2,4
2.61,-6.391,59.7,4
3.06,-8.379,59.6,4
3.36,-5.11,48.9,4
3.87,-4.701,28.2,4
3.47,-6.219,69.9,4
3.75,-6.015,39.5,4
3.22,-15.137,44.7,4
17.7,-5.855,43.9,4
22.1,-9.703,85.2,4
3.07,-11.666,54.3,4
3.44,-5.682,40.1,4
3.99,-11.783,39,4
5.63,-10.702,26.2,4
2.81,-7.165,69.3,4
3.83,-5.465,20.2,4
4.36,-6.272,63.1,4
3.65,-9.143,66.3,4
3.84,-8.604,77.5,4
11.1,-2.497,46.4,4
4.61,-8.469,67.9,4
2.82,-5.232,49.8,4
5.38,-6.954,84.7,4
37.9,-19.045,72.7,4
3.18,-5.415,42.8,4
5.12,-4.87,41.6,4
8.7,-9.036,43.9,4
66.7,-20.326,24.3,4
3.18,-8.276,42.7,4
10.1,-14.309,41.6,4
4.41,-21.703,18.4,4
4.02,-15.673,21.2,4
11.5,-8.676,81.1,4
4.1,-6.547,70,4
6.76,-4.391,60.9,4
5.39,-2.626,51.3,4
3.5,-8.132,34.1,4
3.54,-11.926,41.1,4
6.38,-13.385,81,4
5.29,-11.81,50,4
3.22,-20.394,64,4
4.12,-12.255,62.3,4
19.6,-6.413,57.1,4
30.7,-13.35,48.2,4
3.76,-7.378,43.3,4
4.15,-5.04,54.6,4
2.78,-14.682,43.7,4
9.58,-7.918,55.5,4
3.34,-9.099,63.1,4
3.86,-7.76,51.6,4
21.5,-8.517,74.7,4
2.71,-6.862,44.5,4
3.66,-8.2,61.6,4
2.62,-6.6,65,4
8.46,-5.11,46,4
27.8,-5.07,61.3,4
4.34,-4.991,34.6,4
2.95,-12.655,63.1,4
4.87,-4.697,43.5,4
3.08,-10.348,61.9,4
3.01,-9.182,68.2,4
9.15,-5.613,54.2,4
26.2,-5.338,70.7,4
3.04,-6.249,57.4,4
10.5,-10.579,74.2,4
3.02,-5.325,54.8,4
4.02,-14.456,28.2,4
8.61,-6.113,78.9,4
3.1,-7.571,48.3,4
3.77,-8.821,27.7,4
33.4,-2.468,67.5,4
3.19,-5.497,59.3,4
3.35,-8.823,59,4
3.12,-17.638,40.1,4
2.63,-8.747,54.1,4
5.11,-9.312,73.4,4
3.57,-8.39,22.4,4
3.16,-8.48,46.4,4
3.45,-9.84,60.1,4
10.3,-5.015,36.4,4
2.76,-7.81,66.5,4
3,-6.358,64.1,4
4.78,-10.18,89.7,4
2.42,-6.896,63.1,4
2.69,-5.256,57.6,4
2.81,-7.834,58.6,4
2.47,-7.144,53.4,4
3.86,-8.138,40.2,4
2.8,-7.893,59.6,4
3.47,-6.219,69.9,4
4.23,-13.172,54.9,4
25.4,-6.569,75.4,4
2.9,-8.613,62,4
2.78,-7.2,66.3,4
2.41,-9.216,61.5,4
5.11,-6.198,44.3,4
4.11,-5.403,57.2,4
4.88,-4.686,72.9,4
5.02,-4.87,55.2,4
3.85,-14.271,88.3,4
3.86,-7.079,32.3,4
3.92,-5.559,37.2,4
20.9,-6.808,66.5,4
2.58,-7.887,48,4
3.11,-10.729,58.2,4
12.8,-6.043,25.9,4
17.4,-11.856,51.8,4
4.34,-4.401,65.2,4
3.69,-9.556,47.2,4
4.06,-18.558,52.1,4
2.89,-12.413,75.2,4
6.17,-7.338,56.2,4
3.9,-29.617,24.9,4
3.79,-4.575,73.5,4
7.13,-7.839,52.1,4
3.1,-7.495,44.1,4
4.15,-13.179,38.4,4
5.14,-3.47,59.4,4
3.27,-12.839,74.5,4
3.03,-6.185,58.6,4
4.82,-6.475,61.6,4
2.68,-6.155,60.4,4
5.25,-4.489,55.1,4
5.39,-9.618,78,4
3.68,-16.932,13.7,4
6.24,-6.237,43.8,4
7.64,-11.836,60.7,4
7.78,-5.588,70.2,4
2.78,-6.39,48.4,4
4.95,-7.378,63.4,4
2.88,-17.677,30.3,4
2.91,-10.568,57.7,4
2.91,-6.165,44.1,4
10.8,-3.578,58.7,4
4.28,-8.695,54.9,4
3.98,-6.267,84.3,4
3.38,-4.09,75.3,4
4.26,-9.954,66.3,4
3.4,-7.885,67.2,4
27.2,-15.255,71.9,4
4.32,-8.924,36,4
3.36,-9.796,41.8,4
3.4,-10.396,61.9,4
12,-7.482,51.4,4
3.6,-13.707,46.6,4
8.47,-10.18,81,4
15,-9.041,73.6,4
29,-3.378,27.4,4
6.41,-6.938,61.8,4
8.1,-7.32,19.3,4
3.89,-15.76,48,4
7.41,-4.91,65.7,4
7.21,-14.421,46.6,4
6.28,-9.495,71.7,4
2.56,-7.547,59,4
3.28,-10.854,54.6,4
6.21,-5.122,49.5,4
3.88,-10.294,65.3,4
26.6,-8.001,80.1,4
2.61,-6.62,62.4,4
4.7,-7.154,84.5,4
2.62,-10.769,44,4
17.1,-2.855,26.6,4
3.34,-11.717,72.2,4
3.2,-7.064,36.3,4
8.15,-10.024,70.5,4
12.8,-8.926,54.9,4
7.66,-15.639,72.3,4
6.01,-5.711,61.8,4
3.47,-13.743,72.9,4
4.94,-6.872,75.4,4
3.73,-9.147,71.8,4
4.5,-11.757,37.4,4
5.78,-7.383,76.3,4
4.47,-9.116,79.5,4
4.83,-9.99,56.9,4
3.75,-7.468,47.1,4
7.19,-4.174,38.1,4
2.93,-10.063,37.5,4
2.67,-8.238,63.1,4
3.04,-15.474,56.2,4
6.42,-4.506,33.9,4
6.1,-5.313,30.4,4
3.09,-5.691,70.4,4
8.73,-8.924,54.2,4
4.04,-4.659,57.6,4
3.06,-13.261,46.2,4
7.99,-17.031,61.8,4
4.46,-5.578,74.1,4
3.67,-10.117,74.3,4
4.36,-3.997,59.2,4
10.5,-3.168,47,4
5.98,-9.34,79.9,4
24.5,-7.966,89.9,4
8.04,-5.267,79.7,4
4.15,-7.289,67.9,4
2.79,-12.165,68.2,4
4.23,-4.698,44.6,4
3.51,-7.042,41,4
6.44,-3.994,51.6,4
4.07,-9.765,60.2,4
4.59,-3.516,41.3,4
2.74,-5.813,49,4
3.78,-5.576,47.1,4
3.39,-8.281,47.9,4
7.75,-9.293,67.2,4
3,-8.455,51.4,4
4.79,-6.006,35.6,4
9.54,-8.27,52.3,4
2.93,-4.807,64.9,4
15.1,-7.186,68,4
3.39,-6.52,77.2,4
15,-5.643,60.3,4
3.11,-12.368,76.2,4
4.54,-11.553,86.4,4
3.15,-8.354,69.3,4
4.89,-6.025,53.1,4
2.86,-8.408,38.7,4
5.15,-7.349,41.5,4
4.99,-8.421,64.4,4
4.92,-8.215,86.4,4
3.09,-8.152,72.1,4
15,-5.464,58.9,4
3.58,-9.342,60.8,4
4.83,-4.741,70,4
3.32,-7.68,49.1,4
3.44,-13.058,64,4
10.7,-9.449,75.5,4
3.78,-14.416,21.5,4
4.02,-6.308,70.6,4
2.76,-8.756,63.5,4
3.44,-8.817,85.9,4
4.07,-12.953,41.2,4
6.9,-5.686,53.3,4
3.92,-1.73,62.1,4
38,-6.327,78.1,4
5.87,-4.744,57.1,4
39.8,-5.989,36.6,4
4.9,-9.774,70.1,4
3.93,-5.059,46.7,4
6.13,-8.123,72.1,4
3.08,-9.11,31.6,4
17.2,-2.873,43,4
17.7,-7.571,81.9,4
6.3,-3.125,55.8,4
10.3,-7.996,78.8,4
3.96,-8.257,43,4
2.77,-11.221,45.6,4
3.87,-10.087,71.9,4
3.89,-8.734,48.3,4
2.74,-7.82,67.6,4
5.14,-14.697,35.6,4
3.18,-11.588,59.7,4
4.31,-2.445,47.9,4
4.07,-9.76,50.2,4
3.92,-10.169,44.3,4
7.34,-9.802,70.9,4
2.72,-12.503,55.1,4
14.9,-4.314,38.9,4
4.39,-30.124,13.7,4
2.92,-10.111,43.7,4
4.05,-6.105,38,4
4.56,-14.722,39,4
6.11,-4.461,61.4,4
3.27,-12.562,36,4
3.86,-7.76,51.6,4
2.97,-14.475,79.5,4
2.97,-14.475,79.5,4
3.15,-5.176,38.5,4
3.38,-5.603,50.2,4
4.15,-7.893,67.5,4
3.12,-7.965,47.7,4
6.3,-10.394,60.3,4
4.02,-6.424,69.3,4
54.3,-9.419,76.9,4
4.61,-5.053,63.3,4
3.66,-10.048,72.6,4
2.97,-5.703,62.4,4
3.31,-7.434,63.4,4
4.58,-3.124,71.6,4
4.33,-6.925,56.2,4
4.05,-20.043,30.6,4
6.78,-5.784,44.3,4
6.87,-14.63,85.4,4
3.89,-7.675,58.2,4
3.21,-5.372,46.9,4
4.99,-7.609,41.6,4
5.59,-6.311,67.2,4
3.1,-8.946,53.2,4
4.09,-8.568,76.1,4
4.19,-4.53,42.5,4
5.23,-6.743,70.1,4
4.94,-6.673,81.4,4
4.63,-9.304,70.2,4
3.69,-9.432,65.9,4
18.6,-6.21,88.7,4
4.97,-10.164,65.3,4
5.71,-7.822,64.1,4
3.43,-5.854,52.8,4
3.41,-8.301,53.3,4
3.92,-3.274,35.3,4
5.3,-8.786,85.4,4
6.59,-4.724,50.5,4
4.65,-7.759,55.3,4
3.92,-4.657,29.4,4
2.9,-10.937,52.9,4
2.53,-5.595,73.3,4
2.9,-6.174,69.7,4
5.02,-4.175,68.9,4
2.65,-14.918,43.9,4
3.06,-5.655,53.1,4
8.81,-16.545,67.1,4
6.8,-7.837,35.6,4
8.61,-6.113,78.9,4
3.62,-6.746,44.6,4
4.45,-5.766,65.8,4
6.36,-8.215,13,4
2.78,-7.987,67.6,4
3.21,-7.38,61.5,4
5.8,-7.239,33.9,4
3.58,-10.025,72.4,4
3.1,-9.357,44.8,4
2.43,-8.321,57.4,4
4.61,-5.131,37.3,4
3.37,-15.559,40,4
3.8,-9.026,31.4,4
9.68,-14.263,31,4
3.02,-4.722,66,4
3.02,-5.396,62.1,4
7.99,-7.828,72.6,4
2.67,-6.754,60.3,4
3.19,-7.121,67.7,4
4.48,-7.963,69.4,4
3.82,-5.317,57.5,4
3.17,-9.685,32.2,4
4.51,-12.903,35.7,4
4.27,-12.436,62.8,4
2.7,-5.813,51.1,4
3.08,-8.398,55.8,4
4.04,-4.659,57.6,4
2.79,-8.545,62.5,4
5.47,-12.891,50.1,4
4.86,-4.172,29.3,4
3.92,-20.361,38.1,4
3.12,-6.037,52.2,4
11.4,-4.555,43.1,4
3.85,-7.434,62,4
6.94,-7.959,70.6,4
3.15,-8.622,67.5,4
8.76,-5.545,72.5,4
4.53,-9.07,26.6,4
28.5,-3.635,53.5,4
3.06,-5.699,79.3,4
22.1,-4.718,63.9,4
3.04,-7.644,48.8,4
4.23,-5.076,18.6,4
3.99,-6.665,71.5,4
6.75,-7.354,68.5,4
2.92,-6.018,55.6,4
5.02,-5.035,37.3,4
3.91,-5.321,55.7,4
2.76,-4.464,76.5,4
3.49,-6.889,44.2,4
7.14,-8.44,64.5,4
15.2,-11.889,31,4
3.37,-21.022,54.5,4
4.63,-6.625,70.5,4
3.46,-5.136,47.1,4
4.51,-4.165,49.8,4
3.14,-3.909,75.8,4
4.1,-4.886,75.5,4
61.9,-9.14,67.3,4
4.14,-8.071,34.7,4
3.75,-15.961,34.2,4
2.78,-8.163,33.9,4
10.6,-4.84,37,4
3.42,-7.069,43.2,4
4.07,-12.953,41.2,4
3.16,-9.342,38.9,4
3.82,-8.252,32.5,4
3.53,-14.178,51.9,4
5.02,-10.538,21.4,4
15.9,-13.135,49.5,4
3.42,-4.816,43.8,4
3,-10.072,66.9,4
10.5,-6.784,44.8,4
12.3,-6.326,41.9,4
3.75,-12.351,11.5,4
3.65,-8.176,61.6,4
3.41,-8.301,53.3,4
20.4,-5.648,37.9,4
6.95,-5.167,72.6,4
11.8,-4.123,56.9,4
3.04,-8.747,59.7,4
4.25,-3.542,53,4
3.55,-6.473,69.4,4
4.84,-5.142,45.8,4
4.38,-9.887,60.2,4
4.33,-5.754,87.5,4
3.93,-9.195,37.3,4
3.02,-13.599,36.8,4
4.28,-16.566,81.1,4
3.68,-9.487,55,4
6.32,-21.203,12.4,4
2.79,-7.472,37.7,4
3.87,-8.478,47.8,4
2.4,-10.802,64.7,4
5.02,-13.354,67.6,4
3.05,-7.591,40.7,4
2.84,-6.134,42.5,4
15.9,-3.648,28.8,4
8.49,-5.818,47.9,4
3.93,-7.964,65,4
3.88,-9.503,56.2,4
3.38,-9.57,30.5,4
6.21,-5.255,31,4
8.79,-8.041,66,4
5.77,-6.856,77.6,4
3.23,-4.837,68.4,4
3.21,-8.57,63.6,4
2.74,-9.51,66.4,4
9.5,-3.998,56.7,4
3.95,-7.984,21.2,4
17.8,-8.063,80.1,4
9.85,-7.644,38.2,4
3.38,-4.917,46.7,4
8.3,-0.885,22,4
10.7,-2.777,35.2,4
5.18,-10.434,64.1,4
3.93,-9.192,57.9,4
4.34,-4.991,34.6,4
4.27,-13.75,47.2,4
2.52,-7.548,62.6,4
13.3,-10.39,61.5,4
3.3,-6.17,67.9,4
3.85,-11.493,55,4
9.86,-6.767,76.3,4
3.4,-2.983,74.2,4
11.9,-2.442,58.6,4
6.13,-18.73,62,4
15.8,-6.273,73.9,4
3.71,-11.028,61.4,4
4.17,-7.612,53.6,4
3.8,-9.026,31.4,4
6.32,-20.228,60.2,4
3.55,-7.552,57.8,4
2.82,-5.635,74.7,4
8.96,-4.975,54.5,4
5.69,-3.213,42.1,4
13,-1.585,45,4
32.8,-12.448,67.1,4
3.17,-8.467,50.9,4
2.65,-6.843,60.3,4
6.63,-13.747,53.9,4
9.14,-7.384,68.1,4
35,-14.15,53.6,4
2.74,-4.958,52.3,4
4.37,-5.49,58.2,4
52.5,-7.401,44.8,4
5.47,-5.351,63.4,4
3.39,-11.795,66.9,4
3.93,-7.964,65,4
2.57,-4.412,53.2,4
3.04,-6.736,63.8,4
7.36,-19.456,50.8,4
5.44,-7.09,59.2,4
6.51,-7.659,79.4,4
6.81,-6.069,57.7,4
2.3,-5.125,69.1,4
6.84,-4.717,47.4,4
6.12,-5.024,45.9,4
9.21,-7.62,57.5,4
2.74,-9.975,55.3,4
3.22,-5.852,46.6,4
3.17,-7.393,56.5,4
3.6,-8.57,62.7,4
5.37,-7.659,91.7,4
3.7,-14.899,26.6,4
3.18,-7.163,57.3,4
32.5,-6.657,67.2,4
5.18,-4.893,79.7,4
2.85,-16.917,57.5,4
3.92,-1.73,62.1,4
4.72,-7.718,24.7,4
33.3,-8.914,83.7,4
5.76,-7.294,36,4
4.55,-6.87,69.2,4
4.09,-9.297,31.4,4
3.72,-9.935,51.5,4
5.01,-22.8,37.2,4
4.13,-23.13,35.4,4
3.94,-4.557,48.1,4
2.67,-11.396,54.3,4
4.16,-5.576,57.3,4
3.41,-6.184,45.8,4
3.58,-4.849,35.3,4
8.75,-3.668,63.8,4
4.11,-6.013,65.1,4
4.01,-4.691,39.1,4
3.33,-18.788,30.8,4
4.23,-13.997,67.9,4
9.03,-7.64,55,4
4.34,-7.544,78.3,4
14.5,-7.03,73.5,4
3.68,-13.756,27.5,4
42.7,-5.664,71.7,4
6.61,-6.842,60.6,4
6.64,-7.616,57.3,4
4.91,-3.593,63.7,4
22.1,-4.718,63.9,4
2.35,-5.299,71.4,4
7.35,-6.136,52.5,4
3.76,-4.164,61.9,4
5.66,-13.581,49.1,4
11.6,-10.018,67,4
3.55,-5.081,54.4,4
3.68,-5.262,71,4
3.24,-5.787,41.3,4
11.4,-5.383,40.6,4
24.5,-11.706,79.6,4
3.49,-10.997,13.1,4
3.99,-3.943,58.2,4
5.29,-5.446,47.5,4
3.15,-7.521,71.1,4
3.5,-10.282,32.8,4
4.12,-8.078,40,4
5.39,-6.015,77.1,4
10.6,-15.173,67.3,4
4.23,-10.503,34.1,4
7.89,-3.623,34.2,4
3.01,-6.379,48.3,4
4.17,-7.307,53.4,4
2.62,-6.512,58.2,4
4.77,-12.49,72.6,4
3.17,-13.545,13.3,4
12.1,-3.719,27.8,4
3.93,-11.179,68.8,4
3.97,-8.615,55.2,4
5.22,-10.41,64,4
3.53,-6.034,43.6,4
3.4,-12.554,34,4
4.46,-6.356,46.7,4
4.82,-13.673,38.8,4
26.4,-6.174,65.4,4
3.12,-18.251,55.1,4
2.99,-4.528,61.1,4
5.08,-9.41,77.9,4
3.8,-8.998,24.8,4
6.54,-7.086,58.9,4
8.92,-6.209,39.1,4
5.66,-10.035,62.8,4
6.48,-3.816,38.5,4
4.25,-17.692,73.7,4
6.21,-4.676,41.5,4
4.99,-8.05,79.4,4
14.4,-9.149,69.7,4
19.1,-3.293,40.9,4
27.3,-8.958,69,4
6.24,-16.729,69.6,4
3.92,-7.15,31.8,4
4.21,-5.788,58.8,4
3.46,-5.694,55.6,4
2.51,-9.97,45.5,4
3.18,-7.355,63.9,4
6.38,-5.193,37.2,4
11.2,-14.122,58.5,4
4.55,-12.052,78.3,4
4.18,-11.274,56.5,4
6.78,-1.163,33,4
6.65,-7.663,70.3,4
40.5,-8.086,65.4,4
3.64,-4.004,51.6,4
4.26,-4.494,34,4
3.57,-8.006,56.3,4
26.2,-6.704,55.6,4
11.5,-8.676,81.1,4
3.88,-13.564,45.9,4
5.67,-9.266,73.3,4
2.76,-7.201,54.5,4
5.25,-4.489,55.1,4
5.08,-3.3,44.7,4
3.04,-6.249,57.4,4
3.42,-6.905,24.9,4
14,-3.586,37.2,4
2.61,-9.006,68.6,4
31.8,-8.535,48.1,4
19.2,-8.735,89.2,4
4.04,-7.998,34.1,4
3.44,-5.838,38.3,4
3.31,-6.36,53.7,4
3.26,-9.379,66.5,4
10.5,-5.626,50.6,4
2.83,-6.186,44.7,4
2.32,-6.062,56.1,4
6.11,-5.876,67.7,4
6.11,-10.464,50.3,4
3.02,-14.52,37.4,4
3.63,-5.54,55.3,4
17.5,-10.316,69.9,4
12.5,-4.975,58.3,4
7.62,-3.942,39.2,4
5.06,-4.909,32.6,4
3.92,-8.954,63.9,4
2.85,-7.05,70.1,4
3,-8.455,51.4,4
3.04,-6.736,63.8,4
5.17,-5.491,59.1,4
12,-4.563,52.5,4
4.47,-7.959,41.8,4
4.05,-7.39,19.6,4
3.73,-8.24,66,4
7.44,-8.933,69.9,4
3.23,-14.955,49.3,4
2.74,-9.267,49.1,4
3.11,-7.085,78,4
7.65,-7.348,76.1,4
3.92,-6.951,63.8,4
7.62,-7.109,83.7,4
2.74,-5.815,65.3,4
3.2,-9.88,43.1,4
3.46,-6.187,74.7,4
3.05,-7.623,37.2,4
5.7,-4.77,83.6,4
5.87,-11.756,45.1,4
5.37,-14.262,46,4
5.41,-8.193,31.5,4
19.9,-4.758,34.8,4
5.25,-8.929,78.6,4
5.53,-4.956,98.2,4
3.48,-11.763,24.6,4
21.9,-10.973,65.8,4
5.82,-4.681,34,4
2.46,-6.195,59,4
2.62,-5.387,59.8,4
5.86,-9.163,57.9,4
3.04,-10.569,64.3,4
2.93,-10.34,54.4,4
4.75,-5.67,59.3,4
3.54,-8.708,52.7,4
2.92,-8.412,64.2,4
2.71,-7.496,74.1,4
2.61,-7.93,60.5,4
3.64,-8.597,64.4,4
3.77,-6.271,61,4
2.83,-7.669,31.7,4
8.79,-10.864,65.1,4
6.09,-9.88,87.2,4
3.76,-5.274,72.7,4
8.61,-5.73,75.5,4
5.48,-5.091,78.4,4
4.1,-2.719,68.5,4
39.4,-6.717,72.3,4
4.62,-10.431,47.4,4
4.79,-3.91,40.3,4
3.58,-9.549,56.5,4
6.47,-6.422,61.5,4
2.89,-9.667,52.5,4
4.57,-16.707,55.6,4
8.19,-4.338,47.9,4
7.69,-7.381,46.9,4
2.58,-5.444,72.9,4
11.7,-3.795,36,4
3.19,-13.104,54.6,4
5.53,-5.618,82.2,4
3.68,-6.371,46.4,4
4.56,-5.824,31.9,4
11.1,-10.754,53.1,4
3.6,-6.869,54.5,4
3.09,-5.439,45.9,4
3.21,-6.038,68.6,4
3.62,-11.534,36.6,4
3.22,-6.099,62.8,4
10.3,-3.139,17.6,4
6.38,-4.593,37.5,4
2.86,-5.597,53.7,4
11.3,-1.742,32.3,4
2.85,-7.576,75,4
6.56,-16.633,47.1,4
5.31,-9.351,65.2,4
5.22,-13.641,36.3,4
8.3,-6.575,49,4
2.91,-8.252,67,4
4.51,-6.552,77.8,4
3.51,-3.713,76.3,4
5.12,-19.668,78.4,4
5.84,-7.572,38,4
3.92,-14.427,54.1,4
3.17,-6.261,72.4,4
3.37,-8.49,39.8,4
21.9,-2.874,48.8,4
25.9,-4.714,58,4
4.13,-18.927,64,4
47.7,-6.702,71,4
5.18,-11.4,57,4
5.29,-5.155,71.8,4
2.98,-9.965,64.6,4
4.45,-9.941,83,4
3.74,-5.088,76.8,4
3.1,-9.406,62.2,4
3.8,-5.221,48.2,4
3.34,-3.169,31.4,4
3.54,-8.708,52.7,4
3.19,-6.612,46.9,4
15.6,-23.48,52.9,4
2.77,-9.281,36.3,4
2.83,-5.186,64.1,4
2.9,-7.579,50,4
2.9,-8.843,55.9,4
15.7,-7.155,77.1,4
4.52,-7.327,21.5,4
2.62,-6.571,50.9,4
3.76,-9.401,81.9,4
6.01,-17.868,38.3,4
7.84,-7.399,62.4,4
6.8,-7.837,35.6,4
5.38,-7.8,75.5,4
7.31,-5.002,36.8,4
2.99,-8.336,46,4
3.43,-3.586,61,4
7.83,-5.885,20.9,4
3.97,-5.084,55,4
3.2,-9.93,48.1,4
3.79,-11.002,51.4,4
3.08,-8.182,61.5,4
23.9,-7.565,87.1,4
4.83,-7.707,30.4,4
4.2,-10.505,75.3,4
2.78,-8.522,53.9,4
4.22,-7.584,59.8,4
2.76,-7.352,37.1,4
3.66,-11.314,63.7,4
9.08,-6.732,79.8,4
3,-6.886,50.8,4
3.32,-7.68,49.1,4
4.74,-15.845,49.3,4
4.28,-16.566,81.1,4
3.22,-5.874,53.7,4
4.2,-6.076,61.2,4
4.84,-8.683,55,4
12.1,-8.741,77.1,4
10.6,-7.876,82.9,4
3.31,-9.897,76.7,4
4.41,-3.31,46.7,4
4.53,-5.462,66.2,4
14,-3.494,32.2,4
49.6,-4.174,67,4
2.98,-4.848,68.6,4
3.21,-5.372,46.9,4
49.7,-6.364,52.6,4
4.24,-12.385,29.5,4
3.07,-7.385,50.6,4
5.33,-7.627,61.1,4
3.62,-13.249,70.6,4
3.79,-6.153,62.7,4
3.36,-5.438,50.8,4
5.12,-4.913,57.5,4
12.6,-8.504,37.3,4
3.11,-12.368,76.2,4
7.78,-9.711,34.5,4
2.85,-10.865,66.9,4
12.3,-6.602,44.9,4
4.25,-5.316,81.4,4
37.6,-3.157,62.3,4
4.3,-10.313,39.5,4
4.39,-6.354,57.8,4
3.54,-8.93,50,4
3.47,-12.888,52.7,4
3.01,-7.481,54.2,4
2.83,-5.186,64.1,4
6.43,-11.879,45.8,4
4.2,-5.841,82.1,4
5.05,-8.547,35.4,4
4.28,-3.906,65.9,4
3.04,-7.237,69.1,4
17.7,-8.637,78.8,4
3.71,-4.666,54.9,4
5.17,-6.912,84.2,4
4.58,-6.103,57.3,4
2.58,-9.129,36,4
3.89,-4.619,56.1,4
6.88,-11.746,79.1,4
3.36,-8.716,66,4
5.62,-6.952,35.1,4
9.73,-4.771,40,4
4.36,-2.339,35.3,4
2.74,-8.546,58.2,4
10.9,-16.729,57.5,4
2.79,-8.843,37.8,4
6.48,-10.119,62.1,4
5.51,-8.948,48.8,4
9.26,-4.21,31.8,4
3.83,-6.326,48.4,4
5.61,-2.924,40.8,4
13.5,-6.796,91.8,4
2.85,-7.139,68,4
2.99,-4.034,22.5,4
3.57,-5.361,55.4,4
9.74,-5.207,65.5,4
3.08,-5.685,39.1,4
2.45,-8.82,62.1,4
9.29,-6.591,48.8,4
12.1,-8.928,51.9,4
3.41,-18.034,20.1,4
2.47,-6.242,60.4,4
2.95,-4.733,78.9,4
4.24,-6.866,52.7,4
5.59,-11.206,77.6,4
25.1,-9.528,85.4,4
9.02,-3.778,37.6,4
3.89,-10.283,24.9,4
4.27,-6.399,36.1,4
4.51,-9.045,68,4
5.46,-11.036,36.5,4
4.23,-10.503,34.1,4
7.87,-4.555,55.1,4
2.67,-7.646,55,4
36.8,-6.8,67.7,4
3.27,-11.879,36.9,4
2.71,-6.874,71.3,4
4.34,-4.991,34.6,4
8.98,-4.12,28.8,4
3.59,-7.085,67.7,4
3.44,-8.817,85.9,4
4.52,-3.602,50,4
3.34,-4.148,60.3,4
30.3,-13.251,71.5,4
2.49,-10.227,51.4,4
4.48,-8.451,43.5,4
3.75,-11.428,27.6,4
8.11,-5.896,85.9,4
5.2,-8.201,52.1,4
34.7,-7.749,65,4
7.34,-8.137,77.9,4
5.22,-2.064,38.7,4
3.01,-5.413,69.6,4
4.25,-9.494,56.1,4
3.35,-9.737,57.7,4
3.82,-7.797,72.2,4
3.51,-6.549,84.6,4
4.34,-10.128,88.3,4
35.1,-5.359,72.1,4
20,-5.976,64.1,4
4.47,-6.491,69.3,4
3.33,-3.596,68.4,4
2.53,-7.369,57.3,4
15.3,-4.877,25.4,4
4.58,-8.905,74,4
8.07,-10.017,79.6,4
3.34,-15.595,72.8,4
15,-8.201,46,4
6.37,-5.967,48,4
3.16,-11.13,41.8,4
3.29,-6.731,38.1,4
4.62,-10.431,47.4,4
14,-5.743,73.8,4
44.7,-7.85,71.3,4
4.87,-14.392,56.2,4
11.9,-5.408,30.7,4
14.7,-3.09,44.1,4
33.3,-10.812,62.6,4
3.89,-4.619,56.1,4
14.4,-9.149,69.7,4
4.11,-5.826,60.1,4
3.27,-5.882,43.5,4
6.95,-5.167,72.6,4
4.28,-5.294,51.2,4
9.87,-5.972,44.6,4
3.06,-7.534,58.9,4
4.07,-13.677,69.7,4
3.43,-10.007,63.5,4
14.6,-6.442,78.7,4
3.29,-7.046,71.8,4
16.6,-10.751,60.6,4
11,-9.726,68.3,4
4.28,-6.255,23.2,4
4.65,-3.857,49.6,4
7.77,-6.306,50.4,4
10.1,-4.829,64.8,4
4.08,-6.822,61,4
19.8,-7.247,67.4,4
18.5,-9.952,76.8,4
2.97,-8.862,56.8,4
4.02,-6.308,70.6,4
2.63,-3.809,55.4,4
4.02,-13.854,68.7,4
7.27,-5.926,58.5,4
3.95,-4.982,53.6,4
4.9,-5.07,38.3,4
3.92,-8.954,63.9,4
6.22,-5.692,66.6,4
16.1,-6.944,35,4
4.53,-2.767,18,4
4.01,-7.206,69.7,4
7.86,-13.048,32.7,4
4.06,-10.82,80,4
7.62,-5.928,46.8,4
4.61,-5.053,63.3,4
3.65,-7.39,46.8,4
5.57,-15.34,48.4,4
3.94,-2.485,41.6,4
3.72,-9.935,51.5,4
43,-6.472,61.2,4
12,-6.194,76.3,4
13.2,-7.626,76.5,4
2.77,-8.9,59.5,4
3.29,-6.731,38.1,4
5.48,-6.715,56.5,4
3.91,-16.945,49.5,4
3.92,-6.664,69.8,4
3.13,-8.669,38.1,4
4.21,-8.287,76.4,4
67.8,-13.412,59.5,4
2.68,-15.922,48.2,4
2.96,-13.442,70.7,4
3.95,-6.354,69.7,4
10.4,-9.666,78.4,4
3.65,-8.576,61.8,4
3.95,-8.306,67.7,4
2.49,-8.48,56.2,4
3.47,-6.711,56,4
4.83,-9.472,36.6,4
3.34,-9.099,63.1,4
18.8,-14.144,28.7,4
5.94,-10.15,64,4
4.35,-2.512,72.3,4
7.96,-11.494,33,4
6.13,-8.123,72.1,4
7.59,-8.503,69.4,4
3.44,-8.379,32.5,4
27,-8.397,67.5,4
11.4,-2.481,25.1,4
4.55,-10.895,73.4,4
2.75,-6.775,32.8,4
5.44,-5.116,64.5,4
3.59,-3.634,44.4,4
3.12,-7.156,60.8,4
3.86,-18.143,28.6,4
3.58,-10.025,72.4,4
5.65,-21.824,74,4
3.92,-8.553,16.7,4
6.86,-3.348,52.1,4
5.81,-6.192,31.8,4
5.43,-9.15,28.9,4
3.25,-5.451,37.6,4
3.62,-4.118,41.3,4
5.81,-6.112,63.3,4
5.95,-11.248,75.4,4
16,-10.013,43.4,4
3.38,-1.589,48.8,4
4.56,-5.824,31.9,4
4.85,-8.069,50,4
3.26,-9.698,74,4
3.1,-6.46,62.5,4
7.41,-7.839,42.9,4
3.85,-19.559,28.1,4
2.94,-5.806,55.5,4
7.99,-7.828,72.6,4
9.27,-5.399,83.8,4
5.28,-10.297,64.3,4
7.99,-7.828,72.6,4
4.07,-5.683,60.2,4
3.33,-12.171,44.7,4
3.99,-10.007,65.7,4
8.49,-5.818,47.9,4
4.35,-8.721,46.4,4
9.58,-10.429,52,4
3.58,-9.021,65.2,4
3.94,-6.788,68.6,4
3.16,-7.341,70.3,4
6.22,-5.83,71,4
10.2,-7.332,32.4,4
5.24,-11.832,60.3,4
3.97,-10.024,66.9,4
7.48,-8.728,74.8,4
2.74,-5.815,65.3,4
3.89,-7.466,65.6,4
2.93,-4.807,64.9,4
8.57,-6.757,82.5,4
3.79,-6.765,72.1,4
3.13,-3.817,24.1,4
3.8,-9.026,31.4,4
4.04,-8.482,58.4,4
2.55,-11.908,56,4
2.67,-8.266,61,4
2.77,-5.926,57.9,4
6.62,-7.926,60.8,4
4.18,-6.847,62.1,4
3.19,-6.688,52.2,4
4.23,-17.091,67,4
4.88,-5.268,45.5,4
2.83,-5.282,47,4
3.44,-5.704,55.4,4
2.62,-5.257,46.6,4
3.15,-4.116,26.5,4
4.26,-6.315,58.1,4
3.95,-9.641,56.5,4
2.59,-10.668,43.7,4
4.28,-8.712,76.2,4
6.84,-8.314,65.6,4
6.55,-13.34,76.2,4
33.5,-8.979,64.6,4
9.23,-6.788,18,4
3.55,-5.61,55.2,4
3.88,-6.981,74.6,4
3.33,-7.949,77.4,4
2.87,-5.687,75.1,4
2.63,-6.476,68.4,4
2.57,-9.697,45.6,4
2.72,-6.113,59.1,4
2.87,-7.607,41.4,4
3.4,-5.747,61.7,4
7.05,-16.481,78.1,4
2.86,-7.264,65.4,4
16,-10.013,43.4,4
4.22,-10.435,14,4
11.9,-8.889,65.7,4
7.6,-2.925,44.9,4
13.5,-7.283,87.8,4
3.05,-4.975,44.7,4
5.53,-4.796,63.5,4
2.76,-10.051,50,4
4.02,-7.052,83.7,4
5.81,-14.21,85.6,4
35.7,-4.53,87.3,4
4.87,-4.202,42.7,4
4.15,-5.717,74.3,4
19.9,-6.871,82.4,4
4.36,-8.688,46.1,4
9.58,-10.429,52,4
8.71,-6.459,66.9,4
4.98,-9.163,73.1,4
7.89,-7.714,27.7,4
4.11,-6.005,78.8,4
4.37,-7.684,47.5,4
5.05,-9.454,66.5,4
19.4,-5.175,76.8,4
4.7,-3.65,47.3,4
3.67,-8.787,74.3,4
5.47,-5.511,58.1,4
6,-9.253,82.1,4
4.49,-5.219,63.6,4
4.29,-6.89,54.2,4
2.81,-7.834,58.6,4
3.62,-4.479,55.4,4
7.57,-6.619,30.2,4
4.69,-6.976,70.6,4
3.55,-4.696,60,4
2.74,-5.815,65.3,4
7.2,-10.814,69.5,4
4.39,-9.819,42.5,4
11.1,-2.497,46.4,4
6.21,-5.255,31,4
4.57,-5.876,50,4
13.3,-9.573,67.2,4
4.09,-12.668,59.3,4
5.49,-6.834,55.3,4
4.25,-9.494,56.1,4
4.15,-5.427,60.7,4
3.29,-6.811,36.1,4
3.14,-4.963,54.4,4
5.62,-4.455,40.2,4
10.6,-8.084,60.5,4
4.34,-6.112,42.3,4
26.7,-11.08,80.6,4
6.97,-8.383,58.3,4
51.4,-6.389,65.4,4
4.89,-6.102,78.3,4
4.75,-4.632,50.5,4
3.35,-3.725,53.1,4
6.63,-4.559,55.7,4
2.94,-4.986,70,4
16.1,-15.987,62.6,4
3.72,-9.214,42.2,4
4.12,-9.885,68.4,4
3.3,-9.036,35.2,4
4.19,-16.642,64.5,4
3.15,-7.834,65.3,4
3.76,-7.378,43.3,4
8.48,-6.127,80.2,4
3.62,-11.861,54.7,4
9.53,-5.012,68.5,4
7.51,-2.218,33.7,4
13.6,-8.305,73.6,4
3.33,-10.829,72.5,4
2.43,-7.681,53.3,4
3.44,-5.682,40.1,4
6.03,-7.867,60.6,4
2.96,-9.739,41.1,4
5.26,-12.526,73.1,4
3.29,-8.59,70.7,4
10.7,0.878,23.5,4
4.11,-11.09,39.6,4
3.32,-10.727,63.8,4
5.96,-11.903,62.5,4
4.8,-9.103,36.3,4
5.7,-5.484,58.1,4
6.12,-5.024,45.9,4
3.21,-4.353,38.9,4
3.92,-8.954,63.9,4
5.05,-3.945,23.7,4
3.64,-8.393,59.3,4
2.94,-7.684,54.2,4
2.95,-5.76,60.4,4
13.8,-3.632,37.8,4
4.19,-6.886,59.9,4
3.97,-9.765,76.5,4
6.09,-7.014,48.5,4
4.62,-9.002,64.1,4
36.4,-9.755,82,4
3.41,-12.663,52.6,4
6.6,-6.05,29.3,4
3.67,-5.548,42.1,4
22.6,-8.44,40.4,4
20.5,-4.339,27.2,4
3.46,-7.182,53.8,4
6.7,-9.485,63.5,4
18.4,-5.791,65.2,4
23,-5.144,60.8,4
3.72,-11.283,53.3,4
11.5,-11.777,62.2,4
3.14,-4.963,54.4,4
2.72,-4.562,60.2,4
10.2,-7.901,87.7,4
17,-8.79,73.6,4
10.5,-6.024,59.9,4
38,-5.17,50.9,4
7.66,-10.222,73.5,4
6.39,-4.409,55.8,4
5.33,-7.575,60.2,4
3.61,-18.521,15.7,4
7.73,-5.948,84.5,4
2.86,-7.763,59.5,4
7.63,-5.65,38.3,4
2.85,-7.384,62.6,4
33.5,-11.178,96.2,4
3.28,-4.687,69.6,4
8.67,-2.713,68.5,4
3.14,-6.639,48.1,4
4.16,-5.576,57.3,4
3.03,-7.066,56.8,4
2.71,-10.808,54.7,4
3.31,-4.665,71.3,4
3.57,-6.482,69.6,4
2.58,-7.453,56.8,4
4.53,-13.679,75.1,4
2.59,-10.668,43.7,4
42.9,-5.33,77.1,4
4.41,-2.945,44.8,4
7.89,-10.272,47.5,4
19.5,-9.378,71.4,4
9.96,-6.104,31.3,4
4.28,-18.141,42.4,4
2.97,-14.475,79.5,4
3.02,-10.241,53.8,4
3.81,-8.182,48,4
4.48,-2.896,41.2,4
3.9,-6.163,61.8,4
3.4,-13.993,48.4,4
11.7,-2.64,11.2,4
6.23,-5.363,41,4
3.81,-11.208,68.6,4
3.57,-10.725,56.6,4
4.01,-10.659,68.8,4
3.37,-8.277,57.1,4
2.95,-6.341,53.3,4
3.87,-15.036,49.9,4
6.04,-7.261,55.6,4
4.48,-7.339,53.1,4
2.8,-6.857,46.2,4
12.5,-4.975,58.3,4
4.67,-3.984,79.7,4
2.96,-11.199,46.6,4
3.87,-6.174,68.7,4
3.29,-14.196,64.2,4
2.64,-7.76,65.7,4
3.75,-6.987,59.2,4
4.2,-8.162,30.1,4
5.19,-4.615,60.6,4
3.92,-4.668,55.3,4
2.58,-9.129,36,4
5.25,-11.647,66.7,4
3.19,-7.655,66.1,4
3.34,-6.397,72.6,4
2.61,-9.439,59.1,4
36.6,-3.567,94.3,4
3.23,-13.604,37.7,4
17.7,-4.409,44,4
5.38,-8.002,95.7,4
5.1,-4.641,52.8,4
13.3,-7.992,48,4
29.4,-4.356,67.3,4
5.61,-9.888,70.4,4
10.2,-6.411,63.8,4
4.34,-10.128,88.3,4
9.98,-7.038,27.3,4
3.8,-11.098,41.5,4
3.84,-6.997,35.8,4
3.05,-8.576,59.3,4
5.59,-3.658,76.4,4
3.55,-6.506,60.9,4
7.23,-3.281,11.7,4
9.06,-6.514,65.4,4
3.7,-9.047,52.4,4
14.6,-17.339,23.5,4
3.16,-14.938,64.4,4
3.31,-8.742,41.7,4
3.62,-16.643,54.8,4
3.54,-7.022,18.5,4
2.79,-7.239,57.3,4
4.16,-5.576,57.3,4
14.4,-3.587,57.2,4
3.1,-8.008,51.6,4
3.44,-10.118,46,4
3.43,-7.336,33.9,4
2.51,-5.289,44.2,4
3.8,-9.026,31.4,4
11.3,-7.432,66.4,4
3.34,-15.891,58.8,4
26.8,-7.234,81.4,4
40.4,-3.916,59.6,4
12.9,-6.682,67.7,4
3.23,-12.5,73.8,4
2.79,-7.93,72.8,4
3.32,-5.503,64.3,4
10.5,-6.784,44.8,4
14.5,-28.72,37.1,4
10.2,-6.679,39.8,4
3.39,-10.656,53,4
4.39,-6.47,68,4
4.06,-15.87,47.4,4
3.84,-12.59,68.4,4
3.31,-7.376,71.1,4
3.99,-3.411,51.7,4
11.4,-4.558,49.8,4
3.69,-6.664,64.9,4
5.69,-7.888,54.1,4
6.15,-6.76,39.8,4
16.1,-7.672,63.8,4
14.3,-9.695,78.1,4
2.82,-9.595,58.4,4
5.39,-5.074,68.2,4
13.5,-10.854,26.6,4
15.7,-8.086,68.5,4
3.16,-10.08,53.6,4
7.75,-4.808,46.7,4
9.92,-4.85,32,4
7.79,-5.551,67.2,4
10.6,-6.969,54.8,4
24.5,-7.966,89.9,4
9.01,-2.256,52.9,4
3.48,-17.515,76.2,4
4.19,-10.989,42.9,4
5.97,-15.551,49.2,4
5.5,-6.659,55.1,4
3.42,-9.141,33.9,4
19.4,-7.479,74.5,4
12.3,-4.122,57.6,4
5.35,-4.39,53.5,4
7.57,-1.574,49.2,4
2.78,-10.654,25.5,4
3.05,-6.527,57,4
6.69,-15.327,70.8,4
4.32,-7.706,58.6,4
4.23,-4.698,44.6,4
3.23,-7.596,54.8,4
11.8,-2.129,38.6,4
5.69,-8.552,78.7,4
4.86,-7.039,62.6,4
29.9,-13.649,51.2,4
10.4,-12.566,54.2,4
5.92,-8.726,65.1,4
14.7,-3.09,44.1,4
3.16,-8.48,46.4,4
4.3,-5.338,44.3,4
6.69,-4.636,44.7,4
3.39,-14.293,35.4,4
2.8,-9.757,51.6,4
2.78,-11.464,57.8,4
6.51,-6.761,16.6,4
2.91,-4.077,54.3,4
3.69,-15.931,54.6,4
3.39,-7.64,56,4
4.06,-6.577,43.1,4
2.63,-11.764,33,4
17.1,-8.214,34.5,4
4.79,-9.152,48.9,4
7.44,-8.933,69.9,4
3.27,-5.478,59,4
2.92,-11.111,34.9,4
5.81,-4.497,85.2,4
3.22,-9.949,72.1,4
6.34,-7.098,68,4
3.9,-5.961,57.7,4
3.91,-6.477,81.6,4
2.76,-6.49,58.2,4
6.23,-4.152,47.7,4
3.2,-7.566,30.6,4
3.05,-9.237,77.7,4
18.6,-5.252,66.3,4
12.4,-3.894,92.4,4
5.79,-17.572,50.4,4
15.8,-4.809,49.1,4
3.67,-10.942,52.1,4
7.47,-5.23,35.2,4
4.49,-8.363,73.9,4
3.51,-9.164,47.2,4
3.91,-5.13,53.1,4
2.84,-12.015,51,4
9.01,-5.901,65.5,4
3.46,-5.694,55.6,4
6.03,-6.456,71.3,4
3.9,-6.163,61.8,4
3.51,-4.815,72.9,4
3.26,-13.664,31,4
5.97,-8.873,52.6,4
3.15,-8.017,60.8,4
43,-7.58,77,4
7.84,-5.961,77.9,4
5.49,-23.525,53.1,4
6.66,-7.78,50.2,4
3.71,-20.157,57.2,4
2.74,-5.815,65.3,4
3.56,-4.19,53.5,4
3.19,-7.521,79.5,4
3.07,-10.411,44.6,4
3.93,-7.455,61.9,4
4.55,-8.559,52.8,4
3.92,-5.265,68.8,4
7.74,-4.01,50.2,4
4.28,-14.859,70.3,4
2.81,-6.174,53.7,4
28,-2.93,55.2,4
3.07,-7.385,50.6,4
2.88,-6.934,72.5,4
41,-10.176,42.1,4
5.03,-14.254,32.6,4
3.9,-6.163,61.8,4
3.91,-9.531,60.3,4
4.07,-9.76,50.2,4
4.21,-7.357,80.1,4
4.67,-6.302,72.8,4
9.43,-8.173,71.3,4
3.95,-7.247,11,4
10.2,-4.288,49,4
8.41,-4.245,44.7,4
8.93,-10.781,80,4
3.2,-7.305,59.8,4
30.2,-9.236,72.8,4
4.24,-13.268,15,4
14.5,-5.569,54.8,4
5.17,-5.852,60.5,4
7.31,-8.805,39.8,4
3.25,-12.437,52.3,4
3.64,-4.151,55.2,4
2.93,-6.772,33.2,4
3.2,-10.437,68.8,4
10.9,-4.238,21,4
3.78,-2.301,46.8,4
5.62,-8.937,67.5,4
2.85,-13.215,55.6,4
3.01,-10.27,60.3,4
6.85,-9.478,40.8,4
3.94,-8.161,27.3,4
4.07,-5.865,58.9,4
5.96,-11.925,32.9,4
7.61,-11.791,71.6,4
5.93,-4.323,57.6,4
7.58,-6.549,71.9,4
2.68,-7.343,46.2,4
9.96,-8.208,81.5,4
7.78,-30.558,39.1,4
9.95,-8.734,85.8,4
3.99,-8.17,52.5,4
10.1,-14.727,66.7,4
4.26,-3.075,59.3,4
11.5,-8.676,81.1,4
3.02,-5.474,73.1,4
2.81,-5.377,65.4,4
3.11,-5.452,53.3,4
4.98,-12.396,20.8,4
5.19,-7.782,58,4
3.7,-14.899,26.6,4
2.5,-9.786,59.7,4
8.4,-5.59,46,4
2.57,-11.841,55.9,4
6.24,-6.555,52.6,4
3.8,-3.524,48.9,4
3.65,-8.329,80.5,4
4.29,-6.89,54.2,4
4.01,-8.232,63.6,4
5.98,-8.479,77.5,4
4.31,-20.87,33.1,4
2.98,-11.12,51.6,4
24.4,-8.724,66.9,4
8.37,-7.236,58.4,4
3.77,-8.592,61.3,4
6.63,-4.559,55.7,4
7.01,-6.194,62.9,4
8.53,-4.386,64.6,4
8.18,-9.303,77.3,4
21.7,-6.021,72.7,4
3.79,-6.153,62.7,4
6.79,-9.142,61.4,4
6.05,-12.242,57.6,4
3.14,-4.824,61.9,4
3.09,-9.227,83.4,4
4.92,-6.988,48.7,4
7.01,-13.262,28.8,4
4.82,-4.45,69.8,4
21.4,-11.611,59.8,4
4.02,-7.052,83.7,4
4.51,-17.199,59.7,4
9.54,-4.365,42.2,4
5.95,-7.019,80.6,4
4.44,-4.555,92,4
4.41,-12.174,32.4,4
16.6,-8.182,45.6,4
2.92,-6.282,55.4,4
3.36,-6.004,49.4,4
12.3,-7.595,73.4,4
9.19,-6.572,22.5,4
3.47,-15.92,52.5,4
5,-4.651,35.8,4
2.42,-7.105,54.2,4
3.25,-5.32,33.5,4
3.7,-10.005,42.5,4
5.09,-4.794,46.2,4
3.35,-8.077,70.9,4
3.86,-6.535,64.3,4
3.16,-5.942,58,4
3.41,-9.946,19.1,4
3.55,-4.212,77.2,4
4.29,-6.239,39.7,4
12.7,-2.371,46.2,4
3.65,-10.855,69.3,4
13.6,-6.049,53.9,4
2.59,-8.468,69.3,4
3.29,-7.203,52.3,4
4.49,-11.907,67.3,4
4.04,-4.45,60.9,4
5.03,-6.939,38.8,4
3.14,-9.424,43.9,4
2.74,-9.536,51.1,4
6.18,-4.9,37.7,4
4.05,-5.763,59.6,4
4.28,-3.124,41.5,4
4.15,-8.371,65.6,4
3.46,-8.112,68.1,4
2.99,-6.736,69,4
4.88,-8.334,36.7,4
3.48,-10.454,69.9,4
8.13,-9.514,73.4,4
4.12,-7.407,57.2,4
3.77,-6.005,69.9,4
9.95,-6.984,12,4
12.5,-5.97,28.9,4
2.98,-4.848,68.6,4
3.83,-12.165,19.1,4
3.89,-10.062,37.9,4
9.91,-5.237,39.9,4
8.4,-1.7,30,4
3.15,-6.901,71.8,4
4.54,-6.469,62.1,4
2.95,-4.733,78.9,4
3.49,-10.648,85.5,4
5.43,-7.158,85.4,4
4.01,-6.906,75,4
3.88,-8.871,63.3,4
3.24,-9.171,56.7,4
3.93,-8.819,74.4,4
4.58,-7.804,64.2,4
4.15,-5.674,71,4
2.81,-9.153,58.8,4
21,-8.906,77,4
7.96,-11.494,33,4
2.93,-14.677,41.4,4
4.34,-6.13,42.4,4
16.6,-7.691,67.9,4
37.7,-6.255,97.3,4
5.1,-5.502,71.3,4
8.63,-7.165,23.6,4
3.82,-7.929,35.4,4
3.47,-7.144,54.3,4
4.07,-9.357,88.1,4
6.81,-5.694,35,4
4.46,-6.356,46.7,4
5.35,-11.02,80.6,4
4.03,-7.533,74.6,4
8.77,-5.996,69.6,4
4.28,-4.926,66.4,4
3.55,-5.61,55.2,4
6.08,-4.96,57.2,4
3.89,-3.956,47.1,4
4.67,-20.501,27.9,4
8.57,-10.469,37.8,4
4.6,-11.761,34.8,4
3.89,-10.638,45.8,4
7.6,-12.683,31.1,4
18.2,-7.135,77.8,4
4.39,-8.124,45.2,4
3.9,-9.662,41,4
6,-8.089,36.3,4
3.06,-6.907,78.8,4
3.33,-14,21.5,4
4.44,-4.555,92,4
4.08,-15.284,20.6,4
3,-8.455,51.4,4
3.15,-6.94,50.9,4
20.8,-7.9,72.1,4
13,-10.157,57.7,4
2.95,-4.733,78.9,4
32.2,-8.494,80.7,4
2.81,-6.298,68.9,4
3.07,-6.453,57.4,4
2.93,-9.335,69.9,4
14.5,-12.049,45.8,4
5.29,-12.16,43.7,4
2.38,-6.574,61,4
3.97,-6.742,59.8,4
7,-3.335,24,4
2.75,-13.925,42,4
6.23,-14.252,60.5,4
3.34,-5.525,55.6,4
2.93,-6.726,59,4
6.63,-9.496,62,4
3.61,-9.07,33.1,4
3.85,-18.845,72.1,4
8.52,-4.169,52.6,4
7.02,-4.944,39.1,4
4.69,-9.673,79.2,4
7.86,-4.757,48.9,4
3.98,-6.267,84.3,4
4.78,-13.513,71.4,4
6.86,-7.628,69.7,4
7.28,-8.53,54.7,4
2.92,-9.505,63.1,4
3.81,-2.776,46.3,4
4.81,-12.442,50.4,4
5.33,-11.535,52.1,4
5.35,-6.238,43,4
3.14,-6.215,59.4,4
42.5,-8.049,69.8,4
3.33,-9.131,48.6,4
3.09,-5.924,54.2,4
5.47,-6.509,58.1,4
9.53,-8.702,47.8,4
4.07,-12.597,21.5,4
3.13,-6.08,42,4
4.64,-9.365,64.1,4
12.2,-7.902,70.4,4
3.01,-5.284,83.1,4
4.15,-5.674,71,4
3.68,-4.845,25.2,4
3.97,-7.543,49.4,4
2.56,-12.205,56.5,4
6.26,-7.679,40,4
6.35,-13.208,49,4
3.69,-8.269,86.2,4
3.18,-9.029,28.2,4
4.65,-7.203,46.9,4
4.1,-9.251,76.1,4
7.44,-5.791,44.7,4
4.54,-6.936,56.8,4
5.29,-6.844,47.8,4
2.85,-7.805,65.5,4
4.09,-8.989,40.4,4
3.79,-9.279,62.5,4
4.47,-7.007,75.3,4
6.62,-7.44,34.6,4
5.03,-4.965,81.5,4
14.8,-7.658,47.6,4
6.94,-7.959,70.6,4
7.18,-8.564,53.2,4
7.06,-4.084,36.6,4
32,-3.845,28.1,4
3.93,-6.233,24.8,4
4.29,-5.597,42.6,4
4.21,-4.601,30.1,4
3.92,-6.951,63.8,4
3.11,-5.452,53.3,4
31,-5.66,59.8,4
2.73,-9.208,74.4,4
7.65,-5.95,32.4,4
2.66,-7.529,67.3,4
3.29,-6.547,55.7,4
3.59,-20.897,12.3,4
4.19,-5.373,34.3,4
5.09,-3.637,91.1,4
5.45,-5.472,69.6,4
6.47,-4.902,43.6,4
15.5,-14.732,63.7,4
3.67,-19.055,36.3,4
6.65,-8.259,42.3,4
5.11,-12.924,75.4,4
2.96,-4.46,56.2,4
2.74,-5.815,65.3,4
4.94,-9.473,46.9,4
5.33,-4.39,17.3,4
3.09,-14.31,57.3,4
3.45,-7.493,62.1,4
3.21,-10.254,57.5,4
4.05,-23.811,44.8,4
3.9,-4.149,55.3,4
10.1,-4.975,60.9,4
2.47,-6.664,53.3,4
6.02,-8.14,64,4
9.41,-7.093,69.1,4
14.6,-6.442,78.7,4
3.75,-4.835,51.5,4
3.31,-13.149,32.3,4
4.34,-11.599,33.2,4
3.59,-3.634,44.4,4
52.5,-8.385,40.1,4
38,-6.327,78.1,4
3.09,-7.249,40.7,4
3.3,-6.229,55.2,4
12.8,-4.955,73.6,4
3.32,-9.188,53.5,4
5.42,-5.243,36.8,4
2.92,-6.472,33.7,4
4.15,-6.301,17.8,4
4.52,-3.249,43.8,4
6.12,-5.024,45.9,4
5.54,-4.157,34.4,4
5.38,-8.931,41.2,4
3.23,-6.261,73.7,4
5.46,-4.884,56.1,4
3.81,-2.776,46.3,4
14.4,-9.149,69.7,4
14.9,-4.541,51.6,4
5.7,-4.907,50.9,4
8.62,-6.913,29.1,4
3.45,-16.509,52,4
2.74,-5.815,65.3,4
5.89,-8.511,68.3,4
3.75,-14.072,67.5,4
3.62,-12.773,52.2,4
7.41,-3.993,61.5,4
2.77,-11.221,45.6,4
2.9,-4.914,60.3,4
5.56,-6.686,49.3,4
8.31,-9.131,36.4,4
5.08,-13.837,23.3,4
10.1,-7.649,35.9,4
3.07,-5.203,34.8,4
2.98,-4.9,55.2,4
12.4,-7.078,32,4
3.44,-7.6,34,4
8.06,-4.575,73,4
6.33,-4.257,65.8,4
6.14,-4.561,56.5,4
3.07,-5.34,67.7,4
2.69,-5.855,52.3,4
7.18,-8.564,53.2,4
32.9,-8.622,79.2,4
3.04,-6.249,57.4,4
4.72,-7.718,24.7,4
3.91,-5.13,53.1,4
6.03,-7.891,66.9,4
11.6,-10.018,67,4
4.02,-7.052,83.7,4
9.44,-6.9,76.1,4
8.09,-4.442,47.4,4
13.4,-6.071,88.8,4
6.69,-4.636,44.7,4
3.61,-8.16,69.8,4
3.69,-7.275,66.5,4
6.21,-6.911,52.8,4
9.35,-3.569,54.5,4
3.06,-9.192,18.9,4
3.68,-4.845,25.2,4
6.63,-6.827,36,4
4.1,-5.358,61.5,4
5.43,-4.934,48.9,4
5.39,-14.413,43,4
3.37,-9.669,82.7,4
2.89,-8.22,49.1,4
5.01,-3.398,44.3,4
8.02,-6.879,76.5,4
5.91,-5.082,58.1,4
4.39,-5.567,36.4,4
3.94,-6.28,48.4,4
4.95,-9.686,85.6,4
9.25,-3.033,53.2,4
4.16,-6.994,74.4,4
2.63,-11.764,33,4
19.9,-5.055,74.9,4
3.09,-6.821,46.1,4
3.7,-6.739,57,4
4.91,-6.183,67.3,4
13.8,-3.632,37.8,4
14.3,-5.487,41.4,4
15,-5.222,26.1,4
3.28,-13.697,27.1,4
3.8,-5.221,48.2,4
2.88,-7.73,60.3,4
22.9,-8.584,70.1,4
3.36,-5.11,48.9,4
3.75,-6.299,26.3,4
2.91,-11.035,71.1,4
6.17,-7.338,56.2,4
4.08,-28.505,27,4
3.44,-7.377,45.4,4
3.26,-8.02,43.9,4
15.7,-3.205,51,4
6.62,-8.305,38.2,4
5.15,-4.556,64.9,4
4.23,-4.698,44.6,4
3.81,-11.614,51.8,4
3.23,-8.808,51.2,4
7.17,-9.078,58.9,4
3.44,-7.258,69.4,4
4.09,-7.747,39.8,4
3.95,-6.119,71.3,4
3.74,-8.197,40.5,4
5.14,-8.325,59.6,4
6.53,-7.577,62.9,4
4.43,-8.967,55.6,4
5.73,-8.81,78.8,4
2.97,-6.52,54,4
38.3,-15.313,59.2,4
5.67,-8.803,74.3,4
2.42,-9.54,70.7,4
4.35,-5.638,38.3,4
15.7,-3.205,51,4
3.44,-26.181,28.6,4
3.71,-22.355,15.8,4
4.74,-3.662,71.7,4
3.88,-4.025,48.1,4
4.02,-5.859,66.1,4
23.5,-8.437,84.2,4
3.45,-8.347,49.4,4
2.96,-9.739,41.1,4
4.69,-8.849,57,4
2.72,-6.681,44.8,4
8.36,-10.115,63.4,4
4.02,-7.052,83.7,4
2.82,-9.279,35.6,4
3.17,-6.261,72.4,4
3.41,-12.663,52.6,4
4.48,-8.216,75.4,4
3.25,-8.849,82.9,4
10.7,-6.641,70.7,4
3.11,-8.896,76,4
3.1,-12.442,58.9,4
7.47,-7.655,42.8,4
2.6,-11.33,60.6,4
3.35,-15.489,50.3,4
20.8,-6.574,66.1,4
2.92,-5.823,73.6,4
7.86,-22.639,91.2,4
11.7,-3.795,36,4
9.07,-4.1,25.8,4
3.67,-5.987,77.8,4
8.65,-12.241,73.6,4
9.59,-3.873,52.2,4
10.1,-5.412,44.4,4
5.29,-11.81,50,4
4.37,-17.288,32.2,4
4.1,-10.556,72.6,4
4.29,-6.239,39.7,4
3.33,-11.072,71.7,4
2.97,-12.425,31.6,4
7.87,-4.555,55.1,4
3.05,-6.526,65.6,4
4.97,-10.689,64.7,4
4.11,-8.967,85,4
3.17,-9.451,45.7,4
12,-4.528,76.5,4
2.55,-10.879,73.6,4
2.97,-6.293,35,4
3.81,-13.717,55.5,4
8.4,-6.814,79.9,4
3.97,-9.765,76.5,4
14.3,-12.466,62.9,4
4.65,-6.932,62.4,4
12.9,-6.4,15.8,4
7.16,-5.194,50.2,4
6.36,-9.818,62.3,4
3.44,-8.249,59.2,4
2.62,-7.879,66.2,4
10.8,-9.527,73.4,4
14.4,-8.838,39.3,4
3.99,-11.688,72.2,4
3.08,-7.434,46.6,4
2.83,-6.958,44.9,4
8.26,-6.473,62.1,4
2.59,-4.448,65.9,4
3.46,-2.94,48.3,4
3.13,-6.713,65.9,4
4.9,-3.978,56,4
12.6,-5.909,50.9,4
2.48,-4.173,60.6,4
3.21,-9.116,58,4
4.33,-5.754,87.5,4
6.1,-6.235,49.5,4
3.04,-15.556,34.6,4
2.51,-6.211,52.5,4
2.79,-7.93,72.8,4
2.98,-10.632,53.3,4
3.79,-8.013,58.7,4
17.3,-8.884,86.5,4
12.2,-8.525,66.9,4
17.7,-7.571,81.9,4
3.88,-9.649,81.2,4
3.75,-8.193,49.3,4
2.58,-9.874,36.8,4
4.76,-5.77,58.4,4
3.25,-7.581,21.5,4
3.5,-11.139,50.9,4
2.97,-5.703,62.4,4
4.87,-6.078,42.1,4
6.9,-5.686,53.3,4
3.19,-20.596,33.8,4
6.4,-5.059,73.3,4
5.78,-9.329,63.2,4
4.98,-4.226,69.2,4
3.15,-6.568,74.2,4
14.9,-15.366,79.2,4
3.03,-6.185,58.6,4
4.79,-9.249,50.4,4
4.02,-14.138,48.8,4
2.75,-11.083,58.5,4
3.72,-3.597,56.6,4
6.19,-6.789,64.2,4
6.35,-5.928,57.5,4
3.52,-15.408,56.1,4
3.84,-9.511,43.2,4
21.4,-11.51,85.8,4
5.18,-7.451,80.3,4
4.88,-7.856,71.6,4
6.72,-5.715,78.3,4
3.27,-9.017,61.1,4
6.06,-8.526,53.2,4
3.29,-3.462,62.2,4
20.7,-12.945,80.6,4
2.75,-7.31,64.6,4
3.8,-9.026,31.4,4
6.86,-13.881,71.2,4
3.91,-2.552,42.4,4
2.74,-7.94,46.7,4
4.86,-5.647,73.9,4
4.32,-9.072,43.1,4
2.62,-5.536,70.3,4
12,-4.563,52.5,4
2.96,-9.785,86,4
3.55,-12.004,45.8,4
11.3,-8.896,72.6,4
2.43,-7.25,49.8,4
23.2,-9.576,83.8,4
19.7,-24.22,22.9,4
5.77,-7.358,60.3,4
6.14,-7.992,57,4
2.89,-10.812,56.1,4
3.36,-6.455,72.8,4
19,-3.203,52.7,4
4.89,-18.131,51.9,4
2.97,-12.425,31.6,4
3.56,-5.531,86.6,4
15.6,-3.094,64.1,4
4.19,-7.981,52.8,4
3.35,-17.706,59.2,4
2.7,-8.941,43.1,4
6.35,-5.928,57.5,4
3.16,-12.774,69.4,4
6.75,-9.954,45.7,4
14.9,-6.69,43.4,4
3.16,-8.677,29.6,4
3.97,-13.636,57.6,4
3.7,-9.845,57.2,4
2.61,-6.391,59.7,4
2.63,-3.442,63.6,4
6.52,-8.741,87,4
3.2,-6.142,61.1,4
14.1,-11.224,72.2,4
3.02,-4.287,58.6,4
2.9,-9.446,56.1,4
3.4,-7.246,60.8,4
5.14,-9.119,33.1,4
2.76,-9.932,58.7,4
4.25,-4.261,52.1,4
3.63,-5.54,55.3,4
4.16,-6.153,64.9,4
2.56,-7.565,53.2,4
13.1,-9.087,80.2,4
2.86,-6.629,51.6,4
3.17,-2.522,59.1,4
36.8,-6.8,67.7,4
4.73,-6.387,75.9,4
3.4,-6.801,40,4
4.16,-6.008,77,4
4.53,-11.109,53.5,4
3.15,-7.309,54.8,4
4.5,-5.189,52.3,4
26.7,-10.371,27,4
4.92,-7.617,73.8,4
4.37,-3.822,64,4
4.1,-20.053,7.41,4
21.3,-7.373,83.3,4
28.7,-11.107,58.8,4
5.79,-5.115,87.9,4
4.12,-15.32,49.6,4
5.69,-7.547,47.8,4
5.4,-5.653,54.2,4
2.76,-10.089,36.5,4
2.66,-11.523,39.1,4
5.29,-9.723,72.1,4
3.71,-6.95,32.4,4
4.95,-5.207,36,4
3.83,-8.073,58.7,4
4.95,-5.39,55,4
3.86,-21.97,65.8,4
4.22,-8.177,62.9,4
11.3,-1.742,32.3,4
3.48,-10.043,72.8,4
4.02,-7.069,48.3,4
4.31,-9.042,69.9,4
7.34,-11.966,43.4,4
4.55,-6.04,63.2,4
12,-4.563,52.5,4
3.98,-5.345,51.5,4
6.31,-7.641,72.6,4
9.72,-13.459,68.2,4
4.72,-14.528,53.5,4
22.5,-8.568,61.5,4
4.89,-7.081,78.2,4
3.12,-9.192,44.6,4
3.67,-12.275,35,4
3.95,-8.8,61.5,4
14.5,-7.544,51.4,4
3.88,-7.955,59.6,4
3.01,-10.114,49.1,4
7.11,-9.562,92.4,4
5.22,-10.875,66.8,4
7.93,-6.622,32.6,4
6.5,-5.367,60,4
2.64,-7.587,69.5,4
13,-7.602,13.6,4
5.1,-8.079,45.9,4
3.3,-9.554,52.2,4
5.05,-3.945,23.7,4
22.4,-6.963,81.2,4
6.26,-9.539,23.9,4
3.14,-6.92,39.2,4
4.28,-5.16,64,4
26.6,-11.482,71,4
2.76,-8.495,44.5,4
3.21,-8.199,59.7,4
3.23,-8.383,44.4,4
8.3,-6.954,26.4,4
5.02,-4.175,68.9,4
22.6,-8.44,40.4,4
8.7,-11.807,61.6,4
5.98,-10.142,68.2,4
9.81,-4.882,55.1,4
17.8,-5.926,56.6,4
3.57,-10.725,56.6,4
3.2,-7.645,85.3,4
3.54,-4.235,54.6,4
5.47,-11.703,23.7,4
7.56,-4.373,46.3,4
2.64,-6.626,47.2,4
3.6,-5.529,58.8,4
3.55,-8.255,43.6,4
4.26,-8.353,27.9,4
2.81,-6.403,55.4,4
6.42,-5.158,63.3,4
3.41,-9.235,61.7,4
41.8,-9.841,78.9,4
4.21,-8.08,57.7,4
4.33,-7.731,39.5,4
3.63,-4.658,78.3,4
2.65,-7.069,43.8,4
8.09,-11.903,17.3,4
7.44,-8.933,69.9,4
33.8,-8.355,56.8,4
3.63,-25.363,30.6,4
6,-7.521,33.1,4
3.15,-8.54,48.2,4
3.21,-7.804,53.2,4
4.55,-8.303,39.9,4
2.77,-10.243,67.8,4
5.27,-9.393,58.7,4
2.79,-8.545,62.5,4
3.97,-4.019,36.3,4
5.44,-4.68,55.9,4
3.06,-5.134,46.2,4
6.7,-10.864,73.3,4
13.4,-6.37,51.6,4
3.64,-8.358,58.7,4
4.75,-5.699,77.1,4
3.04,-15.11,69.5,4
5.86,-6.698,17.2,4
3.19,-11.832,51.6,4
3.19,-5.787,48.3,4
5.91,-6.147,58.7,4
6.11,-5.876,67.7,4
19.9,-5.055,74.9,4
40.2,-7.095,75.7,4
2.49,-5.797,55.5,4
4.47,-5.503,42.6,4
3.29,-11.879,28.3,4
29,-5.563,62.7,4
4.18,-3.578,50,4
4.3,-6.367,40.2,4
3.16,-7.341,70.3,4
2.66,-10.206,69.4,4
17.2,-9.273,89.9,4
5.39,-2.626,51.3,4
3.52,-9.965,61.4,4
2.65,-6.843,60.3,4
4.06,-3.092,58.4,4
3.64,-5.162,53.4,4
3.51,-11.163,14.9,4
4.38,-5.554,71.8,4
4.51,-4.168,36.4,4
3.65,-20.924,16.3,4
5.92,-10.868,79.8,4
4.61,-4.866,48.7,4
3.07,-6.562,72.7,4
4.69,-5.336,49.5,4
37.8,-6.509,44.7,4
3.46,-6.667,46.2,4
4.95,-5.39,55,4
2.82,-5.232,49.8,4
5.25,-5.137,54.6,4
7.28,-8.53,54.7,4
2.9,-7.579,50,4
4.6,-5.771,55.1,4
4.97,-6.84,71.5,4
6.22,-7.38,79.8,4
3.22,-12.986,23.8,4
4.31,-5.75,49.3,4
3.53,-8.433,27,4
4.74,-6.121,42.6,4
5.02,-14.912,75.7,4
14.5,-8.141,73.4,4
3.37,-7.44,59.6,4
3.91,-8.296,42.8,4
5.89,-5.217,53.3,4
8.94,-7.725,39.2,4
13.4,-3.631,47,4
6.21,-4.236,61.7,4
3.87,-5.5,37,4
2.78,-6.39,48.4,4
2.97,-11.007,77.8,4
3.9,-8.208,47.2,4
3.54,-10.317,62.8,4
8.06,-1.767,10.5,4
4.38,-5.554,71.8,4
6.71,-4.33,45.1,4
5.54,-10.068,56.4,4
2.63,-8.202,61.7,4
4.16,-5.582,70.5,4
8.88,-19.057,45.8,4
3.33,-7.88,52.2,4
3.15,-6.147,62.6,4
2.9,-10.229,41.2,4
3.17,-6.904,62.2,4
14.5,-3.248,40,4
3.01,-7.481,54.2,4
23.4,-6.967,62.8,4
17.7,-5.541,88.7,4
3.01,-7.481,54.2,4
4.15,-5.599,43,4
22,-7.222,58.5,4
3.88,-4.826,96.2,4
2.82,-10.95,54.5,4
37.2,-10.936,53.1,4
4.03,-9.619,31.4,4
6.04,-4.612,39.6,4
2.62,-9.82,54.8,4
3.19,-5.457,50.5,4
3.58,-23.396,15.2,4
3.36,-6.688,54.1,4
9.34,-8.999,77,4
4.07,-9.76,50.2,4
4.17,-10.679,61.7,4
4.46,-4.126,53.1,4
3.53,-7.002,44,4
2.47,-6.664,53.3,4
4.13,-17.1,16.6,4
4.49,-10.419,68.9,4
3.53,-13.128,44.6,4
3.45,-8.288,43.3,4
4.42,-5.872,79.2,4
2.93,-8.976,57.7,4
37.5,-5.838,74,4
4.07,-10.028,66.4,4
4.32,-3.907,46.6,4
5.17,-7.668,72.2,4
2.63,-8.276,44.8,4
9.02,-3.778,37.6,4
3.14,-4.963,54.4,4
3.3,-5.146,55.2,4
7.88,-10.16,53.5,4
5.36,-7.523,76.5,4
2.68,-11.318,75,4
2.65,-7.724,52.8,4
10.5,-5.426,53.8,4
6.21,-5.122,49.5,4
3.55,-27.629,41.5,4
16.5,-7.609,77.2,4
3.65,-8.648,67,4
4.57,-5.802,75,4
3.67,-4.606,55.6,4
19.7,-3.642,65.2,4
6.1,-4.881,16.7,4
12.5,-8.886,75.7,4
3.22,-5.576,57.3,4
6.31,-7.081,77.6,4
3,-8.262,57.8,4
4.87,-7.714,72.3,4
3.06,-6.855,60.7,4
2.51,-10.894,59.8,4
7.81,-9.882,59.3,4
2.73,-8.342,64.4,4
3.48,-4.487,58.4,4
12,-4.563,52.5,4
7.89,-10.058,67.6,4
9.16,-5.002,68.6,4
3.78,-10.842,76.4,4
5.12,-4.913,57.5,4
4.06,-15.87,47.4,4
3.12,-5.76,64,4
3.7,-22.094,33.8,4
11,-8.144,35.2,4
3.01,-7.481,54.2,4
5.52,-11.372,48.6,4
5.23,-10.254,69.5,4
2.76,-6.073,62.5,4
3.09,-7.548,71.9,4
4.97,-14.319,51.9,4
12.2,-7.091,40.1,4
2.77,-4.483,70.2,4
14.1,-6.778,76.1,4
7.96,-11.494,33,4
4.25,-7.293,68.5,4
5.05,-4.633,44.4,4
6.42,-3.17,56.4,4
3.08,-2.815,50.7,4
4.58,-3.124,71.6,4
3.92,-6.487,60.1,4
3.08,-6.52,50.9,4
3.56,-6.208,76.1,4
3.03,-7.88,46.9,4
9.72,-14.084,36.7,4
10.8,-4.573,75.8,4
3.28,-15.045,34.9,4
7.19,-4.818,32.3,4
4.29,-9.699,55.1,4
3.8,-3.412,48.5,4
4.02,-15.673,21.2,4
2.98,-4.744,62.7,4
9.08,-9.561,71,4
9.43,-7.914,36.1,4
3.93,-11.77,52.2,4
2.73,-9.158,49.4,4
3.12,-11.381,48.1,4
5.9,-9.591,67.1,4
9.68,-4.739,47,4
3.92,-7.343,49.9,4
3.91,-6.099,46.3,4
3.53,-10.795,48.7,4
2.92,-8.412,64.2,4
13.1,-10.244,75.3,4
2.49,-8.111,48.7,4
3.02,-6.155,56.2,4
3.18,-8.514,58,4
37.4,-5.157,72.6,4
5.39,-5.074,68.2,4
3.09,-7.967,27.1,4
6.97,-8.383,58.3,4
15.7,-2.622,42,4
7.74,-5.655,32.4,4
4.8,-9.103,36.3,4
3.62,-4.479,55.4,4
4.82,-6.267,92.1,4
5.79,-4.361,56.7,4
3.07,-7.88,35.3,4
3.59,-8.228,68.6,4
7.11,-7.24,66.9,4
5.74,-4.792,28.9,4
7.29,-3.141,38.5,4
3.28,-5.2,79.1,4
7.15,-7.353,68.3,4
3.17,-4.352,52.3,4
8.91,-8.118,46.3,4
3.08,-6.226,56.7,4
2.97,-5.703,62.4,4
6.76,-6.094,62.7,4
4.16,-4.325,17.5,4
5.4,-8.366,58.6,4
3.01,-5.27,66,4
3.34,-4.878,59.5,4
8.66,-8.085,91.4,4
3.51,-6.368,49.6,4
4.82,-4.45,69.8,4
7.93,-5.861,62.5,4
5.8,-6.049,25.8,4
3.27,-6.159,49.2,4
7.45,-9.295,67.7,4
5.48,-5.091,78.4,4
5.74,-3.868,37.8,4
3.25,-9.094,58.2,4
4.94,-7.719,10.8,4
2.62,-7.305,58.1,4
3.7,-5.204,40.1,4
5.79,-8.108,79.3,4
3.58,-6.128,52.9,4
4.48,-8.216,75.4,4
14.2,-5.7,54.6,4
4.66,-5.016,61.3,4
3.77,-8.592,61.3,4
6.47,-6.592,44.5,4
6.56,-5.166,40.7,4
21,-10.01,50.4,4
3.68,-6.371,46.4,4
3.16,-9.004,44.5,4
4.39,-4.786,64.2,4
30.1,-9.069,65,4
3.98,-5.107,65.8,4
5.58,-6.837,66.7,4
22.5,-8.371,40.7,4
5.02,-4.87,55.2,4
3.61,-5.59,69.3,4
2.99,-10.152,66,4
7.54,-3.348,48.2,4
2.72,-10.239,45.2,4
5.27,-6.46,54.6,4
3.98,-7.195,49.4,4
2.8,-9.426,66.5,4
3.42,-10.811,67.1,4
3.29,-7.412,44.8,4
3.71,-5.013,63.9,4
4.55,-3.526,26,4
2.99,-8.528,45.5,4
3.1,-5.532,74.9,4
3.18,-8.512,60.1,4
2.68,-6.503,54.6,4
5.38,-9.948,68.2,4
4.24,-6.866,52.7,4
4.04,-7.354,85.4,4
15.1,-12.304,73.9,4
3.81,-2.776,46.3,4
6.75,-8.489,69.3,4
2.95,-5.76,60.4,4
10.8,-8.041,71.8,4
31.8,-8.535,48.1,4
4.17,-3.848,31.3,4
4.07,-3.8,68.4,4
3.19,-5.787,48.3,4
2.67,-6.347,36,4
6.58,-22.414,42.7,4
2.7,-6.151,69.5,4
2.69,-4.39,62.3,4
3.42,-9.097,20.2,4
3.54,-6.395,41.4,4
8.99,-6.301,52.4,4
3.08,-5.768,57.6,4
6.4,-5.361,54.6,4
6.41,-6.938,61.8,4
3.01,-10.27,60.3,4
2.81,-6.165,39.2,4
4.65,-7.759,55.3,4
10.6,-4.11,50.4,4
4.75,-4.354,63.6,4
3.02,-11.956,56.2,4
4.95,-4.314,60.1,4
4.15,-5.04,54.6,4
9.62,-5.881,83.4,4
4.38,-5.554,71.8,4
3.44,-6.158,58.4,4
14.3,-9.271,76.1,4
3.55,-7.616,64.6,4
2.66,-8.539,63.1,4
2.92,-8.427,64.2,4
9.69,-8.069,76.5,4
4.18,-11.515,32.1,4
3.22,-7.49,60.7,4
8.05,-6.919,73.1,4
3.45,-3.765,77.5,4
3.97,-5.917,55.6,4
2.77,-7.719,59.1,4
3.63,-11.241,53.7,4
3.96,-11.845,73.6,4
2.89,-10.486,61.7,4
2.58,-8.101,66,4
7.99,-7.828,72.6,4
9.32,-1.205,37.7,4
2.98,-8.546,51,4
2.87,-11.806,42.5,4
5.68,-11.844,47.1,4
3.72,-3.321,49.3,4
5.59,-7.381,67.3,4
3.62,-18.45,60.4,4
3.78,-8.015,44.8,4
4.87,-7.376,53.8,4
9.1,-16.373,43.2,4
3.56,-10.59,87.2,4
3.11,-6.708,54.3,4
5.67,-6.683,63.1,4
2.82,-5.232,49.8,4
5.42,-6.675,42.6,4
13.5,-6.796,91.8,4
3.27,-6,59.9,4
2.72,-9.796,44,4
3.34,-8.227,31.1,4
8.13,-9.514,73.4,4
5.01,-3.398,44.3,4
3.75,-10.155,79.5,4
4.95,-4.973,53.3,4
9.09,-10.587,48.4,4
4.55,-8.559,52.8,4
6.19,-11.876,33.8,4
12.8,-11.151,82.3,4
5.58,-9.72,39.9,4
3.72,-3.911,53,4
11.9,1.342,61.5,4
12,-5.231,32.4,4
4.21,-7.357,80.1,4
25.2,-5.877,58.6,4
3.3,-9.636,27.8,4
2.83,-7.926,65.2,4
4.3,-6.367,40.2,4
3.22,-11.611,50.8,4
4.23,-6.841,65.5,4
7.24,-5.578,45.9,4
4.51,-8.458,89.5,4
3.92,-9.028,76,4
3.18,-7.355,63.9,4
4.75,-15.041,60.7,4
3.09,-9.391,42.6,4
3.93,-3.34,77.5,4
15.9,-3.648,28.8,4
4.84,-14.553,78.9,4
3.23,-12.987,21.4,4
3.38,-11.231,45.6,4
3.25,-13.686,66,4
9.86,-6.767,76.3,4
3.67,-9.225,16.2,4
3.65,-8.176,61.6,4
2.67,-6.977,61.2,4
8.73,-8.924,54.2,4
6.63,-12.691,46.2,4
5.3,-6.072,27.4,4
11.4,-12.152,57.5,4
10.6,-7.652,93.3,4
8.23,-10.323,60.5,4
5.17,-7.668,72.2,4
3.55,-34.378,32.6,4
5.07,-5.143,57.6,4
2.82,-12.165,55.7,4
6.87,-4.176,48.4,4
9.49,-5.084,9.21,4
3.28,-16.821,51.1,4
5.18,-6.27,48.6,4
3.02,-3.759,43.8,4
4.03,-2.306,53.7,4
4.76,-6.622,23.4,4
3.75,-9.684,36.1,4
3.42,-5.693,39.9,4
46,-10.193,72.5,4
3.64,-9.059,10.6,4
2.85,-4.955,63.5,4
2.87,-9.914,76.3,4
3.3,-8.18,63.7,4
45.8,-8.581,89.5,4
5.31,-8.057,49,4
11.3,-6.928,65.3,4
15.9,-7.85,66.4,4
2.87,-5.213,68.7,4
3.61,-10.505,40.7,4
3.18,-8.393,56.7,4
3.17,-4.444,80.4,4
8.36,-4.851,49.7,4
5.83,-6.398,70.4,4
3.78,-7.243,72.1,4
4.15,-8.139,69.3,4
4.64,-8.431,38.3,4
3.33,-8.745,56.7,4
2.81,-7.573,70.9,4
5.88,-12.217,60.5,4
3.69,-12.99,53.8,4
4.78,-3.141,50.5,4
3.19,-5.457,50.5,4
2.89,-9.296,62.2,4
33.7,-8.969,62,4
29,-4.925,71.2,4
5.25,-8.334,43.4,4
21.4,-6.371,78,4
8.05,-5.26,50.9,4
3.3,-8.647,56.5,4
4.27,-4.739,51.7,4
8.94,-17.663,67.9,4
2.94,-14.304,51.2,4
4.16,-8.159,70.7,4
5.91,-8.193,60.3,4
4.5,-4.55,79.2,4
3.07,-8.961,71.2,4
3.75,-11.192,67.8,4
3.14,-5.03,61.4,4
3.71,-15.628,69.7,4
3.05,-16.211,42,4
3.77,-3.695,43.6,4
5.61,-7.583,25.8,4
3.62,-13.313,19.4,4
6.35,-5.928,57.5,4
3.24,-9.171,56.7,4
6.68,-9.069,52.2,4
36.8,-6.8,67.7,4
2.76,-8.495,44.5,4
4.71,-8.016,78.8,4
12,-5.941,83.9,4
5.54,-9.246,25,4
3.78,-7.637,45.9,4
5.11,-6.198,44.3,4
8.71,-5.235,38.6,4
3.13,-6.294,55.3,4
10.2,-6.679,39.8,4
3.34,-4.196,68.7,4
3.17,-5.214,85.5,4
3.25,-5.32,33.5,4
4.05,-4.921,59.1,4
4.59,-11.846,20.9,4
5.75,-6.727,79.7,4
2.74,-4.958,52.3,4
5.19,-6.665,65.7,4
4.52,-15.267,31.5,4
3.02,-6.312,58,4
5.86,-10.383,65.4,4
3.06,-7.469,46.1,4
4.53,-3.676,49.7,4
15.4,-3.292,21.1,4
6.02,-12.294,44.8,4
12.6,-9.902,80.3,4
3.49,-14.611,11.5,4
4.86,-5.647,73.9,4
6.56,-8.097,67,4
17.3,-3.106,63.8,4
3.68,-5.526,56.6,4
3.35,-6.85,62.4,4
2.45,-9.038,63.1,4
3.28,-6.977,60,4
5.33,-4.39,17.3,4
6.96,-11.125,45.1,4
3.31,-12.074,75,4
4.03,-9.514,61,4
44.6,-8.719,69.7,4
24.5,-7.966,89.9,4
3.42,-4.798,63.2,4
4.7,-10.124,30.4,4
4.32,-6.195,63.6,4
3,-11.768,46.5,4
2.88,-9.246,55.3,4
4.85,-9.874,34.6,4
5.05,-4.633,44.4,4
4.82,-4.45,69.8,4
6.83,-7.053,58.2,4
4.7,-3.823,44.7,4
4.12,-18.647,24.9,4
2.47,-7.144,53.4,4
11.8,-3.501,49.2,4
6.75,-8.489,69.3,4
3.77,-10.845,74.3,4
4.22,-10.435,14,4
4.41,-20.901,8.62,4
2.91,-5.503,56.3,4
5.53,-4.214,31.6,4
3.58,-14.152,50.9,4
16.6,-9.657,76.2,4
3.17,-7.099,76.5,4
3.17,-13.529,62.8,4
4.82,-10.092,62.8,4
9.02,-21.091,22.4,4
3.45,-5.288,51.6,4
5.17,-5.232,59.3,4
13.3,-2.784,69.7,4
8.3,-0.885,22,4
5.12,-4.913,57.5,4
5.46,-5.413,49.8,4
5.7,-5.484,58.1,4
4.65,-10.542,88.6,4
3.14,-3.909,75.8,4
3.16,-5.508,48.3,4
21.1,-5.082,55.8,4
2.66,-7.529,67.3,4
14.3,-5.549,33.9,4
5.11,-6.198,44.3,4
2.84,-4.083,64,4
19.5,-12.455,76.7,4
3.17,-5.379,63,4
5.86,-8.307,30.2,4
3.91,-4.974,57.6,4
29,-4.177,70.6,4
3.81,-11.208,68.6,4
21.7,-7.974,49.2,4
4.34,-8.641,65,4
8.13,-1.101,37.4,4
5.76,-15.878,73.2,4
33.5,-8.979,64.6,4
13.4,-6.071,88.8,4
3.83,-25.279,7.56,4
22.5,-8.371,40.7,4
3.53,-14.178,51.9,4
4.16,-6.504,69.9,4
4.59,-3.369,38.5,4
4.1,-8.638,72.3,4
6.51,-8.565,63.8,4
6.14,-18.11,69.5,4
4.75,-6.326,20.2,4
3.84,-7.983,56.3,4
3.27,-12.635,64.5,4
4.55,-8.559,52.8,4
5,-4.484,75.4,4
7.84,-10.581,52.9,4
4.04,-14.818,19,4
3.4,-8.581,76.3,4
2.81,-8.78,33.3,4
3.14,-7.537,58.9,4
9.38,-5.264,50.1,4
6.75,-3.499,50.6,4
3.33,-12.171,44.7,4
3.91,-3.841,40.6,4
3.16,-5.387,57.6,4
3.01,-4.983,79.8,4
3.22,-8.874,56.8,4
13.3,-7.992,48,4
4.16,-8.229,57.6,4
2.94,-4.281,46,4
7.32,-7.417,37.7,4
2.81,-3.476,64.6,4
4.47,-3.981,51.3,4
3.83,-20.405,39.7,4
14.2,-9.739,41.5,4
4.37,-8.231,61,4
15.8,-6.273,73.9,4
4.69,-5.336,49.5,4
5.63,-10.924,57.3,4
6.6,-12.602,62.4,4
4.83,-4.741,70,4
4.71,-15.184,64.3,4
2.43,-7.681,53.3,4
22.9,-5.917,52.5,4
2.78,-4.88,56.6,4
3.48,-18.456,27.7,4
3.07,-8.961,71.2,4
3.21,-8.599,47.1,4
7.14,-4.678,25.2,4
5.81,-4.497,85.2,4
4.95,-2.287,54.6,4
7.19,-11.438,62.5,4
2.49,-5.05,67,4
8.21,-7.632,52.7,4
4.04,-10.009,24.8,4
4.31,-5.75,49.3,4
5.45,-5.472,69.6,4
4.87,-5.55,74.2,4
20.3,-9.371,60.2,4
3.51,-5.971,77.6,4
7.41,-5.955,38.6,4
3.6,-14.41,53.9,4
3.19,-6.101,46.6,4
3.11,-11.899,40.9,4
4.14,-7.348,48.4,4
5.4,-9.957,41.9,4
2.73,-9.158,49.4,4
4.13,-12.976,57.5,4
4.32,-11.858,43.1,4
13.3,-10.39,61.5,4
3.29,-8.522,59.1,4
6.16,-6.029,52.7,4
3.35,-5.827,62.5,4
3.35,-4.912,57.9,4
5.93,-9.614,58.9,4
11.3,-9.442,59.3,4
27.6,-4.85,78.6,4
2.63,-3.809,55.4,4
8.88,-8.856,67.7,4
3.58,-8.394,62.7,4
3.72,-9.214,42.2,4
9.54,-15.27,24.8,4
4.65,-8.031,48.1,4
5.05,-7.99,67.3,4
2.98,-10.632,53.3,4
8.13,-9.514,73.4,4
3.2,-7.795,30.7,4
11.4,-8.205,47.4,4
2.33,-7.383,53.1,4
4.12,-8.078,40,4
4.33,-5.754,87.5,4
4.82,-5.9,54,4
3.72,-5.461,51.8,4
5.44,-4.68,55.9,4
7.75,-4.808,46.7,4
6.42,-3.17,56.4,4
3.11,-6.708,54.3,4
4.95,-9.399,68.4,4
55,-11.584,94,4
15.5,-3.064,80.5,4
6.28,-9.495,71.7,4
13.9,-4.435,17.6,4
3.51,-11.272,36.2,4
3.89,-9.021,70.7,4
2.78,-11.842,38.3,4
9.68,-4.739,47,4
7.55,-5.209,54.3,4
2.97,-9.111,56,4
2.95,-8.925,62.4,4
4,-10.264,66.7,4
3.28,-11.43,34.8,4
3.6,-10.972,66.1,4
3.88,-29.808,33.2,4
2.98,-8.276,41.2,4
2.93,-6.819,43.5,4
18,-6.669,61.1,4
4.36,-5.9,61.1,4
4.07,-15.193,37.3,4
7.62,-3.942,39.2,4
2.97,-7.328,73.7,4
3.33,-9.526,81.7,4
9.58,-10.429,52,4
23.8,-1.226,42.1,4
4.17,-3.027,60.3,4
9.5,-11.533,45.3,4
9.19,-9.208,65.4,4
3.51,-8.644,48.4,4
2.77,-6.032,37.3,4
4.73,-6.387,75.9,4
3.91,-5.978,77.8,4
3.48,-7.374,51.8,4
26.4,-5.488,83.1,4
8.85,-8.283,60.1,4
13.3,-14.602,57.8,4
13.2,-4.838,46.8,4
5,-4.316,71.6,4
4.22,-8.177,62.9,4
4.67,-25.04,14.2,4
13.2,-4.109,43.2,4
12.2,-4.182,58.7,4
3.42,-4.798,63.2,4
4.54,-6.869,87.4,4
3.67,-7.058,71,4
3.98,-5.107,65.8,4
5.01,-10.55,77.7,4
3.6,-4.551,64.4,4
5.65,-8.337,60.8,4
3.3,-13.111,14.7,4
2.74,-9.51,66.4,4
4.1,-4.888,68.2,4
4.47,-3.435,59.8,4
8.63,-9.54,65.7,4
3.51,-6.549,84.6,4
3.19,-7.521,79.5,4
2.86,-12.724,43.4,4
2.91,-5.503,56.3,4
3.6,-8.704,38.8,4
3.04,-9.519,57.3,4
3.4,-6.801,40,4
2.51,-5.289,44.2,4
9.43,-8.173,71.3,4
2.74,-7.474,55.3,4
2.82,-4.383,77.8,4
3.44,-7.6,34,4
16.7,-10.308,81.4,4
4.69,-5.37,35.4,4
6.33,-6.32,66.2,4
6.81,-6.069,57.7,4
11.6,-11.139,72.4,4
6.51,-7.222,71,4
2.83,-8.263,40.5,4
5.51,-9.066,28.1,4
3.91,-6.133,50.7,4
2.93,-22.57,54.8,4
12,-6.812,70.6,4
4.12,-8.078,40,4
4.54,-7.15,50.5,4
13.4,-3.631,47,4
3.34,-8.398,44.9,4
5.26,-8.139,67.4,4
3.15,-8.354,69.3,4
6.71,-24.253,33,4
2.99,-7.93,77.3,4
3.8,-8.67,59.4,4
3.94,-9.938,60.8,4
4.17,-8.179,61.5,4
5.7,-3.066,53.3,4
3.11,-8.379,58.5,4
3.27,-7.104,60.4,4
14.4,-9.149,69.7,4
4.65,-11.23,77.2,4
5.63,-10.924,57.3,4
7.41,-10.62,39.9,4
2.86,-6.629,51.6,4
2.98,-4.744,62.7,4
4.44,-8.688,49.9,4
13.3,-10.39,61.5,4
8.55,-3.435,61.3,4
6.8,-6.516,73.3,4
3.2,-12.96,47.6,4
8.89,-4.874,41.5,4
14.1,-6.778,76.1,4
4.15,-14.043,32,4
3.77,-8.592,61.3,4
6.25,-15.67,42.6,4
4.2,-6.916,34.5,4
4.5,-6.971,64.3,4
8.97,-9.758,75.3,4
18.2,-8.804,87,4
2.56,-5.74,55.4,4
3.45,-8.214,62.8,4
2.92,-6.472,33.7,4
10.6,-7.876,82.9,4
18.3,-5.885,38.1,4
4.21,-13.55,82.9,4
4.28,-5.224,33.3,4
3.66,-9.86,59.4,4
3.56,-4.71,78.5,4
5.12,-13.594,42.4,4
4.91,-4.55,46.3,4
3.1,-6.849,40.4,4
5.02,-10.538,21.4,4
6.13,-5.157,50.5,4
3.55,-12.586,70.9,4
4.13,-14.044,76.9,4
3.27,-8.688,65.3,4
8.71,-12.047,72.1,4
4.93,-5.232,42.6,4
10.3,-6.695,79.3,4
3.44,-15.944,68.9,4
4.69,-5.336,49.5,4
3.6,-8.57,62.7,4
2.52,-8.745,60.9,4
4.55,-13.727,64.5,4
4.21,-7.647,45,4
4.15,-5.427,60.7,4
4.02,-6.308,70.6,4
2.96,-8.921,47.3,4
3.17,-11.287,59.3,4
3.05,-12.99,48.9,4
6.81,-11.213,72.1,4
5.42,-4.967,72.2,4
2.91,-7.604,28.2,4
4.73,-6.758,52.9,4
3.93,-17.077,67.4,4
37.7,-10.468,47.2,4
3.79,-4.246,44.7,4
2.74,-5.813,49,4
3.45,-8.559,38.9,4
4.94,-10.495,66.9,4
10.7,-15.22,34.4,4
39,-17.285,79,4
2.96,-6.405,61.8,4
3.24,-7.994,79.6,4
3.1,-8.277,63.4,4
10,-4.261,42.3,4
2.61,-8.971,60.5,4
10.9,-16.729,57.5,4
4.2,-7.741,62.7,4
4.78,-13.513,71.4,4
7.51,-6.545,67,4
5.58,-3.438,43.8,4
8.63,-6.927,71.6,4
3.8,-5.221,48.2,4
14.9,-9.635,40.8,4
5.5,-6.631,47.3,4
2.66,-10.062,68.6,4
3.87,-22.079,40.9,4
2.74,-8.603,52.9,4
12.6,-8.504,37.3,4
17,-7.971,87.4,4
6.32,-8.258,35.8,4
6.84,-6.017,69.8,4
4.07,-15.051,29.9,4
4.57,-5.876,50,4
10.7,-5.555,21.5,4
3.5,-4.62,84,4
3.86,-7.296,48.9,4
2.75,-13.925,42,4
7.03,-9.761,76.9,4
13.3,-10.329,27.7,4
4.47,-12.15,46.8,4
3.71,-5.692,28.8,4
22.6,-11.919,94.9,4
14,-3.116,48.1,4
9.44,-6.9,76.1,4
5.58,-7.93,81.3,4
7.2,-10.277,83.4,4
2.93,-11.4,48.8,4
7.71,-9.978,48.2,4
6.93,-17.424,55.7,4
4.63,-8.797,55.7,4
15.1,-4.881,31.4,4
3.83,-5.149,62.1,4
3.15,-13.179,49.3,4
5.85,-8.857,75.3,4
14.4,-6.644,36.1,4
4.4,-2.626,35.7,4
9.23,-7.634,56.3,4
7.39,-4.439,25.8,4
3.65,-5.256,49.6,4
19,-10.072,46.9,4
5.14,-3.39,32.5,4
2.89,-4.971,79.5,4
7,-5.39,58.6,4
3.67,-5.494,77.3,4
5.08,-6.113,45.5,4
3.58,-6.939,52.5,4
5.84,-12.199,74.7,4
4.52,-7.718,36.8,4
3.95,-11.982,76.2,4
2.77,-8.9,59.5,4
14.7,-9.118,56,4
9.2,-4.287,43.7,4
5.61,-4.932,52.7,4
12.8,-3.646,61.6,4
2.53,-7.385,49.8,4
38,-6.327,78.1,4
2.95,-9.348,35.8,4
17.7,-5.855,43.9,4
2.6,-7.154,65.3,4
5.71,-5.759,28.7,4
2.64,-7.76,65.7,4
4.54,-11.713,40.6,4
4.05,-10.786,56.5,4
4.81,-3.106,89,4
3.29,-4.462,55.2,4
3.2,-13.723,68.8,4
3.98,-4.76,76.5,4
3.07,-9.06,49.1,4
19.3,-6.249,52.9,4
3.97,-9.765,76.5,4
5.61,-10.567,58.1,4
4.48,-8.098,34.4,4
4.56,-10.734,39.4,4
4.1,-5.373,35,4
3.26,-7.42,63.2,4
8.67,-6.239,41.9,4
5.09,-5.949,64.7,4
4.34,-8.79,32.8,4
7.78,-5.414,49.4,4
8.01,-11.976,64,4
3.16,-5.817,73.9,4
3.25,-5.903,72.2,4
4.56,-8.302,55.6,4
3.07,-11.609,74.6,4
4.95,-10.874,75.1,4
4.82,-5.285,39.9,4
4.49,-5.219,63.6,4
2.95,-4.04,71.1,4
3.53,-6.158,77.3,4
4.31,-5.49,74.8,4
3.95,-5.64,56.8,4
3.65,-5.524,43.4,4
3.52,-6.35,63.8,4
4.4,-7.841,44.9,4
14.9,-3.377,37.9,4
3.1,-6.46,62.5,4
26.2,-5.39,22.6,4
11,-11.276,78.9,4
26.1,-4.267,58.2,4
5.56,-6.771,71.5,4
3.77,-10.845,74.3,4
7.25,-7.579,56.5,4
24.1,-12.652,46.8,4
3.91,-4.011,50.6,4
3.39,-7.64,56,4
13.4,-4.567,29.2,4
3.15,-8.622,67.5,4
3.03,-7.56,41.7,4
2.58,-7.887,48,4
31,-10.698,58.5,4
9.24,-6.606,33.1,4
6.76,-6.094,62.7,4
7.62,-7.495,61.8,4
2.74,-8.619,62.2,4
5.12,-11.736,43.2,4
11.5,-6.971,53,4
7.9,-5.116,20.6,4
2.74,-8.673,60.1,4
31.4,-6.994,64.2,4
5.43,-3.478,56.8,4
3.1,-8.171,44.1,4
2.62,-5.991,54.9,4
5.11,-6.614,59.9,4
41.7,-8.218,80.1,4
4.8,-12.483,61.3,4
3.94,-4.208,47.6,4
4.66,-9.327,80.2,4
3.25,-8.343,45.5,4
6.34,-8.532,53.4,4
5.12,-4.913,57.5,4
9.75,-4.063,24.9,4
4.11,-5.403,57.2,4
3.83,-5.996,92.9,4
3.23,-12.488,40,4
3,-8.284,58.7,4
3,-9.532,54.9,4
3.4,-7.246,60.8,4
2.3,-7.297,62,4
4.18,-3.578,50,4
3.54,-8.031,66.6,4
3.23,-9.29,42.5,4
3.33,-8.015,61.8,4
18.6,-10.218,63.1,4
3.92,-6.844,47,4
2.74,-5.813,49,4
2.98,-4.835,48.8,4
7.06,-4.084,36.6,4
3.32,-2.923,60.8,4
2.85,-9.847,74.5,4
2.69,-5.256,57.6,4
6.49,-3.278,50.2,4
6.43,-8.295,71.2,4
2.92,-9.099,71.4,4
5.63,-4.875,74.1,4
7.26,-3.881,29.1,4
4.7,-8.959,56.5,4
5.9,-10.496,56.4,4
7.17,-8.89,55,4
3.94,-17.666,17.2,4
4.71,-3.955,66.7,4
13.4,-6.34,43,4
5.07,-5.143,57.6,4
7.2,-9.801,61.3,4
4.2,-18.555,52.1,4
4.6,-10.739,40.3,4
3.92,-7.343,49.9,4
5.61,-6.289,64.4,4
3.34,-7.073,70.9,4
2.89,-8.22,49.1,4
4.73,-6.387,75.9,4
3.73,-6.88,54.6,4
12.8,-7.701,30.4,4
3.31,-14.464,61.3,4
2.73,-3.013,51.2,4
3.59,-19.156,18.7,4
3.22,-10.537,41.7,4
37.1,-9.951,93.7,4
4.21,-8.536,63.5,4
8.62,-6.913,29.1,4
5.99,-10.106,39.6,4
8.6,-6.16,57.7,4
5.44,-7.09,59.2,4
2.98,-7.73,44.8,4
7.37,-2.189,33.4,4
17.9,-10.94,68,4
2.83,-11.768,71.7,4
6.17,-9.753,88.4,4
5.03,-14.254,32.6,4
4.35,-4.089,54.7,4
3.78,-2.815,51.7,4
4.5,-5.013,55.2,4
7.22,-4.471,40.4,4
15.2,-11.969,25.5,4
2.89,-7.166,75.7,4
5,-9.426,57,4
20.3,-28.322,31,4
3.55,-6.506,60.9,4
3.18,-12.37,59,4
3.19,-6.612,46.9,4
3.69,-12.044,56.1,4
2.73,-8.789,56,4
3.71,-8.025,43.9,4
6.3,-4.337,54.4,4
2.96,-10.335,64.8,4
17.1,-8.501,49.8,4
3.24,-12.227,38.1,4
5.46,-17.165,59,4
3.3,-7.318,64.3,4
4.43,-9.879,71.8,4
4.4,-7.546,59,4
4.52,-4.433,30.7,4
7.21,-5.084,29.8,4
3.55,-11.508,52,4
4.65,-7.548,48.4,4
3.67,-6.418,94.3,4
14,-5.743,73.8,4
3.04,-6.172,69.5,4
3.18,-11.012,24.7,4
5.09,-7.868,78.4,4
5.43,-5.054,43,4
3.79,-6.117,58.2,4
3.59,-7.683,53.2,4
4.37,-7.338,59.3,4
4.52,-3.602,50,4
2.51,-5.465,55.7,4
10.1,-9.195,40.6,4
2.76,-7.239,49.1,4
3.34,-7.118,64.4,4
8.36,-4.851,49.7,4
5.32,-13.389,46.1,4
3.08,-8.925,66.3,4
33,-4.109,61.9,4
3.87,-21.748,17.2,4
3.42,-7.452,49,4
4.74,-23.658,32.8,4
2.63,-8.276,62.5,4
7.55,-6.177,86.1,4
9.49,-5.732,49.8,4
3.59,-8.228,68.6,4
2.57,-6.436,59.4,4
4.82,-4.45,69.8,4
3.92,-3.274,35.3,4
2.98,-10.632,53.3,4
4.57,-6.489,43,4
3.41,-9.131,52.5,4
8.21,-8.196,65.4,4
9.14,-3.595,46.6,4
10.2,-4.835,81.7,4
11.9,-13.137,39.1,4
3.3,-5.146,55.2,4
3.26,-8.963,81,4
48.9,-3.837,52,4
13.2,-10.613,74.8,4
2.95,-4.733,78.9,4
3.82,-10.578,72,4
3.3,-13.111,14.7,4
2.88,-9.065,56,4
4.58,-7.804,64.2,4
8.63,-5.157,66.3,4
3.68,-6.668,65.5,4
3.69,-7.068,62.5,4
2.86,-8.864,42.1,4
3.22,-8.962,61.4,4
3.88,-5.918,58,4
30.8,-10.136,78.2,4
3.98,-19.848,60.4,4
2.74,-5.815,65.3,4
3.09,-6.013,53.4,4
4.28,-4.926,66.4,4
6.87,-6.592,50.8,4
5.42,-16.784,10.4,4
3.54,-10.317,62.8,4
10.2,-7.518,45,4
2.97,-5.703,62.4,4
8.92,-6.209,39.1,4
6.73,-13.176,53.9,4
3.38,-10.172,35.9,4
8.37,-3.822,47.2,4
3.05,-7.623,37.2,4
10.6,-8.594,75,4
3.91,-5.653,71.9,4
2.51,-5.289,44.2,4
5.49,-9.28,63,4
3.17,-6.261,72.4,4
18.2,-7.135,77.8,4
19.8,-8.213,71.4,4
20.2,-8.654,67.4,4
5.69,-8.552,78.7,4
3.27,-6.642,70.2,4
3.26,-20.404,43.9,4
5.75,-10.301,51.8,4
7.05,-10.167,20.1,4
3.69,-7.068,62.5,4
6.3,-4.337,54.4,4
17.1,-7.931,30.8,4
2.76,-5.126,58.6,4
2.97,-10.426,72.4,4
4.26,-3.075,59.3,4
10.3,-3.934,62.3,4
3.27,-11.612,52.4,4
4.77,-2.771,67.4,4
6.2,-4.023,60.3,4
7.7,-5.51,76.7,4
5.38,-5.576,46.2,4
6,-11.227,47.6,4
11.1,-13.752,79.7,4
4.98,-7.132,66.4,4
2.95,-3.24,42.6,4
2.69,-4.396,62.8,4
3.14,-5.672,62.2,4
5.11,-5.851,80.8,4
15.7,-7.385,72,4
4.19,-8.673,61,4
22.4,-5.605,63.2,4
3.8,-3.524,48.9,4
8.95,-9.409,71.6,4
12.4,-5.213,29.1,4
5.12,-4.913,57.5,4
6.47,-6.149,53.9,4
2.51,-8.366,63,4
3.92,-5.42,75.4,4
3.66,-12.755,35.3,4
4.82,-4.45,69.8,4
3.88,-2.437,24.7,4
4.26,-6.073,72.4,4
17.5,-4.548,35.6,4
8.76,-2.406,37.4,4
5.19,-3.366,75.1,4
8.45,-4.251,33.1,4
4.49,-4.73,34.8,4
3.77,-8.821,27.7,4
3.2,-7.683,61.3,4
7.19,-3.871,45.1,4
3.27,-4.941,41,4
20,-6.557,51.8,4
2.68,-8.938,48.7,4
3.1,-5.651,26.4,4
3.8,-9.514,54.4,4
23.4,-12.892,59,4
3.39,-3.529,20.3,4
4.38,-7.862,39.8,4
3.04,-8.634,72.1,4
4.49,-4.225,45.4,4
5.23,-4.172,26.2,4
2.74,-7.94,46.7,4
3.41,-5.527,64,4
2.7,-5.524,71.4,4
4.82,-4.45,69.8,4
4.19,-6.258,39.5,4
2.7,-10.536,68.6,4
5.21,-20.682,71.5,4
4.56,-7.194,60.6,4
3.41,-15.351,38,4
2.86,-7.369,61.9,4
3.21,-10.788,56.4,4
5.17,-14.981,64,4
4.19,-6.886,59.9,4
4.97,-6.504,52.8,4
3.74,-9.366,33.4,4
5.32,-9.499,78.9,4
15.1,-12.304,73.9,4
6,-7.824,42,4
2.78,-5.116,66.6,4
4.45,-5.338,69.6,4
7.03,-3.21,31.5,4
10.5,-6.73,77.8,4
8.56,-9.536,88.7,4
4.21,-8.541,29,4
7.74,-14.534,76,4
14.5,-11.68,68.7,4
3.11,-6.708,54.3,4
3.66,-5.664,53.9,4
4.8,-7.691,85.6,4
2.88,-7.19,61.2,4
3.3,-10.197,51.4,4
5.39,-5.754,66.5,4
3.12,-6.642,57.3,4
5.51,-14.739,66,4
3.7,-7.99,39.4,4
5.38,-5.226,40.5,4
7.41,-4.592,27,4
4.18,-4.371,48.2,4
3.51,-7.042,41,4
2.94,-5.667,63,4
2.85,-6.818,66.7,4
4.28,-3.124,41.5,4
3.77,-8.821,27.7,4
3.91,-5.321,55.7,4
4.14,-8.656,53.9,4
2.33,-7.383,53.1,4
5.29,-11.81,50,4
7.43,-8.061,81.8,4
4.4,-7.539,42.9,4
3.93,-11.104,35,4
4.36,-6.24,59.4,4
3.77,-8.592,61.3,4
4.5,-9.556,40.6,4
3.32,-6.301,71.3,4
2.77,-8.209,74.3,4
3.67,-8.586,86.9,4
7.35,-6.136,52.5,4
2.65,-6.933,71.5,4
4.86,-9.092,62.4,4
3.54,-8.649,78.6,4
2.89,-6.589,66.1,4
5.24,-5.475,64.1,4
3.33,-10.564,56.6,4
4.12,-16.149,41.3,4
2.72,-6.25,53.7,4
3.42,-7.537,72.4,4
5.29,-8.658,64.4,4
3.07,-10.333,40.9,4
5.56,-6.853,83.8,4
4.08,-8.709,51.3,4
5.37,-7.273,34.2,4
9.08,-4.603,52.9,4
2.97,-12.059,40,4
4.19,-29.161,41,4
4.19,-6.161,43.8,4
5.14,-4.221,66.7,4
3.44,-5.682,40.1,4
21,-2.333,28.6,4
10.2,-4.606,78,4
3.4,-6.614,34.1,4
2.64,-5.589,64.9,4
2.87,-9.014,70.9,4
4.01,-5.392,56.4,4
3.59,-6.302,43.4,4
8.01,-6.651,54,4
3.22,-10.552,42.6,4
23.9,-21.52,36.1,4
22.8,-3.369,60.3,4
3.56,-7.105,54.8,4
3.11,-12.368,76.2,4
9.15,-6.35,51.8,4
3.86,-9.539,28.6,4
7.45,-5.789,35.9,4
2.85,-16.917,57.5,4
2.97,-10.765,71.3,4
3.48,-12.924,65.3,4
2.67,-6.094,52.2,4
8.91,-9.744,84.9,4
2.77,-6.908,48.7,4
13.2,-3.686,63.4,4
12,-12.869,68.8,4
4.37,-7.486,60.8,4
4.41,-5.702,52.8,4
22.1,-7.414,71.2,4
42.2,-6.594,81.5,4
3.1,-9.709,60.8,4
10.9,-7.656,67.4,4
6.23,-9.18,40.4,4
4.22,-10.131,35.3,4
3.77,-8.706,74,4
3.48,-7.209,10.7,4
2.84,-5.061,58.9,4
6.88,-11.746,79.1,4
7.96,-2.119,64.8,4
12.3,-15.093,52.8,4
3.97,-5.917,55.6,4
5.05,-3.945,23.7,4
2.65,-7.069,43.8,4
6.54,-5.365,53.9,4
5.84,-6.087,49.3,4
9.94,-5.059,69.2,4
8.93,-5.15,74.7,4
5.23,-3.822,21.4,4
5.22,-7.267,47.2,4
3.6,-4.494,54.1,4
4.79,-6.086,65.3,4
19.9,-4.758,34.8,4
4.34,-4.401,65.2,4
4.56,-8.302,55.6,4
2.62,-5.991,54.9,4
2.82,-5.232,49.8,4
5.28,-3.82,40.5,4
31.8,-11.207,81.4,4
3.1,-8.417,32.4,4
5.22,-8.52,55.4,4
5.05,-14.927,58.7,4
40.7,-5.046,34.9,4
7.07,-8.973,83.2,4
11,-7.23,62.3,4
3.99,-11.709,44,4
3.11,-8.722,56.5,4
3.25,-7.554,65.2,4
3.64,-5.153,40.4,4
24.3,-8.916,94.7,4
3.87,-24.594,12.4,4
5.7,-4.77,83.6,4
4.71,-5.346,34.5,4
4.61,-5.787,60.6,4
6.13,-12.43,76.8,4
5.53,-5.091,50.9,4
16.1,-14.608,76.3,4
4.58,-2.74,70.3,4
7.86,-22.639,91.2,4
4.38,-7.092,77.6,4
5.95,-6.402,76.6,4
4.57,-5.802,75,4
3.19,-13.104,54.6,4
38,-6.327,78.1,4
10.1,-9.195,40.6,4
2.58,-5.444,72.9,4
3.3,-8.561,50.4,4
2.89,-6.544,80.2,4
4.98,-16.73,27.2,4
5.43,-5.407,52.6,4
5.04,-13.048,56.7,4
3.73,-9.061,66.1,4
7.23,-7.089,42.2,4
3.24,-6.781,59.7,4
4.19,-7.981,52.8,4
3.32,-10.74,69.9,4
5.49,-7.378,74.3,4
7.86,-4.757,48.9,4
2.62,-6.845,63.1,4
29.4,-4.598,48.5,4
2.52,-8.579,40.1,4
3.34,-11.596,50.9,4
4.9,-5.691,30,4
2.59,-6.999,58,4
3.04,-3.154,68.6,4
4.55,-6.199,64.9,4
2.82,-5.216,59,4
3.9,-4.149,55.3,4
2.59,-8.672,50.5,4
4.94,-10.949,60.1,4
3.04,-7.644,48.8,4
3.65,-6.85,68.9,4
3.26,-8.143,60,4
3.31,-5.733,48.1,4
6.47,-7.738,84.8,4
3.47,-7.563,36.1,4
5.84,-16.2,17.8,4
3.93,-7.455,61.9,4
4.7,-6.525,28.9,4
3.61,-14.393,34.1,4
3.39,-1.458,78.2,4
5.56,-7.418,43.4,4
15,-3.246,57.1,4
5.03,-3.261,28.2,4
5.22,-8.905,68.4,4
3.29,-6.777,66.5,4
3.63,-7.076,37.5,4
8.18,-7.615,81.3,4
17.7,-6.679,81.8,4
4.64,-4.643,36.7,4
4.28,-3.213,26.7,4
10.8,-7.578,74.5,4
5.78,-3.829,73.5,4
2.98,-6.243,38.2,4
7.75,-4.808,46.7,4
10.7,-2.777,35.2,4
4.98,-9.301,82.3,4
2.92,-6.018,55.6,4
5.57,-9.099,53,4
2.97,-5.365,34.3,4
3.09,-5.971,58.6,4
12.5,-16.117,82.9,4
3.8,-7.297,42.9,4
4.38,-6.95,52.8,4
7.99,-7.828,72.6,4
3.33,-13.404,23.9,4
5.37,-8.07,39.5,4
4.7,-3.65,47.3,4
3.7,-5.706,43,4
2.83,-6.846,57.6,4
9.42,-9.664,64.8,4
5.14,-7.903,46,4
2.84,-7.297,43.7,4
3.57,-6.64,80.5,4
9.88,-10.444,50.4,4
15.1,-3.922,37.8,4
9.36,-5.875,68.4,4
2.92,-5.849,73.3,4
3.95,-9.43,48.1,4
6.8,-9.434,78.2,4
3.49,-7.724,49.4,4
7.49,-19.06,47.4,4
6,-2.603,58,4
3.85,-5.894,49.5,4
3.83,-3.988,37.3,4
3.87,-9.832,42.3,4
4.23,-6.267,65.5,4
3.37,-13.387,47.8,4
4.17,-7.971,70.2,4
4.15,-27.043,23,4
2.75,-13.925,42,4
3.25,-7.933,40.8,4
7.88,-10.16,53.5,4
4.39,-8.369,15,4
2.79,-7.796,62.1,4
5.95,-7.836,70.8,4
10,-6.434,62,4
2.72,-7.839,53.1,4
4.16,-5.576,57.3,4
3.04,-5.847,65.7,4
4.94,-8.542,48.5,4
4.57,-7.963,55.3,4
4.07,-4.011,54.9,4
3.58,-10.025,72.4,4
3.65,-9.253,74.8,4
5.19,-10.328,63.8,4
4.66,-8.457,42.1,4
3.29,-10.084,70.5,4
3.81,-11.45,27.9,4
2.61,-8.648,44.2,4
2.76,-6.938,58.1,4
3.28,-12.744,78.8,4
2.56,-7.459,48.9,4
2.72,-5.912,49,4
30.9,-7.675,83.7,4
3.31,-10.868,31.8,4
5.45,-6.006,45.3,4
11.1,-10.754,53.1,4
2.98,-8.202,36.9,4
8.15,-4.522,48.6,4
10.1,-7.711,19,4
2.97,-5.703,62.4,4
3.8,-9.418,44.7,4
2.88,-10.394,59.6,4
5.24,-5.582,78.1,4
2.97,-9.95,74.9,4
4.15,-13.179,38.4,4
8.19,-3.637,82.2,4
24.5,-5.689,44.8,4
3.74,-9.149,55.6,4
3.13,-8.382,69.9,4
3.23,-8.463,60.7,4
3.23,-6.441,67.5,4
4.67,-30.245,21.2,4
3.98,-10.873,59.4,4
12.3,-10.446,53.6,4
13.4,-8.906,76,4
3.41,-6.617,40,4
23.4,-3.79,63.2,4
5.42,-4.967,72.2,4
22.4,-3.637,48.6,4
7.21,-4.622,60.8,4
3.74,-9.67,28.6,4
8.38,-3.259,59.1,4
17,-8.054,80.3,4
3.05,-6.972,49.4,4
7.03,-11.098,78.3,4
4.7,-4.526,57.2,4
3.45,-8.347,49.4,4
9.18,-7.632,34.3,4
3.07,-6.734,39.7,4
7.96,-7.839,55.1,4
14.5,-5.569,54.8,4
8.89,-7.372,82.3,4
28.6,-3.149,69.6,4
3.75,-3.423,65.9,4
14.3,-7.197,81.1,4
16.7,-9.806,61.6,4
7.9,-10.586,86.9,4
4.28,-3.906,65.9,4
4.83,-7.673,66.1,4
3.53,-5.325,66.3,4
3.64,-8.002,55.9,4
4.14,-6.459,73.1,4
3.18,-13.16,38.1,4
4.97,-7.016,57.3,4
3.01,-14.014,69.4,4
2.81,-6.593,68.2,4
5.29,-11.81,50,4
3.06,-11.547,66.9,4
5.42,-5.404,42.4,4
5.64,-4.84,42.8,4
3.3,-11.238,70,4
14.3,-5.549,33.9,4
7.28,-2.666,52.7,4
2.63,-3.809,55.4,4
2.63,-11.073,65.9,4
10.1,-6.337,70.2,4
2.93,-14.677,41.4,4
6.4,-5.676,54.7,4
10,-4.261,42.3,4
3.16,-5.694,57.7,4
3.15,-11.596,40.1,4
4.57,-4.283,81.7,4
6.56,-12.356,56.2,4
3.22,-8.962,61.4,4
3.44,-4.587,57,4
5.25,-5.137,54.6,4
4.18,-3.463,34.2,4
3.19,-5.361,59.3,4
7.03,-3.21,31.5,4
3.61,-12.698,33.2,4
20,-11.909,60.2,4
4.11,-5.05,53.7,4
5.79,-5.785,57.1,4
3.61,-10.92,54.1,4
3.04,-6.249,57.4,4
3.57,-6.976,34.5,4
6.69,-15.589,78.4,4
3.27,-9.258,40.2,4
15.3,-12.793,68.3,4
7.3,-6.273,56.2,4
3.47,-14.493,40.7,4
19,-4.735,76,4
5.98,-23.625,52.2,4
4.02,-6.308,70.6,4
2.88,-8.975,23.6,4
12.8,-8.424,64.8,4
20.8,-5.666,49.2,4
2.93,-11.803,75.7,4
3.57,-9.06,59.6,4
14.3,-7.342,85.3,4
2.57,-8.346,63.9,4
3.2,-7.644,55.2,4
3.61,-13.35,64.5,4
6.39,-8.192,50.1,4
6.64,-6.691,69.6,4
2.62,-6.6,65,4
4.05,-2.57,53.9,4
14.7,-3.09,44.1,4
3.57,-10.437,66.9,4
3.25,-5.32,33.5,4
5.25,-3.959,45.4,4
2.75,-9.506,62.1,4
2.84,-10.394,73.1,4
3.32,-5.859,67.3,4
9.16,-5.002,68.6,4
3.99,-6.455,74.5,4
7.42,-6.412,50.8,4
15.8,-2.74,35.7,4
4.06,-8.745,54.5,4
3.33,-10.879,55.5,4
4.59,-3.361,46.2,4
7.28,-4.641,28.2,4
2.82,-5.635,74.7,4
6.26,-9.73,55.5,4
3.33,-10.085,60.2,4
3.7,-10.533,41.7,4
6.71,-7.522,70.3,4
4.07,-13.055,73.4,4
3.17,-6.261,72.4,4
6.86,-3.348,52.1,4
7.47,-5.23,35.2,4
5.58,-3.438,43.8,4
9.29,-5.055,71,4
7.16,-5.194,50.2,4
3.67,-8.154,42.6,4
4.33,-4.448,49.5,4
2.62,-5.289,71.6,4
13.2,-5.715,20.1,4
