3.3,-11.476,24,5
20.7,-2.563,44.5,5
37.6,-3.66,51,5
4.05,-8.872,49.8,5
5.98,-4.633,47.1,5
7.12,-5.697,46.3,5
3.4,-4.318,55.7,5
7.16,-7.322,24.7,5
7.51,-8.069,44.7,5
5.39,-4.111,44.6,5
6.52,-4.85,46.8,5
6.8,-5.223,41.9,5
7.56,-4.373,46.3,5
8.75,-4.13,30.8,5
3.07,-6.839,31.2,5
8.86,-5.878,26.1,5
8.15,-8.241,49.4,5
12.9,-5.941,11.1,5
5.2,-6.132,49.4,5
7.46,-5.248,55.2,5
6.63,-2.908,19.7,5
13.7,-4.646,31.2,5
7.73,-4.597,19.5,5
4.26,-9.748,37.6,5
3.14,-7.635,50.1,5
7.12,-4.683,55.8,5
6.52,-7.056,43.9,5
4.34,-6.842,58.8,5
7.39,-4.215,41.4,5
3.37,-6.347,63.3,5
10.2,-1.382,32.6,5
4.16,-5.915,21.1,5
9.15,-5.772,19.9,5
10.6,-3.604,41.9,5
13.5,-8.77,32.9,5
9.93,-3.141,47.5,5
4.77,-7.2,31.4,5
6.52,-12.697,17,5
5.05,-6.632,53.3,5
4.98,-4.196,55.7,5
10.5,-10.08,27.8,5
7.58,-5.613,38.3,5
8.4,-7.687,32.9,5
6.16,-4.702,53.6,5
7.11,-5.032,48.9,5
6.13,-5.773,69.4,5
6.76,-4.028,48.4,5
11.6,-3.695,52.3,5
5.53,-4.262,69.5,5
5.91,-7.58,40.1,5
9.73,-10.327,60.7,5
6.11,-7.856,30.6,5
12.8,-6.044,33.6,5
3.37,-5.087,61.4,5
4.28,-4.336,46.2,5
27.4,-3.991,28.2,5
3.64,-6.898,37.5,5
10.1,-5.92,17.1,5
12.4,-2.514,26.1,5
4.69,-4.802,21.7,5
17.7,-5.135,35.2,5
6.17,-6.334,47,5
13.3,-4.793,57.4,5
23.4,-4.136,33.7,5
13.3,-3.183,43.3,5
8.43,-3.148,49.3,5
4.48,-4.635,29.4,5
3.6,-24.661,41.7,5
3.75,-8.034,48.9,5
5.46,-5.65,42.4,5
17.7,-5.135,35.2,5
9.4,-2.722,31.5,5
8.72,-3.562,39.3,5
3.16,-12.288,48,5
11.5,-4.931,37.5,5
3.72,-11.541,55.5,5
12.2,-5.676,35,5
5.37,-3.605,44.6,5
5.17,-6.651,53.9,5
20.5,-4.451,19.3,5
8.31,-3.982,59,5
15.1,-2.756,47.2,5
8.96,-4.297,47.9,5
2.88,-7.611,44.1,5
4.02,-5.954,48.5,5
13.4,-4.175,25.9,5
9.8,-7.289,20.2,5
5.3,-5.87,59.9,5
11.3,-7.105,34.1,5
47.3,-2.318,25.2,5
6.76,-4.822,41.9,5
18,-4.055,25.6,5
2.85,-6.831,50.3,5
9.62,-4.795,52.3,5
8.97,-4.66,41.4,5
4.02,-4.1,51.6,5
4.6,-6.215,40.2,5
5.25,-7.691,47.2,5
15.6,-6.501,21.3,5
9.93,-1.626,44.9,5
13.5,-3.754,43.8,5
5.09,-5.003,39.3,5
3.33,-8.601,31.4,5
5.79,-7.815,56.2,5
9.12,-9.336,53.6,5
4.86,-4.153,52.7,5
6.65,-5.58,52.6,5
12,-4.244,57.6,5
13.6,-3.899,49.6,5
11.5,-3.434,47.4,5
6.68,-11.022,56.4,5
3.77,-5.772,52.7,5
7.94,-4.835,48.3,5
5.27,-6.652,25.4,5
5.44,-6.97,28.3,5
12.6,-4.88,42.9,5
12,-5.439,40.9,5
9.64,-3.973,24.7,5
6.02,-4.793,49.8,5
7.98,-7.925,37.3,5
11.3,-3.397,31.1,5
4.89,-6.23,22.8,5
13.1,-4.322,39.6,5
5.42,-6.25,62.4,5
3.47,-16.497,46.6,5
20.5,-2.521,45.4,5
20.5,-4.986,47.5,5
21.6,-2.851,41.2,5
6.89,-3.892,47.7,5
3.11,-7.293,44.8,5
27.8,-5.218,20.1,5
15.3,-3.689,30.1,5
6.78,-3.407,29.5,5
10.4,-5.078,36.7,5
4.53,-6.146,51.5,5
8.14,-3.092,47.1,5
8.08,-8.804,23.2,5
10.8,-3.725,36.6,5
6.14,-7.185,35.6,5
2.79,-9.211,59.8,5
11.3,-3.169,47.4,5
5.7,-2.665,50.3,5
16.3,-4.182,26.3,5
6.2,-5.657,45,5
12.3,-0.645,28.7,5
11.5,-3.684,47.6,5
6.87,-4.697,58.7,5
9.32,-4.38,31.2,5
3.14,-13.259,65.1,5
5.65,-4.941,43.3,5
10.2,-4.09,53.2,5
8.1,-5.142,29.2,5
4.49,-4.824,41.8,5
6.45,-6.238,36.5,5
17.3,-4.361,22.7,5
5.01,-3.686,22,5
8.57,-3.865,51.4,5
3.98,-5.657,33.5,5
15,-4.294,45.8,5
3.09,-4.69,51.3,5
4.6,-7.07,51.2,5
4.25,-7.9,45.4,5
4.51,-6.113,53.2,5
20.8,-4.366,45.6,5
13,-4.291,44.6,5
3.42,-11.147,55,5
7.65,-6.301,34.9,5
5.56,-3.404,18.2,5
14.8,-4.669,54.1,5
16.1,-4.79,48.7,5
4.09,-5.441,53.5,5
4.73,-11.751,48.9,5
25,-2.583,20,5
9.5,-6.129,19.7,5
13.5,-2.68,53.2,5
4.24,-7.247,49,5
20.4,-3.38,35.3,5
4.87,-3.072,60.7,5
11,-4.016,48.6,5
5.34,-6.046,61,5
5.29,-5.114,54.1,5
35.5,-4.125,42.9,5
4.46,-7.763,56.8,5
16.8,-3.026,35.4,5
6.16,-4.293,45.2,5
5.06,-13.927,56.9,5
5.14,-5.796,50.4,5
12.6,-4.387,53,5
9.05,-5.364,41,5
7.99,-5.229,22,5
3.83,-9.275,44.7,5
5.29,-5.114,54.1,5
7.88,-7.92,14.8,5
13.5,-4.92,26.7,5
13.1,-6.029,23,5
4.13,-5.843,49.5,5
5.27,-7.427,50.3,5
3.48,-9.259,43.7,5
3.62,-5.575,15.3,5
2.98,-11.956,38.7,5
4.23,-8.593,51.5,5
9.45,-6.546,13.3,5
5.64,-5.542,58.2,5
12.1,-4.369,53.6,5
5.09,-4.65,44.4,5
5.81,-5.933,59.7,5
13.7,-4.978,42.5,5
3.6,-6.436,33.4,5
7.62,-3.045,41.5,5
4.3,-7.754,48.7,5
4.6,-11.183,50.9,5
3.11,-17.36,41,5
6.56,-9.303,18.9,5
11,-9.003,25.5,5
12.1,-3.912,22,5
3.53,-5.92,58.8,5
9.04,-10.661,32.9,5
12.5,-3.433,53,5
5.75,-7.443,46.5,5
5.18,-4.871,41.4,5
5,-6.135,52.1,5
9.92,-4.845,46.4,5
5.65,-5.959,22.8,5
6.07,-5.201,52.4,5
5.4,-5.997,34.4,5
6.47,-6.028,66.6,5
8.63,-4.586,51,5
31.9,-4.832,39.2,5
4.71,-9.168,48.7,5
10.1,-3.68,25.1,5
17.5,-3.967,34.3,5
3.79,-4.09,41,5
7.69,-11.514,42.9,5
7.23,-6.693,44.2,5
7.78,-5.189,51.7,5
10.8,-3.323,49.7,5
4.58,-6.446,35.6,5
2.93,-4.13,58.4,5
5.01,-9.38,40.9,5
3.09,-8.368,47.3,5
7.31,-7.819,11.5,5
3.47,-5.544,39.2,5
16.7,-2.898,41.7,5
8.38,-5.708,14.6,5
14.3,-7.07,6.46,5
5.74,-7.08,30.7,5
6.84,-6.96,16.5,5
6.89,-5.759,41.3,5
8.32,-5.965,47.2,5
15.2,-4.162,30.2,5
12.1,-3.912,22,5
4.7,-3.211,51.5,5
5.48,-12.085,47.4,5
2.98,-8.691,57.7,5
5.3,-5.669,53.5,5
12,-2.584,36.9,5
10.7,-2.968,36.4,5
6.23,-3.543,34.8,5
6.49,-6.264,58.6,5
10.5,-2.322,64.5,5
7.32,-7.017,13.2,5
8.97,-4.66,41.4,5
15.1,-4.83,43.8,5
2.84,-10.608,55.8,5
5.58,-3.77,44.2,5
9.93,-3.141,47.5,5
5.3,-8.837,19,5
11.2,-6.639,20.6,5
11.8,-5.472,28.6,5
9.93,-3.095,32.6,5
4.48,-2.492,42.5,5
11.8,-6.059,30.7,5
5.57,-6.196,34,5
5.31,-4.76,52.6,5
12,-4.743,50.8,5
12.3,-4.926,38,5
4.12,-2.894,50.5,5
5.37,-4.533,47.5,5
5.32,-3.522,40.8,5
8.06,-3.796,10.2,5
7.13,-3.052,41.9,5
19.6,-3.666,34.5,5
3.31,-8.194,52.5,5
8.95,-5.467,43.7,5
3.85,-4.838,50.8,5
17.1,-6.59,36.5,5
3.36,-4.819,51.3,5
4.14,-9.456,64.6,5
4.93,-7.759,50,5
3.43,-4.553,25.5,5
9.65,-5.123,28.5,5
8.59,-4.858,49.2,5
11.7,-4.946,43.4,5
5.66,-6.576,47.6,5
5.42,-5.924,50.6,5
5.02,-3.855,52,5
5.26,-7.043,56.8,5
9.12,-4.159,68.1,5
3.73,-5.123,49.8,5
17.8,-3.951,13.8,5
10.2,-3.878,46.2,5
2.69,-5.462,63.7,5
8.66,-4.545,27,5
6.85,-4.03,46.9,5
13,-4.338,55.8,5
8.04,-8.008,43,5
6.7,-3.383,11.1,5
4.46,-5.194,66.3,5
8.38,-5.806,68.2,5
3.53,-5.077,54.4,5
8.02,-5.24,20.8,5
7.91,-4.063,41.9,5
3.97,-7.954,27.7,5
13.8,-4.996,44.1,5
6.81,-4.81,49.3,5
16,-4.667,43.5,5
2.95,-13.302,36.1,5
3.28,-12.486,59,5
21.1,-6.367,15.4,5
3.42,-7.069,43.2,5
5.56,-12.103,29.1,5
2.85,-9.3,56.3,5
14.2,-5.218,52.2,5
12,-5.719,58,5
4.62,-3.981,57.6,5
11,-5.272,40.5,5
3.01,-10.715,35.8,5
2.95,-5.822,59.8,5
4.06,-5.804,51.8,5
14.9,-8.108,20.9,5
17.2,-5.157,14.3,5
4.98,-7.687,47.7,5
4.42,-7.383,43,5
8.57,-6.973,47.8,5
5.19,-4.763,52.7,5
5.07,-4.357,50.4,5
3.55,-12.871,42.8,5
4.77,-11.26,66.6,5
4.64,-6.898,36.2,5
5.45,-6.398,59.6,5
5.75,-7.443,46.5,5
10.5,-7.566,48.6,5
8.73,-3.548,67.8,5
4.42,-7.383,43,5
13.8,-5.623,19.3,5
12,-3.339,50.1,5
3.02,-6.557,28.2,5
24.6,-3.894,47.2,5
13.1,-4.489,18.1,5
4.01,-9.884,54.6,5
21.8,-6.499,45.2,5
7.65,-11.503,33.2,5
13.2,-5.778,17.6,5
6.66,-4.435,36.4,5
5.79,-4.096,41.7,5
5.47,-2.792,36.4,5
5.79,-6.875,40.7,5
3.83,-4.461,56.2,5
4.09,-9.564,27.2,5
9.84,-4.167,42.3,5
5.1,-7.393,46.2,5
3.21,-9.166,41.9,5
3.63,-4.612,50.4,5
10.5,-3.423,39.9,5
7.47,-8.134,18.3,5
4.62,-9.569,45.1,5
4.08,-8.128,21.4,5
24.6,-1.446,30.4,5
7.52,-5.468,45.3,5
3.49,-6.579,51.4,5
3.59,-4.722,31.9,5
6.42,-5.205,55.1,5
6.98,-6.314,36.5,5
8.84,-3.348,37,5
4.65,-6.227,48,5
12.4,-7.69,32.6,5
3,-5.197,54.8,5
18.1,-4.385,33.5,5
6.24,-5.825,55.2,5
10.9,-5.298,23.9,5
7.23,-6.693,44.2,5
9.85,-5.339,17.5,5
8.57,-5.664,36.2,5
9.88,-3.932,33.4,5
6.13,-5.773,69.4,5
7.38,-4.154,24.5,5
3.46,-6.293,15.8,5
7.04,-4.183,52.5,5
5.2,-4.629,62.7,5
3.64,-5.175,50.2,5
5.1,-5.871,26,5
10.4,-7.592,26,5
8.7,-8.876,56.2,5
3.71,-6.514,73.3,5
8.4,-5.824,23.5,5
3.26,-12.244,28.9,5
16.4,-5.454,47.4,5
3.28,-5.798,56,5
11.8,-6.305,26.1,5
5.63,-4.53,31,5
3.27,-8.439,20.6,5
3.39,-8.326,29.9,5
3.19,-7.329,42.3,5
3.4,-8.015,43,5
4.17,-8.761,44.3,5
3.46,-11.102,44.3,5
4.55,-6.353,43.6,5
3.85,-6.283,64,5
3,-5.197,54.8,5
6.03,-5.805,28.1,5
3.39,-7.575,55.9,5
16.8,-5.573,41.2,5
5.94,-3.705,53.7,5
5.56,-5.378,22.5,5
17.8,-8.165,28.3,5
7.41,-2.629,36.2,5
4.15,-6.317,38.7,5
4.58,-7.056,52.4,5
3.62,-5.078,35.4,5
11.2,-4.19,34.8,5
8.16,-6.106,56,5
13.8,-4.671,29.1,5
3.3,-11.476,24,5
7.86,-5.685,43.5,5
13.5,-4.612,50.2,5
9.04,-10.661,32.9,5
5.95,-5.006,48,5
10.5,-4.802,57,5
12,-3.768,30.4,5
8.14,-7.053,22,5
3.35,-11.421,41.2,5
7.83,-8.275,27.4,5
4.73,-9.797,54.6,5
3.99,-6.34,51.7,5
8.74,-4.824,42.9,5
9.04,-5.368,49.6,5
12.8,-7.628,6.9,5
19.7,-3.485,24.3,5
7.32,-7.637,51.7,5
3.48,-6.999,45.6,5
7.56,-4.835,42.8,5
8.94,-4.581,51.2,5
6.64,-3.387,43.4,5
12.6,-4.93,30.3,5
9.36,-5.416,40.2,5
8.06,-4.008,54.8,5
5.91,-3.585,16.3,5
3.66,-4.719,58.5,5
24.5,-5.343,46.2,5
5.01,-4.653,37.4,5
3.13,-9.878,48.9,5
7.25,-4.618,39,5
7.12,-7.508,33.5,5
4.49,-4.824,41.8,5
8.54,-4.806,51,5
6.78,-10.138,22.1,5
9.12,-2.75,24.6,5
15.9,-4.219,43.2,5
11.7,-4.946,43.4,5
5.08,-2.557,50.9,5
5.22,-4.886,53.1,5
13,-5.869,23.4,5
8.48,-3.28,46.7,5
9.29,-5.399,40.5,5
5.5,-4.117,46.7,5
4.87,-6.751,43.7,5
3.53,-4.91,45,5
5.36,-4.151,41.3,5
8.2,-5.996,57.3,5
13,-6.659,43.2,5
26,-1.516,44.1,5
8.31,-6.581,39.9,5
7.74,-3.594,20.9,5
5.45,-6.398,59.6,5
7.6,-5.147,24.8,5
6.2,-5.937,34.4,5
4.45,-5.444,54.2,5
7.66,-5.266,37.7,5
24.3,-5.333,30.3,5
3.87,-5.309,52.1,5
3.91,-6.889,46.9,5
5.44,-5.705,52.1,5
13.3,-2.115,40.5,5
9.65,-5.319,24.5,5
18.9,-4.496,23.9,5
3.12,-4.173,48.5,5
2.65,-7.458,49.6,5
13.9,-4.459,36.5,5
12.1,-3.106,18.8,5
4.44,-7.814,19.9,5
7.21,-7.136,26.2,5
13.3,-4.547,62.1,5
4.4,-2.059,62.4,5
10.8,-5.522,46.6,5
6.88,-4.406,41.7,5
10.7,-3.064,66.1,5
8.15,-14.63,32.6,5
18.5,-3.984,33.7,5
5.17,-7.383,54.4,5
4.69,-3.57,39,5
5.65,-7.514,18.7,5
14.7,-2.834,30.2,5
14.9,-5.984,38.8,5
3.93,-11.148,65.9,5
3.25,-4.332,57,5
5.79,-5.709,52.2,5
8.98,-2.05,39.2,5
10.7,-4.621,52.8,5
4.19,-7.823,34.5,5
4.65,-9.025,53.2,5
4.74,-6.462,43.5,5
15.6,-3.689,57.6,5
10.4,-4.119,38.2,5
18.3,-3.717,45.8,5
4.73,-5.467,38.2,5
4.37,-6.625,29.9,5
10.5,-5.983,49.3,5
14.7,-4.38,32.6,5
9.88,-3.535,50.9,5
3.41,-7.771,38.3,5
7.99,-8.394,9.81,5
9.29,-5.399,40.5,5
7.52,-3.958,45.2,5
4.1,-6.56,46.3,5
13.8,-9.257,45.4,5
8.99,-5.992,47,5
3.37,-8.78,23.3,5
3.54,-8.133,42.5,5
4.85,-3.857,48.6,5
5.04,-3.836,30,5
12.4,-6.351,27.6,5
16.6,-3.997,33.5,5
9.14,-5.602,34.3,5
2.98,-8.432,57.2,5
3.99,-5.59,35.6,5
7.36,-5.192,43.8,5
12.4,-6.008,11.7,5
11.3,-3.492,13.5,5
3.91,-8.802,49.7,5
18.8,-5.251,42.3,5
7.17,-5.06,12.3,5
8.18,-3.755,26.7,5
3.92,-6.8,40.6,5
21.2,-2.448,25.7,5
4.4,-6.091,30.3,5
26.1,-2.693,45.1,5
5.1,-4.119,56.2,5
7.98,-3.696,38.9,5
6.45,-5.661,47,5
3.34,-6.677,49.5,5
14.7,-2.409,26.9,5
12.9,-4.944,26.8,5
3.43,-6.649,60.7,5
12.5,-6.916,28.9,5
16.9,-2.772,21,5
16.7,-4.501,49,5
6.88,-3.715,47.4,5
49.2,-0.812,42.8,5
7.51,-6.056,43.7,5
10.7,-5.542,21,5
4.3,-6.888,33.2,5
6.41,-3.287,50.4,5
4.71,-7.521,42.8,5
8.1,-4.858,41.3,5
6.91,-2.796,24.7,5
5.23,-5.275,50,5
5.78,-4.072,27.1,5
6.06,-7.635,44.8,5
10.5,-5.458,45.4,5
12.2,-5.191,24.2,5
3.17,-7.749,44.8,5
9.17,-4.441,37.8,5
6.13,-9.06,45.7,5
11.3,-7.795,26.4,5
3.02,-8.512,56.7,5
4.93,-3.965,55.7,5
10.7,-5.079,14.5,5
3.29,-8.182,38.5,5
9.13,-4.963,32.4,5
5.47,-3.902,45.8,5
2.65,-7.637,53.8,5
4.01,-6.737,54.6,5
28.5,-3.023,37.9,5
12,-5.683,25.9,5
4.78,-7.614,27,5
6.63,-2.908,19.7,5
15.6,-3.498,29.9,5
7.6,-4.509,25.2,5
3.82,-5.332,56.5,5
7.22,-6.067,53.3,5
11.2,-4.758,51.4,5
15.5,-2.801,32.2,5
14.5,-1.821,51.3,5
3.09,-13.618,31.1,5
2.65,-12.441,53.3,5
14.4,-4.391,13.6,5
15.4,-6.162,31.7,5
14.3,-4.405,34.8,5
17.7,-2.913,26.3,5
8.25,-6.623,38.3,5
8.61,-3.735,37.5,5
5.3,-4.292,48.8,5
5.57,-10.068,62.1,5
6.18,-3.897,43.3,5
10.5,-10.08,27.8,5
6.63,-6.422,55.3,5
11.9,-3.908,41.7,5
5.15,-3.951,52,5
7.24,-6.548,36.4,5
6.36,-5.516,50.5,5
11.9,-3.908,41.7,5
5.86,-9.29,28,5
4.7,-5.678,31,5
21.2,-2.969,41.4,5
13.3,-3.333,17,5
6.38,-3.931,53.4,5
15.9,-4.214,52.3,5
16.5,-3.548,27.3,5
21.5,-4.192,36.2,5
8.4,-4.001,43.6,5
7.24,-3.926,57.8,5
5.4,-4.599,45,5
4.74,-5.717,52.3,5
13.9,-4.353,42.9,5
4.15,-8.504,55.7,5
4.27,-5.016,50.8,5
21.7,-4.407,56.9,5
5.38,-6.406,41.4,5
4.58,-2.641,57.9,5
10.2,-1.382,32.6,5
2.34,-5.713,68.4,5
4.13,-6.227,29.2,5
7.24,-6.548,36.4,5
3.42,-4.692,22.9,5
13.1,-4.489,18.1,5
4.69,-6.231,46.2,5
8.05,-6.222,43,5
4.42,-6.635,49.2,5
5.68,-5.467,54.6,5
4.79,-12.181,29.9,5
3.67,-6.894,55.9,5
8.12,-8.007,44.4,5
7.47,-5.753,27.9,5
4.42,-7.683,39.3,5
17.5,-3.19,47.6,5
3.13,-10.551,37.9,5
22.7,-3.765,48,5
3.2,-10.82,27.5,5
9.33,-4.67,48,5
4.11,-5.298,48.4,5
9.63,-4.296,60.8,5
20.9,-5.273,56.9,5
11.6,-4.793,41.9,5
5.24,-4.809,44.6,5
13.5,-5.605,40.8,5
8.18,-3.755,26.7,5
5.58,-8.185,18.7,5
13.5,-3.754,43.8,5
4.04,-7.55,32.2,5
8.84,-5.316,28,5
8.33,-5.379,21.9,5
4.34,-7.091,35,5
7.71,-5.451,49.5,5
26.1,-1.846,30.7,5
6.42,-9.239,35,5
6.55,-5.391,43.1,5
5.71,-3.063,41,5
3.46,-11.654,50.8,5
4.42,-5.242,52.1,5
4.24,-6.752,66.8,5
17,-3.601,29.1,5
7.54,-4.77,56,5
6.1,-4.464,27.9,5
3.95,-7.734,31.3,5
3.35,-8.414,55.9,5
20.7,-1.343,50.6,5
6.86,-5.428,29,5
14.4,-5.492,29.8,5
4.24,-6.752,66.8,5
4.13,-10.549,66.9,5
4.42,-8.052,38.7,5
12.2,-3.604,41.7,5
5.71,-6.036,42.7,5
8.62,-7.941,14.9,5
4.85,-7.215,45.2,5
15.2,-5.3,39.4,5
8.35,-6.696,27.5,5
16,-2.844,26,5
7.01,-5.701,34.5,5
4.44,-4.196,52.7,5
4.3,-3.374,21,5
11.2,-6.482,22.6,5
2.98,-8.691,57.7,5
7.39,-6.387,24.5,5
14.5,-5.028,33.9,5
4.57,-10.075,54.7,5
11.8,-7.282,25.1,5
10.5,-7.566,48.6,5
10.9,-5.04,40.9,5
6.25,-3.619,39,5
4.54,-6.697,50.6,5
10.9,-4.362,42,5
12.2,-4.794,32.3,5
5.81,-4.186,50,5
3.26,-10.883,27.3,5
3.78,-10.101,40.7,5
7.96,-3.613,17.2,5
19.7,-6.613,36.6,5
8.6,-4.56,55.6,5
3.77,-4.582,47.8,5
2.78,-8.649,54.3,5
3.9,-7.516,53,5
3.13,-7.952,31.2,5
8.66,-4.545,27,5
3.43,-4.781,54.9,5
5.61,-5.594,48,5
28.4,-2.633,47.4,5
15.3,-3.663,40.8,5
12.1,-5.327,27.2,5
3.84,-10.527,29.4,5
7.98,-4.217,48.7,5
4.6,-10.965,62.5,5
10.9,-5.57,33.2,5
5.87,-5.452,61,5
5.69,-14.121,59.5,5
5.88,-5.734,55.1,5
13.2,-4.045,49.9,5
4.19,-7.905,36.4,5
3.49,-14.446,63,5
6.06,-6.371,53.4,5
15.4,-3.243,25.9,5
18.5,-4.439,42.8,5
6.41,-7.126,39.4,5
5.31,-7.361,33.3,5
10.7,-2.189,39.2,5
7.23,-4.444,51.2,5
10.7,-3.389,48.5,5
5.56,-5.55,46.4,5
6.39,-5.008,41.7,5
4.25,-8.634,65,5
5.51,-5.659,28.4,5
4.12,-6.655,44,5
12,-5.439,40.9,5
16.2,-2.466,30.3,5
2.84,-12.226,44.8,5
8.28,-2.785,57.6,5
27.2,-1.549,38.4,5
3.02,-9.6,55.3,5
5.51,-3.163,47.7,5
5.93,-3.373,59.4,5
4.01,-4.86,27.2,5
6.87,-6.858,34.6,5
2.97,-4.434,56.8,5
6.98,-5.244,48.8,5
3.29,-15.705,66.8,5
3.85,-6.283,64,5
9.98,-5.906,65.4,5
9.68,-6.251,25.3,5
5.84,-5.87,55.6,5
10.2,-5.059,26.4,5
11.6,-5.919,33.9,5
21.2,-2.448,25.7,5
4.84,-6.353,58.8,5
13.9,-6.123,53.8,5
6.42,-5.143,24.8,5
9.04,-10.661,32.9,5
3.57,-6.556,53.2,5
8.18,-4.71,48.6,5
5.11,-4.633,62.3,5
11.2,-6.091,44,5
7.3,-5.312,55.3,5
7.47,-6.637,61.7,5
8.69,-12.297,16.2,5
12.3,-3.572,46,5
9.64,-4.244,39.2,5
14.3,-7.605,45.8,5
2.65,-14.071,50.8,5
30.2,-5.218,75.4,5
3.48,-9.943,58.9,5
8.24,-4.836,44.9,5
10.6,-4.196,50.8,5
5.98,-7.86,51,5
19.6,-3.421,52.3,5
12.4,-3.865,46.9,5
12.5,-5.384,52.9,5
4.29,-8.676,49.4,5
11.2,-4.94,53.8,5
12.6,-5.478,49.4,5
5.86,-4.831,17.2,5
5.2,-5.877,35.3,5
4.52,-3.775,54,5
40,-7.823,14.7,5
7.18,-5.599,48.3,5
5.39,-4.122,41.8,5
10.7,-2.968,36.4,5
5.34,-5.693,38.3,5
14.3,-6.456,48.1,5
5.22,-6.161,54.4,5
6.12,-5.562,68.6,5
5.05,-6.632,53.3,5
3.63,-10.796,17.3,5
7.05,-4.601,28.5,5
6.61,-3.839,37.6,5
3.35,-7.527,43,5
8.86,-7.049,20,5
13,-6.659,43.2,5
15.5,-5.017,22,5
2.98,-5.015,44.7,5
4.21,-4.942,40.4,5
12.4,-6.489,35.7,5
7.64,-3.079,54.8,5
4.05,-6.439,41,5
22.4,-5.581,19,5
12.4,-7.294,27.9,5
3.75,-6.761,38.1,5
2.46,-4.786,64.3,5
6.82,-2.462,44.7,5
7.42,-7.449,39.4,5
13.6,-2.602,23.8,5
3.71,-4.86,50.9,5
6.5,-9.927,23.4,5
4.3,-6.888,33.2,5
3.35,-7.79,38,5
14.1,-4.888,43.4,5
7.25,-4.657,51.4,5
12.8,-1.858,50.4,5
4.03,-5.684,57,5
14.5,-3.259,42.7,5
5.09,-5.11,32,5
14.9,-3.634,35.2,5
3.39,-6.908,53.9,5
5.11,-3.941,52.4,5
4.87,-6.751,43.7,5
4.45,-5.061,43.7,5
5,-6.278,51,5
4.9,-6.416,24.2,5
7.18,-5.599,48.3,5
19.1,-4.451,15.1,5
6.83,-6.466,48.6,5
5.71,-1.558,47.3,5
7.76,-2.974,36.3,5
8.66,-6.282,45.4,5
7.67,-3.129,43.3,5
14.6,-5.821,49.5,5
6.97,-4.658,52.3,5
3.97,-8.544,48.9,5
12.9,-4.826,39.9,5
17.8,-2.985,40.1,5
30.2,-1.986,20.6,5
22.6,-3.883,40.8,5
9.03,-4.155,34.8,5
6.29,-5.756,15.9,5
5.04,-5.602,52.4,5
15.1,-2.756,47.2,5
5.26,-5.2,67,5
5.62,-7.152,45,5
2.87,-7.634,27.2,5
5.29,-3.495,24.1,5
9.66,-3.661,49.9,5
13.5,-4.534,22.7,5
10.5,-4.228,50.1,5
11.2,-5.494,47,5
11.7,-5.702,29.2,5
8.02,-11.786,49.7,5
5.28,-8.644,36.9,5
7.09,-6.081,45.9,5
6.08,-6.784,43.6,5
12.9,-5.247,40.8,5
3.18,-3.677,64.9,5
13.7,-6.033,17.5,5
9.87,-3.645,53.4,5
6.79,-1.884,13.9,5
9.52,-5.161,36.8,5
13.2,-3.312,47.3,5
6.19,-7.552,50.8,5
4.22,-5.743,49.1,5
8.03,-5.619,44,5
15.6,-3.868,58.4,5
7.68,-3.161,52.5,5
8.38,-3.229,48,5
2.67,-6.252,32.8,5
7,-3.524,65.7,5
4.96,-5.655,30.2,5
4.26,-3.479,57.3,5
3.18,-6.588,29.6,5
9.93,-5.491,57.7,5
13,-6.759,45.4,5
4.44,-10.614,34.4,5
9.25,-5.584,29.6,5
6.76,-4.028,48.4,5
4.32,-4.683,50.7,5
7.08,-4.644,30.2,5
5.4,-10.709,47.5,5
9.87,-4.756,41.1,5
3.87,-6.611,40.5,5
6.5,-11.546,36.7,5
12.6,-4.054,23.8,5
9.12,-4.234,32.3,5
11.6,-5.249,39.6,5
7.31,-4.369,44.5,5
3.54,-4.235,50.9,5
10.4,-5.394,48.7,5
17.7,-5.135,35.2,5
7.01,-11.064,40.3,5
17.1,-3.621,41.3,5
3.63,-10.027,51.6,5
4.15,-8.728,24.5,5
9.48,-5.666,47,5
6.6,-5.459,59.3,5
6.24,-5.825,55.2,5
3.53,-9.7,45.9,5
3.84,-7.946,29.7,5
15.9,-4.214,52.3,5
3.88,-6.162,15.9,5
10,-4.654,25.9,5
7.04,-6.652,48.6,5
11.3,-1.836,45.8,5
10,-4.239,45.3,5
10.7,-5.94,37.3,5
5.31,-4.399,54.6,5
8.63,-8.148,24.5,5
4.61,-5.243,56.3,5
11.4,-5.605,50.8,5
5.61,-7.531,18.3,5
6.72,-6.832,46.2,5
11.8,-6.483,41.6,5
8.06,-2.802,51.2,5
7.11,-4.123,21.9,5
3.81,-7.984,36.5,5
3.47,-8.693,60,5
7.23,-6.693,44.2,5
5.12,-7.445,23.3,5
8.85,-3.642,27,5
4.48,-4.998,56.4,5
4.52,-4.148,55,5
10.5,-4.882,35,5
3.82,-5.27,54,5
13.5,-5.776,41.3,5
5.52,-3.924,48.6,5
10.2,-4.011,51.7,5
8.82,-3.662,49.9,5
7.52,-5.468,45.3,5
8.04,-8.008,43,5
5.11,-7.765,49.4,5
12,-9.305,45.5,5
8.66,-6.282,45.4,5
7.73,-3.08,56.8,5
4.79,-3.011,46.1,5
3.69,-5.139,31,5
8.1,-13.122,38.2,5
6.46,-3.589,22,5
3.85,-6.283,64,5
4.91,-6.163,21.9,5
14.9,-8.108,20.9,5
3.97,-5.723,50.9,5
11.5,-3.779,17,5
3.27,-3.674,44.5,5
18.5,-3.79,23.5,5
6.58,-3.635,18.7,5
3.61,-5.048,51,5
5.87,-7.006,41.1,5
30.1,-4.818,12.3,5
6.29,-3.271,55.3,5
5.28,-4.918,18.9,5
10.5,-4.481,36.2,5
5.31,-6.489,59.1,5
10.2,-5.545,41.1,5
19.9,-1.952,30.3,5
10.4,-3.084,29.2,5
7.87,-7.246,67.9,5
8.7,-4.197,25.2,5
7.06,-6.912,46.9,5
10.9,-5.509,28,5
7.34,-5.063,46.3,5
19,-6.529,59.7,5
8.04,-5.181,33.9,5
6.66,-7.104,40.7,5
31,-2.863,37.8,5
4.2,-10.091,31,5
5.98,-5.294,31,5
2.85,-6.831,50.3,5
11.4,-9.455,28.2,5
3.57,-3.413,70,5
9.44,-5.2,46.7,5
8.25,-6.47,49,5
7.38,-2.97,50.4,5
4.29,-3.783,40.9,5
5.88,-11.849,20.4,5
10.5,-6.526,49.3,5
13.5,-5.303,37.1,5
5.45,-6.492,49.4,5
4.99,-8.735,49.9,5
8.12,-7.15,26.3,5
3.4,-9.392,53.6,5
4.05,-5.881,29.7,5
2.53,-10.507,60.1,5
15.7,-3.636,40.1,5
10.7,-4.23,39.6,5
3.82,-5.462,36.6,5
5.45,-11.458,39.3,5
6.23,-5.708,56.9,5
3.11,-5.653,28.7,5
11.1,-3.463,30.1,5
16.6,-3.482,40.9,5
4.69,-4.193,55.6,5
4.03,-4.341,55.9,5
3.99,-5.834,41.9,5
8.8,-5.308,27.1,5
4.93,-3.965,55.7,5
3.24,-9.036,32.9,5
7.4,-5.393,65.4,5
16.9,-4.304,28.1,5
19.6,-5.902,15.3,5
11.9,-3.127,47.2,5
11.4,-5.566,41.6,5
6.38,-4.446,26.9,5
10.2,-6.039,49,5
9.08,-4.787,36,5
37.5,-10.798,28.1,5
2.91,-8.256,18,5
4.69,-2.188,42.7,5
4.69,-2.188,42.7,5
8.9,-3.226,53,5
7.38,-2.97,50.4,5
6.82,-5.229,63.8,5
10.9,-2.977,36.7,5
5.58,-2.623,26.5,5
14,-5.335,14.1,5
14.6,-7.556,31.3,5
17.5,-5.956,36.7,5
7.9,-5.443,49.9,5
13.4,-12.757,21.5,5
10.5,-5,33.1,5
12.3,-3.572,46,5
12.2,-3.244,48.3,5
15.4,-4.33,42.4,5
12.7,-5.909,49.8,5
7.81,-12.672,43.3,5
7.91,-7.873,47.6,5
10.4,-3.084,29.2,5
3.03,-10.433,57.1,5
3.35,-9.166,38.2,5
8.82,-5.447,51.1,5
16.9,-6.027,24.7,5
10.8,-6.237,40.4,5
4.46,-5.253,36.1,5
4.92,-5.086,27.7,5
15.5,-4.058,42,5
19.7,-4.724,34.9,5
3.52,-6.785,57.2,5
15.1,-4.168,42.2,5
5.27,-5.403,43.1,5
5.41,-4.106,47.7,5
3.63,-3.537,47.3,5
28.2,-5.493,44.5,5
18.9,-6.214,42,5
6.56,-2.963,45.7,5
3.42,-14.292,48.2,5
18.9,-4.024,26.3,5
12.1,-5.168,35.9,5
4.59,-7.67,33.8,5
7.53,-2.061,35.5,5
7.21,-5.863,55.9,5
16,-4.335,25.9,5
3.54,-6.229,43.2,5
16.7,-4.272,51.5,5
5.62,-5.145,45.7,5
6.84,-3.664,41.4,5
7.69,-5.238,57.4,5
9.04,-5.66,45.7,5
10.8,-5.411,48.4,5
11.1,-5.083,43.3,5
6.78,-5.006,26.2,5
6.95,-2.684,48.1,5
25.1,-2.572,41.9,5
5.32,-7.386,50.5,5
10.5,-4.487,55.9,5
5.86,-7.007,53.3,5
4.98,-5.975,47.2,5
4.41,-6.481,21.5,5
17.2,-5.259,42.9,5
7.83,-4.496,58.7,5
5.1,-6.856,16.8,5
3.76,-4.006,64.1,5
11.6,-7.07,18.9,5
5.95,-5.006,48,5
5.38,-6.895,42.4,5
3.19,-10.403,50.1,5
4.39,-6.891,47.8,5
10.7,-5.104,31.1,5
9.49,-7.235,37.5,5
4.23,-11.142,58.6,5
25.7,-3.57,24.3,5
21.3,-5.631,35.8,5
14.5,-3.22,54.2,5
12.4,-3.128,17.9,5
3.78,-6.935,44.3,5
2.66,-5.319,56.8,5
3.77,-4.277,44.3,5
5.13,-5.224,52.7,5
43.6,-4.06,11.8,5
4.69,-4.193,55.6,5
15.7,-6.085,28.9,5
21.4,-5.724,21.1,5
10.6,-5.662,48.1,5
2.81,-9.367,32.2,5
9.38,-5.648,35.9,5
10.9,-4.362,42,5
5.68,-6.522,39.6,5
8.39,-6.823,44.1,5
25.4,-5.913,53.3,5
5.44,-8.237,48.6,5
5.67,-4.336,47.3,5
12.1,-6.803,57.5,5
32.2,-5.943,29,5
4.98,-7.687,47.7,5
5.95,-2.827,15,5
5.44,-4.12,39.5,5
15.5,-3.415,45.9,5
4.93,-7.759,50,5
4.56,-3.486,64.4,5
5.53,-7.767,34.5,5
8.54,-6.453,29.3,5
12.8,-6.013,19.5,5
47.3,-2.318,25.2,5
3.16,-7.626,42.5,5
5.23,-7.787,35.7,5
8.86,-5.29,52.8,5
4.2,-4.726,39.6,5
4.39,-5.84,25.3,5
5.03,-6.556,48.1,5
30.3,-4.432,28.6,5
12,-9.305,45.5,5
15.6,-4.089,40.2,5
2.65,-12.441,53.3,5
4.12,-14.268,52.4,5
15,-6.951,47.5,5
6.76,-13.84,39.1,5
3.98,-8.764,24.6,5
17.1,-2.103,24.1,5
6.26,-4.272,47.7,5
4.39,-7.141,46.4,5
16.2,-3.49,36.6,5
3.14,-15.763,58.1,5
6.8,-4.749,39.6,5
7.05,-8.907,56.8,5
12.2,-3.918,53.3,5
12.5,-6.366,33.2,5
13,-3.436,49.7,5
11.6,-6.629,46.4,5
5.53,-4.262,69.5,5
15.7,-3.636,40.1,5
16.3,-4.093,8.09,5
6.61,-3.839,37.6,5
6.67,-7.205,40.9,5
24.7,-2.785,22.5,5
8.25,-4.49,37.4,5
10.7,-6.172,55.4,5
3.47,-8.836,44.5,5
4.7,-9.313,39,5
4.9,-9.291,41.3,5
8.86,-7.049,20,5
16.8,-3.695,48.7,5
25.9,-5.361,49.1,5
3.11,-5.653,28.7,5
5.34,-4.606,42.2,5
4.93,-3.965,55.7,5
4.22,-5.743,49.1,5
12.3,-5.385,37.5,5
9.02,-3.63,56.6,5
12,-5.439,40.9,5
3.63,-8.718,41.6,5
6.8,-9.096,32.4,5
10,-5.773,36.3,5
40.8,-6.907,22.4,5
6.34,-8.055,24.4,5
3.99,-7.21,44.5,5
20.7,-2.949,45.6,5
12.2,-3.918,53.3,5
15.1,-4.254,35.4,5
7.66,-3.167,54,5
16.2,-3.49,36.6,5
9.15,-4.755,43.9,5
13,-6.659,43.2,5
4.6,-5.607,42.5,5
4.47,-4.972,48.2,5
2.78,-8.649,54.3,5
11.6,-4.793,41.9,5
5.89,-7.182,43.6,5
18.4,-3.963,16.8,5
3.53,-9.09,24.6,5
9.66,-3.661,49.9,5
21.4,-4.701,22.9,5
10.2,-8.753,28.9,5
7.45,-2.654,56.2,5
16.7,-4.501,49,5
7.07,-6.725,67.3,5
6.6,-5.459,59.3,5
3.97,-5.861,34.4,5
5.53,-7.767,34.5,5
5.03,-4.759,45.2,5
16.8,-6.952,27.8,5
4.97,-6.046,54.9,5
3.51,-6.537,49.8,5
8.23,-8.258,46.4,5
17.6,-2.492,50.3,5
2.79,-5.658,55.5,5
7.23,-6.693,44.2,5
10.9,-4.083,48.3,5
27.2,-6.622,45.8,5
5,-6.135,52.1,5
7.16,-4.818,34.8,5
6.19,-2.293,33.4,5
4.47,-5.314,55.3,5
5.94,-5.618,51.1,5
21.1,-3.29,46.6,5
5.11,-3.181,40.9,5
4.27,-8.639,54.6,5
9.86,-6.309,52.4,5
21.9,-5.725,38.1,5
14.2,-3.138,57.3,5
10.6,-3.657,37.1,5
6.95,-8.151,10.5,5
3.97,-5.064,64.8,5
8.57,-5.664,36.2,5
13.2,-4.142,37.3,5
3.43,-11.406,45.8,5
3.85,-5.773,51,5
10.7,-4.549,47.3,5
3.6,-6.726,52.1,5
7.73,-4.182,35.9,5
5.66,-6.342,42.4,5
4.73,-4.557,48.2,5
6.18,-2.722,47.8,5
19.6,-3.421,52.3,5
5.3,-6.067,32.9,5
3.32,-5.488,66,5
14.5,-3.753,37.4,5
6.6,-5.446,44.7,5
16,-0.578,47.2,5
15.8,-8.325,42.6,5
18.7,-2.348,47.3,5
3.11,-5.497,48.5,5
5.55,-9.12,22.5,5
4.91,-3.912,52,5
14.2,-4.997,43.7,5
3.5,-4.76,50.3,5
5.19,-4.763,52.7,5
3.2,-7.243,40.2,5
12,-3.88,27.8,5
8.55,-4.205,30.6,5
10.7,-6.586,32.5,5
4.84,-4.88,38.3,5
31.1,-12.731,69.4,5
10.1,-2.642,42.7,5
6.42,-5.205,55.1,5
3.81,-5.132,46,5
13.7,-5.177,38.1,5
5.9,-4.564,47.9,5
5.91,-9.138,42.6,5
4.87,-5.122,34.4,5
5.15,-4.534,51,5
3.04,-6.873,52,5
3.3,-7.594,66.8,5
4.36,-7.422,26.7,5
7.27,-4.478,73,5
4.43,-5.95,41.7,5
15.6,-4.751,78,5
15.1,-3.325,36.5,5
12.9,-2.148,50.4,5
10.5,-6.526,49.3,5
4.87,-8.931,28.6,5
10.3,-3.952,44.6,5
6.11,-8.247,58.4,5
17.7,-6.648,47.6,5
3.13,-6.707,41.9,5
6.33,-5.554,28.2,5
5.18,-7.04,19.8,5
8.67,-6.55,15.4,5
18.5,-5.143,44.7,5
4.67,-6.31,52,5
4.34,-6.731,38.6,5
4.1,-3.83,58.4,5
4.05,-8.872,49.8,5
8.62,-5.153,39,5
6.31,-6.655,42.2,5
12.6,-5.478,49.4,5
8.8,-8.604,54.3,5
5.44,-5.705,52.1,5
7.95,-4.86,39.1,5
17.8,-3.578,50.9,5
4.25,-5.336,51.4,5
8.44,-3.389,69.3,5
9.2,-6.882,16.8,5
5.15,-5.928,53.8,5
5.6,-4.351,52.2,5
8.1,-5.959,46.5,5
15.9,-2.861,59,5
3.41,-11.633,48.6,5
3.83,-5.861,52.2,5
9.53,-3.951,17,5
7.32,-7.337,35.6,5
18,-3.02,23.6,5
6.73,-4.324,57.9,5
12.5,-5.777,60.3,5
9.89,-10.531,25.9,5
15.6,-3.689,57.6,5
9.12,-4.159,68.1,5
5.2,-5.877,35.3,5
18.2,-4.621,48.4,5
5.89,-8.062,50.5,5
20,-5.728,11.7,5
7.08,-6.097,52.7,5
10.4,-7.469,22.6,5
4.99,-5.239,36.4,5
4.24,-8.824,36.2,5
12.3,-3.323,33.3,5
7.04,-5.426,53,5
3.63,-10.661,52,5
5.55,-2.332,49.6,5
3.03,-4.733,57.1,5
5.68,-6.514,30.7,5
37.5,-10.798,28.1,5
14.2,-6.881,30.2,5
2.72,-7.052,43.8,5
12.8,-5.462,50.2,5
17,-8.582,60.1,5
10.3,-6.696,30.9,5
9.86,-6.352,54.7,5
7.84,-6.373,50.1,5
21.4,-5.724,21.1,5
5.24,-14.959,32,5
9.16,-4.092,41.3,5
26.7,-4.853,33.4,5
5.54,-10.068,56.4,5
5.06,-6.3,46,5
8.18,-4.677,48.6,5
9.15,-6.686,39.9,5
6.45,-4.198,46.8,5
8.16,-5.82,46.2,5
14.8,-5.716,28.7,5
17.1,-2.997,29.1,5
4.74,-5.717,52.3,5
5.4,-8.516,60.6,5
6.37,-4.184,56.6,5
17,-3.601,29.1,5
4.09,-7.54,47.4,5
13.5,-2.924,28.4,5
5.2,-5.877,35.3,5
7.4,-6.274,46.8,5
12.8,-6.82,13.3,5
4.29,-20.968,50.6,5
6.25,-4.039,59.2,5
7.08,-3.405,65.6,5
8.53,-4.179,52.6,5
4.24,-7.247,49,5
11.1,-6.719,48.6,5
11.2,-5.772,49.6,5
6.77,-5.512,31.9,5
5.35,-4.57,38.5,5
10.2,-4.115,59.3,5
14.3,-3.298,39.3,5
6.97,-5.078,31.1,5
10.1,-5.193,17.5,5
14.3,-3.323,38,5
13.1,-2.307,42.8,5
4.49,-11.541,27.4,5
11.6,-2.838,49.9,5
16.6,-3.927,22,5
4.77,-3.777,49,5
14,-6.191,20,5
15.6,-4.089,40.2,5
6.53,-4.483,47.4,5
2.87,-7.634,27.2,5
7.69,-11.514,42.9,5
6.99,-3.382,53.5,5
5.02,-3.068,48.3,5
7.55,-4.864,31.4,5
3.77,-5.148,39.6,5
11.6,-2.782,59.9,5
4.39,-7.141,46.4,5
16.5,-3.613,50.8,5
12.2,-3.918,53.3,5
5.4,-4.016,65.9,5
3.94,-4.93,57.2,5
18.9,-4.205,58.7,5
5.03,-6.486,28.3,5
4.7,-9.715,65.7,5
7.75,-3.492,39.2,5
7.83,-4.568,39.5,5
9.77,-5.888,17,5
3.58,-7.448,47.7,5
10.4,-3.084,29.2,5
6.52,-5.869,52.9,5
13.5,-5.303,37.1,5
10.4,-1.96,29,5
7.52,-5.468,45.3,5
5.15,-6.243,35,5
3.56,-6.678,22.5,5
5.82,-5.566,39.3,5
12.3,-8.067,33.9,5
3.15,-5.286,44.6,5
10.2,-4.115,59.3,5
4.6,-7.07,51.2,5
9.92,-5.134,28.4,5
5.84,-6.424,52.6,5
3.79,-7.801,56.2,5
13.1,-4.322,39.6,5
36.1,-3.133,40.8,5
4.03,-3.458,42.6,5
14.7,-7.164,22.4,5
12.2,-4.172,45,5
2.85,-6.831,50.3,5
18.8,-4.488,33.5,5
10.2,-4.05,51.1,5
5.51,-4.842,44.7,5
3.8,-6.237,37.7,5
2.92,-8.513,44.8,5
11.8,-1.761,45.4,5
8.4,-4.676,53,5
8.31,-4.887,47.9,5
15.3,-4.157,47.8,5
6.65,-7.016,33,5
2.79,-5.658,55.5,5
5.87,-5.58,58.5,5
8.2,-5.996,57.3,5
6.13,-9.06,45.7,5
6.26,-4.272,47.7,5
5.29,-7.041,58.5,5
5.3,-5.87,59.9,5
28.1,-6.823,42.8,5
7.25,-5.723,35.9,5
6.5,-4.221,14.1,5
11.8,-4.129,44.7,5
7.94,-6.481,33.6,5
2.83,-7.56,39.6,5
15.3,-4.149,52.6,5
13.7,-3.62,51.2,5
3.22,-3.226,45.8,5
7.12,-5.697,46.3,5
4.3,-3.876,47.1,5
3.35,-10.636,66,5
6.12,-5.232,54,5
4.12,-4.612,32,5
19.2,-5.561,24.8,5
7.33,-3.61,57.5,5
16.1,-5.137,16.6,5
10.3,-4.867,47.1,5
9.39,-6.313,34.2,5
7.37,-8.683,50.6,5
4.15,-13.169,35.2,5
8.02,-4.777,29.8,5
4.47,-6.383,49.9,5
3.62,-5.078,35.4,5
6.77,-3.873,45.8,5
2.81,-7.086,50.6,5
10.5,-5.983,49.3,5
4.5,-5.942,48.4,5
5.15,-4.543,50.8,5
4.45,-4.376,61.4,5
8.52,-4.843,58.5,5
9.95,-4.141,29,5
8.77,-6.812,18.6,5
2.7,-4.649,61.5,5
11.9,-5.52,22.4,5
8.74,-2.154,18.6,5
10.3,-3.435,47.7,5
7.48,-4.41,56.9,5
16.7,-2.898,41.7,5
17.3,-6.361,43.3,5
5.16,-5.215,33.3,5
5.1,-5.273,14.9,5
6.07,-12.229,56.7,5
20.9,-4.186,44.8,5
3.36,-5.015,37.2,5
9.32,-2.215,42.1,5
10.2,-4.002,16,5
3.14,-9.338,41.5,5
2.56,-10.025,52.4,5
4.42,-3.521,49.8,5
9.21,-4.936,37.6,5
16.4,-4.102,48.6,5
6.26,-2.672,50.3,5
4.18,-5.621,55.4,5
6.44,-5.518,34.9,5
5.9,-6.218,37.7,5
5.3,-2.93,53.5,5
9.5,-6.129,19.7,5
3.98,-6.117,44.4,5
12.8,-6.664,42.8,5
5.79,-5.709,52.2,5
6.73,-4.483,43.3,5
5.91,-4.871,48.9,5
8.37,-5.601,44.9,5
12.4,-8.977,17,5
14.6,-4.111,33.2,5
4.54,-13.873,80.7,5
13,-3.798,43.9,5
10,-8.505,21.9,5
9.38,-9.754,16.9,5
18.7,-3.79,21.1,5
5.44,-5.197,56.9,5
19.3,-2.583,20.7,5
8.71,-6.123,38.9,5
9.13,-3.144,41.4,5
2.9,-10.057,30.7,5
12,-4.084,36.8,5
4.5,-5.503,47.2,5
6.61,-3.304,52.5,5
5.46,-4.643,22,5
5.71,-4.446,52.9,5
8.94,-2.795,26.2,5
4.31,-8.261,44.9,5
7.24,-9.914,32.4,5
19.8,-3.823,32.6,5
2.68,-11.788,46.2,5
4.1,-7.036,46.8,5
6.73,-5.827,44.1,5
19.1,-2.627,36.3,5
6.49,-4.264,36.7,5
10.6,-3.757,49.2,5
6.9,-2.135,27.1,5
26.1,-2.693,45.1,5
13.4,-3.174,35.1,5
3.3,-8.441,40.7,5
9.1,-5.467,49.5,5
7.87,-2.555,55.2,5
6.49,-6.142,55.3,5
5.32,-6.332,43.5,5
15.6,-3.868,58.4,5
5.86,-3.209,40.2,5
7.56,-3.761,40.9,5
4.03,-3.638,51.8,5
5.07,-5.37,63.4,5
7.65,-9.701,41.5,5
5.52,-5.51,57.4,5
10.2,-3.362,47.9,5
15.9,-2.832,48.3,5
3.99,-6.979,20.9,5
9.32,-2.215,42.1,5
9.17,-6.223,42.5,5
8.53,-4.845,47.8,5
2.95,-9.145,53.6,5
5.53,-4.262,69.5,5
7.55,-4.024,46.7,5
5.57,-4.222,52.5,5
5.2,-6.709,36.4,5
5.9,-4.564,47.9,5
47.3,-2.318,25.2,5
7.98,-3.459,39.5,5
14.3,-4.405,34.8,5
5.11,-7.396,27.6,5
4.35,-7.152,30.5,5
12.7,-4.197,42.8,5
4.05,-4.069,46.4,5
3.76,-5.788,60,5
10.2,-6.713,51.5,5
5.92,-4.495,53.9,5
13.7,-5.699,27,5
7.24,-7.223,47.2,5
10.6,-3.902,36.3,5
6.73,-8.588,44.2,5
4.97,-5.371,48.8,5
6.31,-2.593,40.2,5
6.16,-6.608,28.6,5
11,-3.166,50.5,5
13,-9.518,8.95,5
6.69,-5.352,9.75,5
12,-7.486,35.8,5
4.84,-6.353,58.8,5
23.5,-2.158,46.8,5
12.9,-5.059,51.1,5
4.65,-9.025,53.2,5
11.2,-9.116,16.8,5
7.12,-5.697,46.3,5
3.14,-7.982,43.9,5
11.2,-4.508,40.6,5
7.27,-4.231,17.3,5
15.5,-3.245,47.7,5
3.55,-3.836,45.2,5
8.81,-5.023,55.1,5
2.92,-7.961,35.4,5
8.03,-5.619,44,5
10.1,-6.009,39.2,5
10.8,-5.436,52.6,5
2.95,-11.931,57.7,5
14.8,-4.669,54.1,5
5.37,-4.043,50.1,5
2.93,-8.957,56.4,5
5.85,-9.354,49.9,5
47.7,-4.7,27.7,5
2.89,-9.314,32.3,5
7,-3.524,65.7,5
12.8,-8.555,42.5,5
3.05,-6.35,62.6,5
10.8,-6.999,50.6,5
4.29,-3.694,43.5,5
7.01,-11.233,20.3,5
4.77,-3.825,38,5
11,-5.03,51.3,5
8.62,-7.941,14.9,5
5.57,-5.848,34.1,5
4.85,-6.228,51.8,5
18.2,-2.115,30.3,5
7.03,-8.854,37.9,5
3.85,-5.84,53.8,5
3.24,-6.003,49.2,5
10.7,-5.371,7.5,5
3.02,-10.535,51.7,5
6.14,-3.89,19.5,5
5.08,-5.978,25,5
23.6,-3.849,36.3,5
7.12,-5.697,46.3,5
7.74,-9.124,41.1,5
8.76,-6.093,50.6,5
17.3,-4.902,21.4,5
5.36,-4.151,41.3,5
6.73,-9.02,34.3,5
32,-2.653,26.1,5
7.87,-4.928,55.4,5
2.63,-11.218,55.3,5
15.9,-3.334,45.7,5
3.53,-9.11,54.3,5
4.98,-11.883,26.3,5
15.6,-6.742,53.4,5
12.1,-4.544,27.1,5
11.8,-7.228,13.1,5
3.31,-7.344,52.7,5
8.26,-4.24,45.5,5
10.9,-5.509,28,5
13.4,-4.716,27,5
7.44,-6.262,43.2,5
3.53,-4.91,45,5
8.17,-8.666,41.4,5
3.13,-8.97,34.8,5
6.52,-3.785,48.3,5
11.6,-5.468,39.1,5
4.01,-7.116,46.7,5
4.15,-7.193,49.6,5
3.24,-7.262,58.1,5
6.34,-5.787,10.9,5
17.3,-5.552,25.5,5
5.85,-9.631,51.5,5
4.2,-9.234,56.3,5
3.3,-4.276,50.5,5
9.86,-5.411,31.7,5
12.1,-5.792,44.3,5
4,-3.977,57.2,5
17,-6.904,20.7,5
8.31,-9.724,44.9,5
8.37,-5.214,61.9,5
2.92,-8.513,44.8,5
13.6,-3.387,19.3,5
13.8,-2.642,46.2,5
6.63,-2.908,19.7,5
10.9,-4.839,46.8,5
20.9,-3.615,19.5,5
6.62,-5.263,38.5,5
3.33,-8.723,53.4,5
25.5,-2.535,33.9,5
13.3,-4.793,57.4,5
3.39,-3.668,55.3,5
3.51,-6.537,49.8,5
2.71,-6.66,59.5,5
4.71,-11.674,27.6,5
8.04,-8.008,43,5
11.4,-3.234,52.2,5
6.72,-5.917,45.9,5
3,-6.493,27.4,5
3.8,-6.215,76.8,5
6.57,-6.515,43.7,5
14.3,-3.179,17.5,5
13.6,-3.712,25,5
9.46,-5.97,35.5,5
5.68,-4.682,36.6,5
6.6,-2.859,42.6,5
7.69,-5.238,57.4,5
4.14,-3.72,51.1,5
7.59,-3.542,37.5,5
4.14,-13.954,11.2,5
9.56,-6.835,45.7,5
9,-3.937,15.9,5
18.8,-4.488,33.5,5
3,-9.85,40.7,5
7.98,-4.469,43,5
3.25,-6.368,34.2,5
5.4,-9.267,31.2,5
4.01,-4.86,27.2,5
5,-3.835,56.6,5
3.15,-6.308,40,5
4.02,-10.043,34.9,5
5.91,-12.019,46.4,5
7.68,-4.669,10,5
6.76,-4.028,48.4,5
6.72,-6.147,51.8,5
5.9,-4.564,47.9,5
8.32,-4.632,17.5,5
3.9,-7.689,40.2,5
5.72,-3.339,39.2,5
11.9,-3.031,30.8,5
8.95,-5.64,24.2,5
9.2,-8.816,61.5,5
7.05,-6.351,9.86,5
6.01,-6.939,40.4,5
4.18,-5.531,46.2,5
5.64,-5.542,58.2,5
11.6,-3.98,32.3,5
4.93,-3.965,55.7,5
11.8,-13.019,9.51,5
17.1,-3.358,60.3,5
6.58,-3.882,52,5
15.8,-3.922,55.5,5
16.6,-3.997,33.5,5
6.13,-9.328,17.1,5
12.1,-5.246,22.7,5
5.35,-9.601,68.8,5
4.26,-9.251,46,5
7.17,-5.997,42.4,5
8.62,-6.289,56.6,5
5.57,-10.068,62.1,5
5.27,-7.427,50.3,5
5.61,-4.332,43.6,5
3.03,-10.478,30.9,5
13.8,-5.05,46.5,5
3.17,-6.219,57.2,5
7.45,-4.633,43.7,5
4.95,-9.372,65.4,5
3.87,-8.625,47.7,5
6.57,-6.288,23,5
4.92,-10.531,27.1,5
3.36,-10.49,42.4,5
3.7,-4.773,49.4,5
7.3,-4.608,54.3,5
7.69,-2.473,51.4,5
3.14,-11.064,50.8,5
10,-3.203,30.6,5
3.54,-6.41,52.3,5
3.33,-6.113,56.8,5
19.5,-2.485,21.1,5
10.3,-7.719,18.4,5
9.42,-5.606,18,5
16.7,-9.859,30.9,5
7.41,-4.627,51.7,5
2.54,-7.699,52.1,5
15.5,-3.245,47.7,5
5.84,-5.558,28.2,5
5.62,-8.03,15.6,5
13,-8.113,50.4,5
8.58,-4.615,48.9,5
2.86,-2.135,42.8,5
17,-5.846,20.5,5
12.9,-3.237,26.1,5
8.02,-4.043,46.3,5
8.51,-3.49,35.5,5
4.66,-7.049,28.5,5
7.64,-8.279,29.5,5
29.2,-2.216,45,5
9.5,-6.359,19.2,5
5.96,-3.685,50.3,5
9.92,-4.589,53.8,5
6.88,-3.715,47.4,5
5.76,-6.604,45.1,5
3.98,-7.275,57.4,5
4.27,-7.857,22.6,5
15.6,-3.868,58.4,5
13.5,-8.77,32.9,5
9.43,-5.362,33.6,5
5.41,-5.034,29.5,5
4.07,-6.769,21.8,5
47.3,-2.318,25.2,5
5.14,-4.869,30.5,5
18.6,-4.403,24.4,5
8.88,-2.315,49.2,5
21.5,-6.128,23.1,5
4.29,-7.809,33.2,5
5.84,-3.675,41.8,5
23.3,-1.437,30,5
9.18,-2.53,42.8,5
2.96,-14.216,47.4,5
3.97,-11.565,35.8,5
5.8,-4.266,43.9,5
10.5,-5,33.1,5
4.66,-7.049,28.5,5
9.26,-6.105,14.7,5
6.24,-12.476,23.8,5
7.37,-4.596,35.5,5
8.85,-1.752,42.6,5
8.95,-5.64,24.2,5
3.02,-6.074,35.4,5
10.8,-3.374,35.5,5
6.21,-5.282,53.1,5
5.53,-9.1,37.3,5
15.7,-3.928,21.4,5
4.47,-5.857,40.2,5
10,-4.07,22.8,5
25,-2.583,20,5
5.64,-5.927,48.9,5
7.53,-4.993,57.4,5
8.1,-4.17,73.6,5
4.54,-2.387,52,5
3.19,-7.329,42.3,5
12.9,-4.204,47.4,5
3.24,-7.339,62.2,5
9.87,-3.645,53.4,5
8.66,-3.74,38.3,5
31.6,-3.769,31,5
9.35,-11.251,62.2,5
6.31,-2.94,16.9,5
3.74,-6.156,50.6,5
5.46,-3.802,61.8,5
8.49,-6.233,47.2,5
5.05,-6.632,53.3,5
7.64,-7.161,45.9,5
6.72,-6.832,46.2,5
7.23,-8.175,38,5
5.68,-5.165,56.5,5
20.2,-4.47,41.1,5
15,-4.671,55.2,5
14.8,-3.481,43.8,5
5.79,-5.709,52.2,5
3.58,-16.129,60.6,5
5.67,-5.665,57,5
8.8,-4.457,47.6,5
6.45,-4.352,46.6,5
9.66,-7.128,41.8,5
12.6,-3.907,37,5
6.31,-4.691,41.8,5
9.18,-3.374,29.4,5
17.1,-4.31,37.7,5
10,-5.689,44.6,5
10.2,-4.787,58.5,5
16.3,-3.851,43.1,5
3.47,-4.728,42.3,5
8.28,-5.22,16.7,5
15.7,-2.706,46.9,5
5.79,-3.686,50.9,5
4.98,-6.048,24.7,5
7.38,-4.425,41,5
11.3,-1.547,53.3,5
4.11,-28.353,30.7,5
4.63,-3.974,49.1,5
14.1,-3.367,16.6,5
9.54,-9.648,18.9,5
9.66,-3.935,42.3,5
16.5,-3.144,40.1,5
12.3,-3.323,33.3,5
4.76,-5.267,18.7,5
5.64,-4.556,50.2,5
10.8,-2.869,52.5,5
9.24,-4.519,31.5,5
12.4,-5.858,11,5
14.5,-3.22,54.2,5
16.6,-2.364,36.6,5
11.4,-6.897,19.7,5
5.69,-5.858,47.7,5
8.75,-4.13,30.8,5
2.79,-5.658,55.5,5
10,-5.773,37,5
3.5,-6.951,36.5,5
4.02,-3.736,60,5
3.31,-5.492,54.6,5
2.74,-5.342,47.7,5
8.95,-5.236,54.4,5
4.12,-4.612,32,5
4.08,-12.876,53.1,5
4.27,-11.03,59.1,5
4.12,-6.956,39.8,5
8.69,-10.671,47.3,5
24.1,-3.474,23.3,5
13.4,-3.79,44.5,5
2.56,-7.408,49.3,5
2.67,-6.252,32.8,5
4.09,-5.145,65.2,5
6.37,-5.055,55.6,5
2.42,-8.096,52.5,5
8.74,-3.139,35.8,5
10.9,-10.595,26.1,5
9.87,-3.72,42.6,5
12.5,-3.186,52.9,5
12.9,-4.204,47.4,5
5.56,-9.439,29,5
6.87,-7.521,31.7,5
8.13,-4.335,22,5
4.42,-5.242,52.1,5
16.1,-4.995,18.4,5
3.16,-12.343,63.9,5
9.35,-11.521,52.3,5
14.6,-5.847,22.3,5
12.1,-4.846,41.6,5
17.2,-3.366,35.6,5
2.69,-5.146,59.6,5
10.9,-4.473,59.7,5
11.7,-2.99,55.8,5
14.8,-4.739,24.2,5
3.9,-9.902,46.7,5
3.8,-4.124,48.1,5
6.73,-2.278,40.6,5
19.7,-4.25,26.3,5
9.15,-6.686,39.9,5
3.68,-5.726,52.3,5
7.38,-6.307,28.1,5
8.32,-3.463,54.1,5
4.47,-6.383,49.9,5
4.07,-6.297,33.1,5
31.5,-4.615,31.7,5
5.57,-10.068,62.1,5
9.76,-6.96,22.6,5
4.77,-2.652,39.6,5
3.84,-8.477,34.2,5
9.51,-7.683,35.4,5
3.51,-7.886,23.6,5
8.5,-4.3,59.6,5
5.67,-14.667,23.1,5
14.3,-3.347,21.4,5
3.68,-5.726,52.3,5
5.82,-3.289,12.8,5
8.69,-10.671,47.3,5
4.35,-3.314,49.7,5
4.32,-5.519,47.5,5
13.1,-2.544,33.4,5
17.9,-4.744,36.4,5
11.4,-2.1,51.2,5
17.1,-3.621,41.3,5
10.9,-4.362,42,5
10.3,-6.539,24.7,5
4.84,-4.88,38.3,5
7.5,-4.936,45.8,5
5.11,-9.951,32.8,5
7.18,-5.599,48.3,5
7.23,-5.546,13.1,5
12.9,-3.237,26.1,5
4.42,-5.242,52.1,5
4.93,-7.759,50,5
7.55,-4.802,60.2,5
4.08,-4.921,50.4,5
5.85,-5.31,62.6,5
15,-4.294,45.8,5
29.2,-2.216,45,5
9.39,-6.88,10.1,5
3.16,-5.209,40.9,5
5.31,-6.489,59.1,5
3.34,-10.391,36.4,5
17,-3.675,41.3,5
7.51,-1.026,46,5
9.37,-11.394,40.9,5
6.33,-4.992,45.5,5
3.24,-16.163,39.6,5
4.42,-7.383,43,5
19.2,-3.334,29.8,5
3.25,-3.6,41.8,5
5.22,-5.405,52.9,5
3.85,-14.298,23,5
11.7,-11.399,43.1,5
2.8,-11.101,46.6,5
6.56,-6.982,25.3,5
7.16,-4.155,47.9,5
8.31,-4.234,48.6,5
12.4,-4.561,37.2,5
5.6,-14.943,47.7,5
4.49,-4.485,51.1,5
4.57,-6.104,38.4,5
5.87,-5.452,61,5
21.4,-5.724,21.1,5
14.5,-3.848,27,5
12.3,-4.413,36.6,5
4.04,-7.55,32.2,5
10.1,-7.263,20.9,5
5.82,-3.289,12.8,5
8.65,-1.719,22.5,5
13.1,-3.341,51.1,5
4.87,-6.336,55.6,5
16.1,-3.175,51.5,5
11.9,-10.208,49.2,5
4.05,-7.537,57.8,5
15.6,-7.368,50.3,5
9.74,-3.318,26.8,5
4.27,-4.567,54.5,5
4.66,-12.19,55,5
3.62,-9.751,18.5,5
26.9,-4.377,23.3,5
28.5,-2.401,30,5
11.9,-3.796,49.7,5
8.7,-4.882,29.3,5
21.5,-2.494,50.6,5
5.9,-5.671,30.8,5
11.6,-7.16,17.4,5
5.74,-5.509,53.2,5
14.7,-5.251,49.2,5
3.58,-7.495,51.2,5
15.4,-4.817,17.6,5
3.8,-6.237,37.7,5
5.94,-5.336,25.5,5
8.37,-7.009,38.5,5
9.09,-5.421,30.6,5
7.54,-4.77,56,5
3.32,-5.863,60.2,5
4.35,-6.944,47.6,5
7,-3.524,65.7,5
8.92,-3.091,48.2,5
12,-5.878,44.1,5
8.27,-5.417,42.6,5
15.1,-3.941,32.5,5
18,-2.586,52.2,5
8.71,-5.357,54.2,5
5.76,-8.515,36,5
13.1,-3.295,23.2,5
7.93,-6.344,34,5
6.47,-6.028,66.6,5
5.33,-4.402,39.1,5
8.37,-4.107,40.2,5
7.34,-4.647,60,5
11.9,-4.121,52.6,5
11.9,-4.788,49,5
16.4,-4.253,32.2,5
4.67,-6.24,37.7,5
5.15,-4.151,51,5
17,-1.509,30.4,5
5.92,-4.495,53.9,5
7.85,-5.909,46.3,5
4.32,-5.673,46.4,5
10.2,-6.713,51.5,5
32.1,-6.927,33.5,5
12.8,-5.352,41.5,5
10.7,-4.008,45.4,5
6.12,-5.875,44.5,5
24.1,-4.953,47.7,5
13.1,0.101,52.9,5
12.1,-5.168,35.9,5
5.97,-7.704,26.3,5
27.1,-2.865,38.1,5
5.79,-6.918,30.1,5
5.72,-5.49,44.6,5
15.1,-6.12,25.6,5
5.11,-6.724,49.8,5
9.14,-5.478,44.3,5
5.71,-7.493,57.5,5
2.77,-14.117,59.7,5
3.12,-6.329,39,5
3.54,-7.112,63.6,5
3.43,-6.356,32.8,5
20.2,-1.524,55.6,5
8.54,-4.954,42.9,5
28.9,-4.054,27.8,5
6.85,-5.955,42.9,5
10.5,-6.246,42.5,5
3.26,-4.159,43.7,5
3.87,-4.358,58,5
4.35,-6.944,47.6,5
5.35,-3.378,53.4,5
5.27,-6.563,44.8,5
8.44,-3.257,41.6,5
7.1,-7.004,35.5,5
9.37,-2.89,32.2,5
7.64,-5.749,23.2,5
33.4,-4.005,27.9,5
5.56,-9.439,29,5
15,-8.651,47.4,5
9.32,-3.422,37.1,5
14.1,-4.844,27.3,5
20.2,-4.556,41.3,5
5.38,-6.895,42.4,5
7.24,-6.548,36.4,5
7.22,-6.302,35.2,5
4.48,-8.308,23,5
6.82,-6.727,19.9,5
17.3,-3.282,19.3,5
5.12,-6.645,35.9,5
5.46,-6.244,54.7,5
3.22,-3.226,45.8,5
6.55,-7.245,41.8,5
15,-4.216,35.6,5
5.06,-2.43,43.6,5
4.27,-9.186,38.6,5
6.42,-3.214,51.9,5
6.19,-4.919,28.9,5
5.1,-4.632,40.9,5
50.1,-7.436,38.4,5
17.2,-3.071,43.7,5
8.06,-4.35,47.1,5
6.69,-5.188,24.9,5
11.3,-2.236,48.9,5
21.2,-2.448,25.7,5
6.16,-4.702,53.6,5
5.31,-6.489,59.1,5
7.21,-3.078,47.3,5
11.5,-5.875,37.1,5
8.08,-8.804,23.2,5
5.37,-3.605,44.6,5
3.35,-11.528,46.9,5
3.64,-5.175,50.2,5
13.1,-4.294,52,5
3.22,-7.257,29.8,5
9.98,-5.906,65.4,5
9.15,-4.29,57.7,5
7.19,-6.505,43,5
10.5,-4.974,48.7,5
4.31,-2.851,44.1,5
9.61,-6.833,40.9,5
17,-3.601,29.1,5
8.25,-4.49,37.4,5
10.9,-4.058,58.9,5
13.7,-4.14,51.4,5
10.5,-3.131,38.2,5
11.4,-4.092,24.3,5
4.2,-10.091,31,5
14,-2.688,53.8,5
3.47,-7.848,55,5
8.44,-3.089,34.9,5
4.03,-4.341,55.9,5
8.92,-7.294,47.8,5
7.67,-3.129,43.3,5
3.3,-4.206,58.8,5
6.37,-5.469,19.7,5
4.84,-1.844,19.6,5
5.67,-5.665,57,5
7.06,-5.508,58.6,5
16.3,-2.749,42.4,5
8.04,-5.532,10.6,5
5.82,-3.289,12.8,5
15.3,-6.382,18,5
7.01,-5.972,25.8,5
6.5,-4.039,37.8,5
17.1,-3.621,41.3,5
5.3,-8.702,37.3,5
6.25,-3.779,37.6,5
6.93,-4.622,22.1,5
11.5,-9.929,29,5
14.9,-4.578,11.1,5
3.61,-6.83,48.1,5
3.98,-6.117,44.4,5
15.6,-3.498,29.9,5
9.31,-5.384,46.8,5
4.18,-5.531,46.2,5
7.69,-4.421,40,5
11.9,-3.797,47.2,5
13.4,-5.035,33.7,5
2.83,-10.897,46.8,5
4.82,-3.46,44,5
14.7,-5.27,27.7,5
7.88,-6.086,54.4,5
10.8,-5.063,22.8,5
4.27,-7.263,20.1,5
10.4,-4.119,38.2,5
14,-4.142,49.7,5
5.78,-9.423,40.1,5
3.63,-7.236,42.9,5
7.54,-11.181,39,5
6.8,-4.716,34.2,5
7.66,-5.988,53.3,5
10.3,-3.825,48.4,5
19.2,-5.565,52.6,5
4.62,-5.209,27.7,5
9.61,-4.825,31.8,5
11.3,-3.169,47.4,5
8.63,-4.658,41.2,5
10.2,-6.139,61.5,5
3.65,-12.981,27.4,5
21.1,-2.347,46.7,5
15.3,-4.936,61.3,5
5.48,-5.898,32,5
16.4,-4.102,48.6,5
11,-4.834,48.9,5
5.46,-7.015,45.6,5
3.33,-15.586,21.8,5
18,-5.407,50.3,5
29.6,-6.889,49.4,5
5.75,-4.425,51.8,5
6.27,-10.172,32.3,5
3.77,-4.277,44.3,5
4.26,-5.22,56.6,5
4.07,-9.792,68.4,5
11.9,-6.022,49.8,5
16.1,-7.454,23.2,5
4.1,-7.036,46.8,5
3.25,-10.393,51.8,5
23.5,-2.967,21.3,5
15.9,-4.13,46.7,5
8.95,-5.467,43.7,5
3.57,-7.946,51.8,5
5.53,-7.005,53,5
7.65,-9.701,41.5,5
3.41,-6.48,41.1,5
6.52,-6.367,62.8,5
26.1,-2.693,45.1,5
3.16,-16.897,37.4,5
5.37,-4.043,50.1,5
12.4,-4.572,46.6,5
11.7,-4.644,43.1,5
13.6,-3.387,19.3,5
3.58,-8.745,38.2,5
11,-2.686,44.6,5
6.42,-5.205,55.1,5
6.16,-3.199,51.8,5
11.9,-7.782,12.2,5
3.61,-9.661,12.1,5
9.13,-8.428,16.1,5
10.2,-3.762,53.3,5
11,-7.23,60.8,5
3.68,-10.572,58.8,5
4.07,-9.792,68.4,5
3.53,-7.029,14.4,5
5.72,-5.993,57.9,5
5.86,-7.182,44.3,5
5.3,-5.87,59.9,5
8.64,-5.041,49.1,5
3.76,-3.402,54.3,5
9.13,-3.144,41.4,5
25.5,-2.421,19.7,5
4.97,-4.55,41.7,5
6.13,-2.859,38.2,5
4.52,-5.466,48,5
18,-5.135,28.4,5
16.9,-4.521,26,5
4.48,-4.714,27.9,5
12.2,-4.74,15.3,5
3.93,-5.675,49.3,5
5.79,-5.709,52.2,5
5.5,-7.01,32,5
9.45,-6.13,43.1,5
30.4,-4.215,46.6,5
13.1,-5.196,31.7,5
8.79,-4.835,54.8,5
5.09,-4.924,40.3,5
6.12,-6.417,48.8,5
11.1,-4.271,47.2,5
9.1,-5.467,49.5,5
9.24,-5.784,38.1,5
16,-2.844,26,5
11,-4.389,30.8,5
2.97,-9.216,47.8,5
4.81,-11.34,44.5,5
6.84,-6.96,16.5,5
6.93,-6.509,57.9,5
4.63,-11.883,34.2,5
5.09,-11.659,43.4,5
17.4,-2.852,39.4,5
14.3,-3.961,19.8,5
14.2,-4.997,43.7,5
3.3,-11.677,52.7,5
5.91,-7.417,46.9,5
9.09,-11.061,49.2,5
3.96,-4.129,54.1,5
20,-5.357,33.6,5
10.7,-4.233,21.9,5
9.79,-6.242,47.4,5
3.13,-6.649,59.9,5
5.44,-8.237,48.6,5
5.58,-3.77,44.2,5
4.75,-5.788,49.6,5
7.08,-3.405,65.6,5
4.35,-4.375,42.7,5
8.6,-5.125,26.1,5
17.8,-8.165,28.3,5
5.11,-4.884,58.9,5
14.5,-5.476,40.1,5
2.46,-6.457,50.1,5
5.54,-5.691,51.9,5
5.48,-2.422,31.8,5
4.06,-13.529,31.1,5
4.21,-4.942,40.4,5
17.3,-4.361,22.7,5
6.42,-4.367,38.8,5
5.17,-4.149,44.5,5
14.4,-3.31,31.7,5
5.86,-3.727,35.2,5
10.7,-5.079,14.5,5
5.14,-7.973,43,5
9.33,-4.67,48,5
5.22,-6.161,54.4,5
4.6,-6.641,17.1,5
14.9,-6.697,8.96,5
9.12,-9.336,53.6,5
4.06,-13.529,31.1,5
3.69,-7.619,52.9,5
6.68,-4.538,40.2,5
4.61,-7.816,37.2,5
14.1,-2.738,40.4,5
6.01,-6.532,49.7,5
17.6,-2.075,25,5
14.7,-6.726,26.1,5
4.12,-7.587,51.2,5
8.8,-4.074,41,5
7.69,-5.238,57.4,5
3.62,-5.575,15.3,5
9.13,-5.101,69.3,5
9.35,-3.973,56.7,5
7.94,-4.835,48.3,5
4.34,-4.159,50.9,5
6.55,-4.676,28.1,5
11.6,-2.49,23.4,5
14.1,-5.385,6.89,5
25.3,-4.922,26.2,5
9.49,-3.16,65.4,5
7.04,-4.183,52.5,5
29.2,-3.471,36.2,5
22.5,-2.929,42.8,5
8.19,-6.62,41.9,5
11.5,-4.859,37,5
13.9,-4.495,27.3,5
5.99,-9.474,53.3,5
3.97,-9.67,58.1,5
6.02,-5.865,40.9,5
9.8,-7.289,20.2,5
7.87,-5.663,21.9,5
4.92,-7.529,35.7,5
7.16,-4.058,49.3,5
6.26,-10.139,44.2,5
8.39,-5.32,51.9,5
13,-3.798,43.9,5
5.61,-8.907,44.6,5
11.6,-5.919,33.9,5
10.1,-5.737,48.3,5
4.59,-3.978,46.7,5
7.48,-4.41,56.9,5
4.17,-8.171,48.6,5
11.4,-5.376,34,5
12.5,-5.112,41.4,5
14.9,-2.512,48.4,5
10.2,-4.855,26.2,5
13.1,-4.578,22.4,5
3.96,-5.498,56.8,5
8.53,-4.845,47.8,5
5.11,-6.087,49.1,5
13,-5.716,29.7,5
7.6,-8.617,47.9,5
5.74,-7.08,30.7,5
2.93,-8.54,44,5
5.32,-4.74,52.3,5
4.39,-8.479,62.2,5
10.4,-5.445,56,5
23.9,-2.934,44.1,5
7.63,-7.394,14.6,5
7.66,-5.988,53.3,5
5.76,-5.612,53.4,5
8.49,-4.515,49.6,5
3.83,-5.691,55.1,5
2.89,-13.859,66.5,5
13.9,-6.891,49.2,5
6.63,-5.01,30.5,5
3.66,-8.85,43.2,5
10.8,-5.629,26,5
5.38,-2.943,58.7,5
4.12,-7.079,58.5,5
9.32,-4.38,31.2,5
4.08,-5.726,65.3,5
9.39,-6.88,10.1,5
10,-4.07,22.8,5
7.15,-4.634,43.8,5
4.17,-4.283,54.5,5
7.96,-2.502,56.7,5
5.94,-9.815,18.8,5
7.28,-6.763,20.8,5
2.74,-5.659,46.2,5
4.45,-7.821,41.7,5
13.9,-3.821,51.6,5
9.46,-4.786,44.3,5
13.1,-5.429,59.1,5
6.09,-3.131,30.9,5
6.29,-4.402,45.7,5
11,-12.536,47.2,5
10.8,-4.064,55.2,5
6.47,-6.408,23.5,5
17.9,-3.027,46.8,5
6.08,-3.469,40,5
5.23,-4.029,54.2,5
3.62,-8.677,10.1,5
4.08,-6.053,42.6,5
4.85,-6.63,57.3,5
13.2,-4.027,17.3,5
3.25,-10.824,48.1,5
29.3,-4.011,24.3,5
3.47,-7.598,72,5
3.09,-4.69,51.3,5
6.39,-6.58,7.26,5
3.27,-9.74,40.3,5
7.64,-3.285,43.1,5
3.66,-7.945,46,5
4.71,-3.932,51.4,5
5.76,-7.475,43.5,5
5.11,-7.755,21.2,5
8.67,-5.744,17.6,5
30.4,-1.271,39.7,5
16.9,-7.557,41.2,5
5.45,-6.042,47.1,5
4.28,-7.437,57.7,5
3.12,-13.059,47.5,5
20,-5.728,11.7,5
6.31,-4.247,51.5,5
6.94,-4.333,42.1,5
5.24,-6.187,39.3,5
8.8,-5.308,27.1,5
14.1,-5.517,54.4,5
8.83,-2.713,66.8,5
22.5,-3.676,29.6,5
17.3,-4.361,22.7,5
19.2,-5.561,24.8,5
10.1,-3.963,42,5
7.77,-5.982,19.7,5
13.9,-2.375,51,5
3.29,-5.418,27.6,5
8.92,-7.294,47.8,5
4.49,-3.848,64.6,5
5.23,-2.992,47.2,5
11.4,-2.948,26.8,5
4.21,-5.922,55.9,5
5.13,-12.396,42.7,5
4.22,-10.392,50.6,5
3.64,-6.898,37.5,5
8.63,-8.427,24,5
6.98,-1.591,60.4,5
7.74,-4.033,36.4,5
7.88,-6.086,54.4,5
2.92,-5.424,54.8,5
14.3,-7.605,45.8,5
4.64,-13.014,45.6,5
3.34,-6.366,33.2,5
6.76,-4.028,48.4,5
7.28,-4.193,43.1,5
7.47,-6.637,61.7,5
5.04,-6.341,40.6,5
2.95,-8.564,37.7,5
14.3,-7.605,45.8,5
3.43,-3.65,55,5
6.05,-5.166,54.7,5
4.37,-5.827,35.5,5
13.5,-3.754,43.8,5
9.05,-3.01,24.4,5
3.69,-8.569,67.7,5
2.98,-8.776,20.2,5
10.8,-1.711,46.1,5
22.2,-3.152,34,5
3.25,-4.066,53.2,5
10.6,-5.07,55.4,5
12.9,-3.237,26.1,5
9.92,-3.452,44.4,5
15.8,-2.901,22.9,5
7.54,-5.357,20.3,5
25.8,-3.309,41.2,5
22.9,-4.482,42,5
12.1,-7.421,45.7,5
6.54,-5.158,49.8,5
9.45,-3.269,44.4,5
3.15,-6.269,61.9,5
8.92,-5.838,20.2,5
28.1,-4.273,42.8,5
7.01,-7.104,21.4,5
3.47,-16.497,46.6,5
2.81,-9.367,32.2,5
7.91,-6.872,20.8,5
2.73,-11.08,56.2,5
13.5,-4.92,26.7,5
3.5,-6.506,34.6,5
10.5,-2.749,27.5,5
10.6,-4.455,45.1,5
3.44,-7.005,49.7,5
3.03,-6.574,36.5,5
3.19,-8.452,40.2,5
7.99,-3.665,52.8,5
22.3,-3.579,19.3,5
3.24,-5.642,48.1,5
6.92,-3.375,40.7,5
13.5,-5.188,21.8,5
7.65,-9.701,41.5,5
3.44,-5.625,29.7,5
9.41,-6.75,39.5,5
16.2,-3.49,36.6,5
4.96,-4.951,50.1,5
3.15,-8.793,36.4,5
11.1,-3.569,46.9,5
9.05,-3.929,28.6,5
15.1,-3.548,62.3,5
21.9,-5.374,40.5,5
5.66,-2,46.6,5
5.89,-4.969,63,5
17,-3.144,36.4,5
12.7,-2.974,41.2,5
6.52,-4.997,53.2,5
4.07,-9.792,68.4,5
4.52,-3.775,54,5
11.8,-7.315,18,5
17.3,-4.361,22.7,5
5.15,-4.873,46.2,5
7.45,-5.729,54.8,5
15.2,-2.672,42,5
8.84,-3.555,49.3,5
7.73,-5.175,36.7,5
7.61,-5.842,30.5,5
10.6,-5.033,54.5,5
6.57,-7.533,25.8,5
3.83,-5.861,52.2,5
4.14,-9.456,64.6,5
4.61,-5.199,62.9,5
6.66,-1.998,42.8,5
8.19,-3.385,26.7,5
8.1,-7.878,17.9,5
4.06,-6.767,46.2,5
12,-4.243,42.7,5
4.77,-11.802,7.55,5
7.65,-9.701,41.5,5
6.55,-7.7,30.9,5
14.1,-3.647,38.4,5
14,-6.197,30.7,5
16.8,-6.952,27.8,5
5.9,-5.176,49.7,5
10.4,-4.119,38.2,5
12.8,-6.664,42.8,5
10.7,-3.124,28.7,5
4.49,-4.485,51.1,5
9.88,-3.932,33.4,5
3.1,-7.416,67,5
18.6,-3.454,39.3,5
7.82,-9.999,29.7,5
12.8,-1.876,46.7,5
14.6,-3.996,26.1,5
3.69,-7.397,32.3,5
3.54,-6.416,40.3,5
10.9,-11.316,30.1,5
16.7,-3.449,44.1,5
5.22,-5.587,60.2,5
6.9,-3.031,49.9,5
9.14,-4.774,54.7,5
4.72,-6.671,52.6,5
6.21,-7.533,56.3,5
10.7,-4.008,45.4,5
5.94,-3.705,53.7,5
3.1,-3.831,49.4,5
11.9,-5.51,44.1,5
3.49,-10.374,32.1,5
4.21,-5.157,49.8,5
22.2,-3.152,34,5
8.64,-5.786,19.8,5
3.69,-6.781,53.5,5
6.62,-5.09,43.5,5
11.3,-6.685,25.6,5
3.19,-4.498,53.8,5
7.64,-3.079,54.8,5
3.46,-4.552,52.7,5
8.85,-6.656,13.8,5
17.6,-3.649,45.3,5
3.31,-10.333,9.16,5
7.66,-3.167,54,5
11.4,-2.1,51.2,5
3.91,-8.802,49.7,5
2.86,-13.615,36.7,5
13,-6.602,30.6,5
8.41,-4.89,8.14,5
5.26,-3.411,29.5,5
5.27,-5.34,39.8,5
4.75,-7.763,49.3,5
3.65,-7.089,44.6,5
3.41,-3.509,53.2,5
7.49,-6.632,28.2,5
17.3,-3.873,55.2,5
6.02,-6.495,39.9,5
4.48,-5.937,29.5,5
5.56,-12.103,29.1,5
11.5,-3.573,45.2,5
6.01,-7.376,43.1,5
3.86,-3.52,45,5
6.49,-6.067,51.2,5
4.44,-13.817,24.4,5
2.65,-5.797,54,5
11.1,-2.774,19.9,5
16.3,-4.634,13.5,5
22.5,-3.904,38.2,5
4.86,-4.788,44.8,5
15.3,-4.54,38,5
5.51,-4.876,33.1,5
7.37,-6.882,40.5,5
4.98,-4.196,55.7,5
24.4,-7.835,25.8,5
4.15,-6.317,38.7,5
34.4,-3.255,31.6,5
9.36,-5.416,40.2,5
2.91,-9.638,27.1,5
3.79,-8.373,55.5,5
9.8,-5.35,42,5
6.89,-4.48,54.8,5
4.12,-7.079,58.5,5
13.5,-8.77,32.9,5
3.77,-4.277,44.3,5
8.22,-3.895,44.7,5
8.44,-3.389,69.3,5
9.06,-6.674,47.2,5
2.83,-16.343,33.3,5
8.66,-6.664,26.9,5
19.9,-4.649,41.1,5
3.02,-11.684,55.2,5
4.92,-3.182,42.2,5
3.67,-7.653,45.4,5
7.04,-6.652,48.6,5
7.95,-4.04,55.3,5
5.38,-4.627,50.3,5
8.91,-4.029,42.8,5
5.57,-7.043,26.2,5
3.32,-4.935,37.9,5
4.58,-5.134,46.9,5
3.98,-4.731,43.2,5
7.45,-6.933,38.4,5
4.83,-5.175,31.1,5
6.13,-8.046,44.3,5
3.07,-6.628,49.8,5
4.49,-5.351,43.2,5
2.66,-7.528,47.4,5
10.4,-4.549,30.2,5
9.05,-5.364,41,5
23.9,-2.934,44.1,5
4.19,-7.244,29.9,5
5.06,-5.184,56.4,5
10.6,-5.098,25.8,5
4.48,-7.909,50.3,5
10,-6.084,56.6,5
10.7,-4.621,52.8,5
5.2,-5.877,35.3,5
25.7,-3.57,24.3,5
22.5,-5.381,30.5,5
46.4,-6.566,29.8,5
4.39,-13.082,64.9,5
5.25,-5.327,40,5
8.53,-4.428,49.1,5
14.1,-6.429,47.4,5
10.7,-3.022,30,5
4.77,-6.836,48,5
3.49,-5.572,57,5
4.59,-5.752,52.1,5
13.6,-5.271,18.2,5
20.7,-5.547,19.4,5
3.84,-12.888,46,5
9.92,-4.845,46.4,5
7.96,-6.825,35.6,5
4.95,-6.866,25.3,5
7.42,-5.04,19.4,5
4.16,-5.994,57.1,5
5.91,-9.45,36.5,5
37.5,-10.798,28.1,5
4.1,-3.326,56.5,5
28.8,-4.947,40.3,5
21.8,-6.499,45.2,5
11.9,-5.51,44.1,5
11,-4.31,52.7,5
5.94,-6.757,16.3,5
6.37,-4.184,56.6,5
25.4,-2.812,21.3,5
7.04,-4.183,52.5,5
4.45,-5.061,43.7,5
6.08,-5.458,58.3,5
4.98,-4.196,55.7,5
4.2,-16.225,46.1,5
23.6,-3.451,35.2,5
11.1,-4.222,46.9,5
12.2,-5.191,24.2,5
4.94,-6.588,27.9,5
4.6,-7.125,41.9,5
17.5,-4.953,24.1,5
4.98,-13.398,23.4,5
20.2,-4.962,17.2,5
4.48,-8.667,46.8,5
3.4,-8.109,58.9,5
12.1,-4.568,57.7,5
9.1,-1.409,53.3,5
8.73,-3.28,64,5
6.21,-7.237,36.4,5
20.1,-1.455,46.6,5
12.6,-3.907,37,5
14.9,-4.257,39,5
17.4,-7.319,36.1,5
14.1,-4.956,38.1,5
22,-3.431,22.9,5
11.1,-4.891,46.3,5
15.2,-3.669,39,5
5.98,-7.688,45.9,5
4.91,-4.419,49.2,5
7.38,-2.97,50.4,5
5.96,-8.883,32.4,5
3.96,-4.129,54.1,5
2.89,-5.983,60.6,5
5.86,-7.237,31.6,5
15.6,-6.501,21.3,5
12.6,-5.142,47.6,5
17.1,-10.049,22.8,5
2.96,-12.605,48.8,5
6.25,-3.619,39,5
3.64,-7.959,45,5
10.3,-3.214,49.7,5
9.95,-1.721,51.1,5
15.5,-5.017,22,5
12,-7.658,18.4,5
3.75,-9.446,47.1,5
16.6,-4.388,54.9,5
17,-4.444,36,5
4.93,-6.82,18.8,5
3.53,-9.11,54.3,5
3.87,-4.358,58,5
25,-2.583,20,5
6.03,-3.719,58.9,5
14.5,-4.591,47.2,5
3.42,-6.291,49.4,5
4.03,-3.859,18.6,5
7.05,-4.601,28.5,5
13.4,-3.483,24.3,5
9.7,-2.661,54.6,5
11.9,-3.908,41.7,5
7.75,-10.472,47.4,5
3.19,-14.09,47,5
3.21,-10.764,25.6,5
23.1,-3.452,35.7,5
6.05,-4.235,28.7,5
4.65,-7.154,59.2,5
4.67,-5.168,34.6,5
6.23,-5.77,52,5
4.9,-6.416,24.2,5
17,-4.369,46.3,5
10.5,-5.497,48.9,5
5.08,-5.399,27.4,5
4.77,-7.895,23.5,5
8.03,-6.41,6.97,5
12.2,-3.894,46.9,5
5.7,-7.425,51.3,5
4.69,-3.57,39,5
6.31,-8.503,16.6,5
13.3,-5.189,12.6,5
23.4,-3.681,36.6,5
3.29,-6.205,50.1,5
16,-2.349,14.9,5
8.15,-8.879,46.4,5
14.2,-9.713,31.7,5
5.53,-8.109,48.1,5
15,-6.935,17.9,5
11.1,-6.942,21,5
10.3,-3.258,40,5
10,-7.524,42.6,5
7.97,-7.094,48.4,5
2.67,-18.164,61.4,5
8.66,-6.487,23.6,5
16.7,-2.898,41.7,5
5.48,-4.408,33.8,5
8.54,-6.549,52.6,5
8.44,-3.389,69.3,5
6.83,-5.58,51.8,5
3.81,-4.182,54.8,5
5.45,-6.398,59.6,5
16.6,-3.861,37.3,5
8.74,-2.723,52.4,5
3.38,-6.755,50.3,5
16.2,-3.466,61.8,5
7.53,-2.061,35.5,5
4.22,-15.31,10.4,5
12.5,-3.249,38.4,5
15.8,-4.319,44.4,5
14.2,-6.901,17.6,5
19.8,-2.962,44.7,5
5.82,-4.261,65.3,5
9.12,-5.862,36.7,5
3.02,-11.35,39.1,5
3.49,-7.643,46.1,5
10.8,-4.458,46.7,5
19.5,-2.938,40.4,5
6.54,-5.158,49.8,5
36.1,-3.133,40.8,5
23,-3.882,37.6,5
3.51,-17.177,12.6,5
12,-4.743,50.8,5
3.77,-4.277,44.3,5
16.2,-3.49,36.6,5
10.2,-3.762,53.3,5
6.6,-6.003,24.2,5
3.91,-8.802,49.7,5
5.87,-5.452,61,5
13.5,-4.534,22.7,5
16.8,-6.952,27.8,5
16.8,-5.037,37.3,5
2.79,-7.096,49.7,5
6.22,-6.52,45.8,5
9.31,-6.765,37.2,5
5.05,-7.419,47.5,5
4.28,-6.418,61.2,5
6.92,-8.298,26.2,5
6.79,-4.832,61.8,5
6.39,-6.041,41.5,5
3.36,-5.561,48.1,5
3.09,-6.733,27.1,5
3.54,-13.475,44.2,5
4.1,-5.834,42.9,5
3.48,-4.537,64.9,5
17.6,-3.97,26.4,5
8.81,-7.203,52.9,5
13.3,-4.829,11.6,5
8.71,-4.452,15.9,5
7.08,-6.097,52.7,5
3.32,-5.863,60.2,5
3.6,-4.618,54.5,5
3.97,-7.954,27.7,5
3.67,-4.966,64,5
17.6,-3.265,55.2,5
5.11,-2.916,47.7,5
6.78,-2.882,46.2,5
13.4,-6.517,26.7,5
10.7,-5.636,28.3,5
5.3,-7.119,55.9,5
5.13,-12.396,42.7,5
6.68,-2.936,48.9,5
10.7,-2.189,39.2,5
12.2,-4.654,19.9,5
4.59,-4.006,28.3,5
4.19,-9.915,35.7,5
16.9,-4.304,28.1,5
11.6,-2.887,49.9,5
17.3,-3.356,43.2,5
4.93,-7.367,43.9,5
9.51,-7.267,64,5
11.6,-4.793,41.9,5
14.2,-3.118,29.9,5
8.81,-6.192,37.6,5
4.42,-7.383,43,5
14.3,-3.347,21.4,5
14.6,-7.782,48.5,5
4.73,-7.695,21.7,5
9.29,-5.373,47.6,5
12.1,-6.058,47.7,5
5.56,-7.491,43.6,5
3.34,-9.51,26.6,5
8.04,-6.98,44.4,5
12.3,-3.572,46,5
8.58,-4.615,48.9,5
9.61,-6.833,40.9,5
14.5,-5.034,23.6,5
18.9,-4.024,26.3,5
9.65,-4.824,60.1,5
3.79,-6.135,34.7,5
3.51,-8.438,62.5,5
2.54,-9.579,54,5
7.68,-5.445,35.1,5
5.46,-7.477,28.7,5
4.3,-6.899,57,5
11.6,-5.992,39.2,5
3.68,-8.049,50.8,5
11,-6.89,43.4,5
4.45,-4.559,49.7,5
5.9,-3.016,33.9,5
8.06,-4.008,54.8,5
7.16,-4.818,34.8,5
14.9,-4.867,26.3,5
5.64,-9.48,49.8,5
4.72,-8.391,50.6,5
12.5,-3.876,40.8,5
11.3,-3.397,31.1,5
17.2,-3.071,43.7,5
15.7,-3.636,40.1,5
3.02,-11.35,39.1,5
5.11,-3.941,52.4,5
8.48,-2.051,57.1,5
8.38,-3.229,48,5
8.57,-5.664,36.2,5
2.7,-9.759,52.3,5
7.03,-5.176,46.6,5
3.99,-7.134,46.8,5
13.8,-5.263,44,5
6.02,-4.793,49.8,5
30.4,-4.215,46.6,5
7.58,-4.458,45.6,5
13,-6.659,43.2,5
4.04,-6.053,66.4,5
14.9,-4.916,41.5,5
22.4,-4.3,21.8,5
5.87,-5.452,61,5
3.28,-4.001,54.9,5
11.9,-6.672,45.1,5
9.5,-4.865,29.3,5
7.41,-4.627,51.7,5
10.5,-5.624,27.3,5
3.99,-3.094,44.8,5
4.3,-3.876,47.1,5
11,-5.03,51.3,5
10.3,-3.435,47.7,5
18.8,-4.106,23.6,5
8.07,-3.62,59.2,5
44.2,-3.635,39.2,5
3.73,-5.558,50.4,5
3.61,-4.439,57.7,5
11,-5.409,44.9,5
9.04,-10.661,32.9,5
10.7,-5.04,56.3,5
11.8,-4.129,44.7,5
3.45,-8.829,50.8,5
4.23,-4.683,50.9,5
16.1,-7.161,25.9,5
4.89,-7.515,57.3,5
7.8,-7.654,41.4,5
10.3,-5.753,47.4,5
4.89,-12.846,25,5
4.28,-17.361,47.6,5
4.09,-5.145,65.2,5
5.73,-5.284,49,5
7.55,-4.802,60.2,5
30.3,-3.622,35.9,5
16.2,-4.174,54,5
12.9,-5.028,18.5,5
3.18,-7.156,25.7,5
5.13,-5.224,52.7,5
18,-7.108,40.6,5
14.3,-7.605,45.8,5
4.31,-7.084,54.3,5
8.49,-4.962,50.3,5
4.44,-8.825,47.5,5
16.8,-3.026,35.4,5
10.2,-4.507,49.2,5
13.8,-5.372,30.8,5
12.3,-5.72,26.7,5
12,-3.633,50.5,5
4.09,-5.145,65.2,5
12.2,-6.288,54.7,5
4.15,-7.571,40.5,5
4.99,-4.65,46.4,5
46.4,-6.566,29.8,5
22.2,-3.152,34,5
24.4,-2.383,39.1,5
7.55,-5.06,51.1,5
7.17,-6.063,41.2,5
5.26,-5.2,67,5
24.2,-2.546,47.1,5
13.2,-9.004,30.3,5
3.82,-18.247,48.1,5
2.67,-6.252,32.8,5
15,-8.201,46,5
9.63,-9.419,11.4,5
4.62,-3.315,44.1,5
4.05,-7.537,57.8,5
6.56,-2.378,44.7,5
7.52,-4.709,31.5,5
8.24,-4.836,44.9,5
11.9,-3.908,41.7,5
4.63,-7.847,24.8,5
3.74,-7.408,42.3,5
4.02,-3.778,55.6,5
9.09,-2.169,46.4,5
2.92,-7.995,48.7,5
3.87,-4.358,58,5
4.24,-8.824,36.2,5
5.08,-5.399,27.4,5
3.53,-9.11,54.3,5
6.33,-4.438,21.8,5
12.1,-4.569,35.1,5
3.06,-9.428,51.6,5
4.02,-5.431,57.9,5
6.83,-7.514,34.6,5
5.14,-7.539,42.2,5
10.4,-4.907,28.9,5
6.83,-5.317,31.4,5
5.51,-3.809,43.8,5
2.94,-6.108,38,5
19.9,-4.532,35.7,5
5.87,-5.452,61,5
3.05,-5.424,58,5
2.92,-5.868,56.6,5
11.5,-4.295,49,5
6.92,-4.956,48.5,5
4.1,-1.971,38.6,5
7.69,-11.514,42.9,5
5.75,-6.489,50.4,5
25.4,-5.913,53.3,5
3.57,-13.012,57.5,5
9.17,-5.223,52.3,5
3.08,-11.307,64.7,5
10.9,-6.443,9.43,5
3.68,-5.726,52.3,5
5.19,-6.033,45,5
6.77,-8.801,34.8,5
4.47,-6.953,44.6,5
3.07,-8.404,44.7,5
8.99,-11.024,51.8,5
9.83,-6.468,38.4,5
2.73,-5.584,59.1,5
4.4,-9.242,47.9,5
9.64,-3.797,47.6,5
11.3,-2.236,48.9,5
5.14,-10.799,8.08,5
2.83,-15.709,26.4,5
31.9,-3.656,28.8,5
3.51,-6.537,49.8,5
2.59,-9.403,52.3,5
19,-5.497,39.5,5
2.99,-5.453,43.8,5
8.76,-4.629,29.3,5
3.4,-4.318,55.7,5
5.57,-10.068,62.1,5
6.2,-4.574,31.3,5
7.56,-4.835,42.8,5
10.8,-5.436,52.6,5
3.27,-4.836,61.1,5
3.96,-7.878,9.61,5
5.74,-5.067,48.7,5
4.24,-6.752,66.8,5
4.23,-8.165,58.3,5
15.5,-4.131,44.6,5
19.1,-4.81,31.4,5
3.13,-14.465,45.7,5
3.51,-6.563,53.2,5
5.38,-6.656,58.7,5
11.9,-4.045,23.2,5
6.27,-4.152,41.7,5
17,-3.601,29.1,5
5.17,-7.383,54.4,5
15.5,-5.119,20.5,5
5.28,-3.357,47.2,5
5.59,-8.274,55.8,5
5.86,-10.688,58.8,5
9.34,-8.752,39.4,5
13.6,-4.505,25.6,5
12.2,-5.367,30.8,5
18.1,-4.905,37.3,5
9.39,-6.313,34.2,5
2.74,-7.407,57.2,5
5.82,-6.406,47.2,5
4.41,-7.379,53.6,5
3.08,-8.497,33.4,5
10.3,-4.715,42.7,5
3.75,-11.082,55.2,5
3.5,-6.506,34.6,5
20.8,-4.564,46.5,5
10.2,-3.762,53.3,5
12,-5.683,25.9,5
4.9,-10.542,62.4,5
4.61,-9.138,29.4,5
4.6,-6.641,17.1,5
14.5,-5.476,40.1,5
11.3,-6.252,40.7,5
7.69,-5.238,57.4,5
7.06,-6.566,42,5
5.5,-2.502,17.5,5
4.24,-11.092,23.1,5
4.19,-7.244,29.9,5
3.66,-7.945,46,5
17.6,-4.878,31.8,5
5.94,-8.976,50.5,5
3.54,-7.112,63.6,5
17.8,-7.741,21,5
5.86,-7.618,17.9,5
3.73,-7.853,14.5,5
18.2,-1.906,50.6,5
6.37,-6.517,45.2,5
8.29,-3.56,23.7,5
6.63,-2.908,19.7,5
5.1,-9.856,38.8,5
9.82,-5.1,43.1,5
6.16,-6.608,28.6,5
