3.81,-8.191,44,6
5.08,-8.699,48.9,6
5.47,-6.509,58.1,6
3.34,-6.397,72.6,6
5.7,-6.896,79.5,6
20.2,-5.238,76.1,6
24.3,-3.713,78.3,6
3.44,-7.898,67.1,6
2.99,-9.626,71.3,6
3.36,-4.691,60.8,6
6.76,-6.09,73.6,6
11.8,-4.297,83.9,6
3.89,-9.225,73,6
12.5,-7.6,71.9,6
4.44,-3.88,70.6,6
8.24,-5.471,74.1,6
3.84,-3.405,78.7,6
3.73,-8.598,64.8,6
9.31,-7.445,84.5,6
3.01,-11.284,57.4,6
4.3,-7.271,66.5,6
20.4,-5.052,55.6,6
2.71,-10.969,56.9,6
8.98,-10.706,63.8,6
2.93,-4.148,67.8,6
24.5,-7.966,89.9,6
6.24,-7.86,64,6
6.25,-9.182,65.1,6
6.55,-7.787,39.6,6
4.31,-5.682,79.9,6
2.62,-5.536,70.3,6
5.45,-11.456,49.3,6
5.8,-9.195,53.4,6
2.98,-5.114,73,6
3.56,-4.569,67.7,6
4.23,-10.983,56.1,6
9.94,-14.454,70.4,6
3.6,-4.848,62,6
4.33,-8.175,70.2,6
6.18,-6.928,87.2,6
3.53,-10.302,43.4,6
4.96,-4.998,42.1,6
5.32,-5.495,61.6,6
18.7,-10.297,55.1,6
11.3,-2.979,65.5,6
8.2,-3.193,88.2,6
3.62,-4.756,45.7,6
4.53,-5.002,57.8,6
3.62,-12.885,60.4,6
2.92,-10.044,56.5,6
7.95,-8.981,96.4,6
25.4,-10.648,73.2,6
6.35,-5.928,57.5,6
6.71,-6.834,88.9,6
14.2,-5.215,40.2,6
25.8,-7.61,76,6
15.4,-10.736,80.3,6
6.75,-8.925,65.5,6
3.61,-7.832,68.9,6
3.23,-7.72,70.5,6
3.03,-5.831,66.8,6
3.79,-10.056,61.2,6
2.57,-8.346,63.9,6
7.42,-5.923,66.8,6
3.29,-5.602,73.5,6
3.44,-9.014,62.8,6
4.83,-5.986,66.8,6
4.1,-5.648,63.5,6
7.66,-4.399,82,6
23,-7.136,71.1,6
3.81,-8.173,68.2,6
18.2,-5.271,29.3,6
3.29,-4.476,73.5,6
5.4,-6.798,55.1,6
2.89,-7.665,50.5,6
3.19,-7.157,60.2,6
36.6,-6.963,59.7,6
4.19,-8.292,52.3,6
3.34,-7.006,65.1,6
9.37,-10.007,72.7,6
6.75,-6.423,82.2,6
2.89,-12.68,53.7,6
4.5,-4.55,79.2,6
9.63,-6.527,78.2,6
2.59,-7.078,57.5,6
7.52,-4.385,75.1,6
9.21,-8.797,80.6,6
5.4,-6.798,55.1,6
4.04,-8.379,71.4,6
2.98,-5.114,73,6
10.2,-3.707,72.3,6
3.97,-7.645,56.3,6
3.29,-9.018,51.4,6
4.18,-7.01,56.4,6
4.14,-6.628,46.9,6
14.6,-6.442,78.7,6
5.4,-6.798,55.1,6
4.72,-5.518,59.8,6
2.76,-8.541,42.7,6
5.98,-8.479,77.5,6
2.6,-5.028,47.5,6
7.44,-11.11,60.4,6
6.05,-5.988,57.3,6
2.78,-5.245,57.6,6
3.95,-8.467,56.1,6
3.23,-12.5,73.8,6
31.3,-8.422,66.1,6
3.96,-9.398,52.8,6
3.37,-9.669,82.7,6
2.93,-4.524,61.6,6
3.1,-10.991,68.8,6
2.92,-6.282,55.4,6
24.5,-7.966,89.9,6
3.92,-7.259,56,6
7.13,-4.808,73.1,6
3.87,-6.014,68.9,6
4.77,-7.22,73.5,6
9.68,-8.659,61,6
25.3,-4.799,59.1,6
27.4,-8.938,78.4,6
8.92,-3.668,77.4,6
3.65,-6.18,78.8,6
5.21,-4.054,51.7,6
18.9,-5.899,53.6,6
19,-5.299,70.4,6
3.27,-5.869,59.8,6
3.41,-5.762,68.4,6
3.57,-11.769,38.8,6
6.33,-8.706,33.2,6
4.57,-3.756,64.7,6
3.93,-7.121,55.6,6
5.07,-4.321,63.6,6
5.31,-6.275,57.5,6
3.04,-11.838,57.3,6
3.57,-5.84,68.8,6
4.6,-6.963,61,6
40.8,-6.752,62.2,6
6.18,-2.729,57.9,6
5.1,-5.255,75.9,6
12.8,-4.374,77.6,6
5.67,-8.664,38.4,6
12.2,-4.94,52.4,6
4.14,-6.025,58.2,6
4.89,-7.317,83.3,6
3.63,-4.658,78.3,6
4.81,-8.728,70.2,6
3.09,-5.487,68,6
39.8,-4.85,42.1,6
3.95,-8.639,47.3,6
4.51,-5.998,79.4,6
4.35,-8.191,69.4,6
3.79,-6.24,60.1,6
25.4,-5.283,75.4,6
3.18,-3.272,71.2,6
3.12,-6.642,57.3,6
25.9,-8.999,75.9,6
3.5,-5.034,73.9,6
4.39,-7.663,88.5,6
21.4,-6.313,67,6
4.11,-6.17,51.4,6
4.45,-5.629,68.5,6
14.6,-1.521,62.9,6
10.5,-6.784,44.8,6
4.11,-6.816,54.1,6
3.73,-7.429,50.8,6
4.12,-3.887,45.9,6
2.95,-6.806,67.7,6
3.95,-10.926,75.1,6
4.22,-3.815,79.5,6
5.11,-7.248,76.1,6
6.15,-14.013,75.4,6
6,-9.553,66.9,6
24.2,-12.261,42.9,6
3.19,-6.987,70,6
3.07,-8.463,25.7,6
30.5,-7.981,60.4,6
17.5,-3.993,72.4,6
3.47,-8,58.6,6
2.94,-5.806,55.5,6
4.26,-11.903,54.6,6
4.85,-8.069,50,6
8.85,-8.283,60.1,6
2.94,-6.507,35.9,6
4.2,-8.81,45.4,6
4.73,-4.719,72,6
12.7,-6.096,46.6,6
5.54,-8.914,54.3,6
8.11,-9.244,82.8,6
4.41,-12.603,45,6
3.17,-7.988,65.2,6
8.07,-9.187,77.3,6
4.07,-4.202,71.2,6
20.4,-5.052,55.6,6
24.5,-7.966,89.9,6
4.87,-6.989,50.8,6
4.53,-10.81,56,6
3.84,-9.472,52.6,6
3.31,-5.963,52.5,6
4.21,-8.08,57.7,6
29.5,-4.917,97,6
4.36,-8.605,78.2,6
28.2,-7.482,59.7,6
3.2,-5.486,53.2,6
27.7,-6.225,81.4,6
10.9,-3.695,72.9,6
3.8,-7.767,73.9,6
41.1,-8.385,78.1,6
3.32,-11.349,54,6
3.37,-2.193,70.7,6
5.98,-5.934,51.4,6
3.21,-6.452,70.9,6
4.68,-5.394,38,6
25.9,-4.714,58,6
23.5,-5.07,86.1,6
4.64,-5.397,42.9,6
7.31,-8.805,39.8,6
24.1,-6.1,91.4,6
12.9,-10.086,46.4,6
12,-4.528,76.5,6
3.23,-5.024,62.8,6
8.03,-2.623,74.7,6
3.18,-4.867,61,6
8.57,-2.925,61.3,6
3.87,-8.071,82.4,6
12,-4.528,76.5,6
3.01,-4.754,52.3,6
3.57,-11.75,38.7,6
3.27,-10.644,66.6,6
3.18,-5.857,55.3,6
3.15,-6.94,50.9,6
8.82,-5.694,81.8,6
4.54,-3.01,73.6,6
12.4,-6.499,74.8,6
4.36,-6.474,52.1,6
6.1,-6.128,83.2,6
2.95,-8.026,43.4,6
4.97,-10.689,64.7,6
2.77,-8.968,70.1,6
5.18,-9.577,54,6
4.21,-4.042,64.9,6
8.09,-5.613,71.7,6
4.28,-6.773,38.4,6
18.7,-11.773,65.9,6
4.86,-9.092,62.4,6
4.39,-5.395,62.9,6
2.72,-6.633,63.8,6
3.32,-7.028,29.2,6
5.94,-7.968,71.9,6
15.8,-5.085,93.5,6
4.49,-6.023,50.7,6
14.4,-3.587,57.2,6
5.51,-6.104,78.9,6
2.81,-8.461,56.2,6
5,-9.389,66.7,6
4.83,-5.103,47.3,6
7.86,-6.855,67,6
2.92,-5.857,46,6
2.88,-10.396,53.6,6
4.54,-4.943,69.8,6
2.88,-7.123,47.9,6
4.63,-7.622,58.5,6
3.68,-5.183,65.1,6
3.38,-7.828,35.8,6
26.9,-6.554,87.6,6
7.47,-5.747,56.4,6
3.6,-6.298,77.3,6
5.44,-12.093,56.7,6
3.45,-11.62,37.3,6
3.62,-2.479,54.7,6
3.13,-4.63,51.6,6
3.66,-7.694,41.9,6
9.16,-6.34,71.9,6
7.34,-8.137,77.9,6
4.19,-8.495,70.7,6
3.72,-9.214,42.2,6
8.07,-4.944,59.2,6
2.67,-8.033,55.5,6
3.17,-5.206,69.7,6
4.49,-3.061,75.3,6
6.21,-8.571,56,6
3.04,-11.334,57,6
3.72,-9.852,88.4,6
7.9,-6.142,80,6
4.78,-10.936,75.1,6
3.72,-9.214,42.2,6
3.11,-5.123,49.5,6
3.17,-6.261,72.4,6
5.26,-14.234,76.4,6
3.35,-9.893,60.3,6
2.95,-6.061,78.1,6
4.32,-5.413,63.7,6
3.73,-6.003,70.2,6
4.94,-7.437,75.3,6
3.96,-14.165,82.6,6
4.92,-4.106,73.2,6
7.76,-5.21,82.5,6
3.98,-5.345,51.5,6
8.75,-13.222,86.7,6
12.2,-4.182,58.7,6
2.97,-7.787,57.9,6
33.5,-6.202,64.5,6
4.85,-4.002,77.1,6
26,-6.919,58.2,6
33.5,-6.202,64.5,6
3.07,-9.381,36.4,6
3.3,-6.174,42.3,6
3.03,-12.475,52.9,6
8.19,-3.637,82.2,6
14.8,-4.172,71.8,6
4.34,-7.58,75.7,6
4.29,-4.653,64.1,6
3.64,-7.877,52,6
6.93,-1.887,56.6,6
3.73,-6.003,70.2,6
4.15,-8.036,40.1,6
5.62,-7.144,71.2,6
26.8,-9.535,78.5,6
4.1,-4.248,78.9,6
3.36,-2.81,61.2,6
6.34,-6.098,69.1,6
13.2,-5.943,64.5,6
4.23,-4.245,59.5,6
6.53,-5.992,84.4,6
9.02,-8.983,71.9,6
5.18,-5.237,70.2,6
4.14,-3.823,68,6
2.57,-4.7,74.6,6
6,-4.407,84.9,6
3.71,-6.932,86.5,6
2.73,-5.463,51.2,6
4.66,-6.56,50.1,6
17.3,-6.766,77.8,6
3.76,-12.064,78,6
12.8,-3.6,57,6
28.9,-7.913,81.5,6
3.83,-6.022,46.7,6
13.2,-10.613,74.8,6
2.83,-10.164,62.1,6
7.11,-12.132,45.8,6
3.08,-5.526,77.8,6
2.93,-5.393,79.7,6
14.6,-4.281,36.4,6
2.84,-7.71,51.1,6
10.5,-10.579,74.2,6
4.06,-4.499,63.8,6
3.39,-9.139,59.8,6
16.8,-2.876,57.3,6
3.63,-6.617,74.6,6
2.65,-6.843,60.3,6
6.94,-7.713,86.8,6
3.63,-8.686,75.5,6
6.47,-6.407,94.9,6
7.47,-5.747,56.4,6
8.48,-7.071,80.3,6
10.2,-4.878,59.5,6
4.89,-7.273,77.8,6
3.69,-9.818,43.1,6
34.1,-12.928,77.5,6
4.53,-7.858,58,6
10.8,-6.989,50.6,6
7.5,-5.576,37.8,6
15.2,-6.682,61,6
2.69,-8.651,55.2,6
8.12,-6.797,88.6,6
2.58,-11.216,52.2,6
3.95,-3.497,69.5,6
15.2,-6.682,61,6
4.2,-8.953,70.8,6
17.3,-6.766,77.8,6
10.6,-6.859,60.9,6
25.9,-8.455,63.7,6
9.28,-6.764,75.2,6
2.64,-5.589,64.9,6
9.39,-3.675,84.8,6
5.34,-9.327,67.4,6
18.6,-10.218,63.1,6
3.2,-8.927,74.8,6
3.98,-7.071,63.1,6
3.24,-7.964,58.6,6
3.17,-8.347,60.8,6
8.07,-8.452,78.6,6
3.71,-6.98,75.2,6
4.42,-4.109,86.2,6
3.83,-6.065,51.8,6
2.86,-3.541,76.2,6
7.93,-6.32,85.4,6
4.69,-7.436,65.9,6
3.69,-6.785,56.3,6
15.2,-6.682,61,6
3.34,-9.24,76,6
3.56,-5.297,47.2,6
2.62,-8.38,61.8,6
16.5,-3.777,78.6,6
4.99,-11.694,66.4,6
7.94,-5.178,77.1,6
29.6,-5.293,42.6,6
3.16,-12.161,55.6,6
3.44,-5.6,58.7,6
3.39,-8.973,52.9,6
5.7,-5.484,58.1,6
7.22,-7.008,74.7,6
6.39,-3.873,72.2,6
2.6,-5.667,44.3,6
3.17,-5.088,64.4,6
3.81,-8.173,68.2,6
26,-5.224,90.4,6
19.3,-6.419,45.7,6
15.9,-8.153,43.6,6
5.31,-4.27,50.2,6
9.62,-7.937,52.2,6
4.3,-7.795,68.9,6
2.81,-7.834,58.6,6
5.69,-12.406,72.6,6
6.45,-3.001,66.8,6
10.8,-11.431,62.8,6
4.29,-10.914,57.1,6
5.18,-2.698,65.6,6
24.2,-12.129,63.2,6
12.5,-7.6,71.9,6
4.62,-10.431,47.4,6
9.68,-8.659,61,6
3.28,-12.032,68,6
6.28,-8.504,83.2,6
3.11,-9.976,50.7,6
4.13,-5.797,65.8,6
2.57,-7.742,54.1,6
4.41,-12.603,45,6
3.85,-3.704,53.7,6
16.5,-4.452,89.5,6
5.03,-10.955,55.5,6
4.52,-3.912,78.1,6
14.8,-6.072,85.4,6
11.9,-9.662,88.1,6
3.16,-3.709,60.8,6
3.02,-6.39,78.3,6
9.02,-10.499,81.5,6
17.7,-8.599,78.4,6
4.07,-9.368,70.3,6
4.73,-5.208,56.5,6
5.92,-6.662,77.8,6
3.79,-4.917,70.6,6
3.45,-3.496,50.6,6
7.62,-7.109,83.7,6
5.89,-6.563,89.3,6
3,-11.733,60.2,6
30.6,-5.931,93.9,6
3.32,-11.349,54,6
4.35,-8.191,69.4,6
3.62,-9.85,67,6
4.03,-4.77,72.1,6
3.44,-5.99,68.7,6
16.7,-6.086,83.7,6
2.62,-11.077,58.3,6
2.79,-11.821,65.4,6
5.63,-5.201,39,6
2.81,-8.45,74.9,6
3.74,-4.179,87.3,6
6.75,-12.276,77.5,6
4.85,-9.88,64.1,6
3.67,-6.808,38.7,6
9.13,-6.865,77.8,6
3.33,-5.507,68.8,6
12.6,-3.424,82.4,6
4.24,-6.866,52.7,6
5.1,-11.117,67.7,6
4.63,-6.857,67.5,6
8.25,-10.825,56.2,6
5.16,-9.519,62.2,6
2.7,-5.231,62.5,6
4.31,-4.438,66.1,6
7.71,-4.838,31.4,6
2.79,-7.15,49.7,6
4.47,-4.76,61.8,6
7.5,-5.319,88.2,6
4.16,-4.72,48.4,6
5.83,-11.302,54.4,6
10.4,-9.455,79.1,6
3.24,-5.879,38.6,6
2.77,-6.519,66.4,6
7.89,-4.637,85.1,6
3.13,-5.032,71.3,6
8.78,-9.217,69.1,6
16.2,-7.558,53.3,6
9.42,-6.164,81.4,6
2.88,-7.013,41,6
8.38,-4.589,70.1,6
19,-3.768,77.6,6
6.17,-4.41,80.9,6
36.1,-6.909,86.4,6
8.64,-6.573,46.3,6
3.05,-7.623,37.2,6
3.15,-7.043,55.7,6
6.76,-4.644,51.3,6
9.28,-5.961,75.7,6
2.74,-7.883,56.2,6
3.4,-9.483,36,6
18.5,-9.261,60.8,6
10.9,-11.384,78.9,6
4.6,-9.615,62.7,6
3.87,-6.006,41.2,6
2.73,-8.767,47.1,6
2.89,-12.67,68.7,6
4.27,-6.947,59.5,6
18.7,-6.841,86.3,6
4.02,-13.854,68.7,6
7.67,-7.106,78.2,6
11.9,-6.181,67.7,6
3.97,-8.959,53.6,6
3.97,-4.81,79.6,6
12.1,-5.616,58.4,6
6.82,-9.753,66.8,6
11.3,-5.037,73.6,6
10,-3.364,83,6
15.1,-4.091,59.6,6
2.86,-5.639,78.6,6
2.82,-13.995,54.1,6
7.84,-6.707,83.4,6
5.26,-8.338,70.6,6
2.73,-8.767,47.1,6
3.49,-12.755,56.7,6
12.9,-3.43,60,6
2.99,-5.851,64.1,6
4.34,-5.134,73.1,6
2.88,-4.431,79.5,6
14.7,-2.241,71.2,6
6.14,-4.254,53.6,6
2.97,-8.282,68.4,6
3.12,-10.581,52.3,6
5.63,-5.201,39,6
4.63,-8.901,75.2,6
3.55,-9.343,40.6,6
2.71,-7.701,59.3,6
14.7,-4.232,31.9,6
5.02,-7.309,78.3,6
14.1,-6.091,82.6,6
20,-5.428,89.8,6
3.4,-8.145,45.6,6
9.58,-7.811,59.4,6
5.02,-9.016,65.3,6
12.8,-8.485,53.4,6
4.24,-5.582,82.3,6
4.47,-10.798,37.9,6
3.09,-7.425,71.7,6
14.3,-9.695,78.1,6
3.02,-5.396,62.1,6
5.69,-12.406,72.6,6
23.8,-4.116,65.2,6
3.74,-5.749,57.8,6
3.56,-15.256,27.4,6
17.7,-8.599,78.4,6
3.72,-5.323,59.7,6
3.02,-6.724,42.2,6
5.02,-9.016,65.3,6
3.58,-7.194,60.7,6
8,-8.849,57.6,6
9.43,-6.237,57.2,6
6.94,-7.959,70.6,6
2.92,-5.508,56.9,6
8.05,-6.919,73.1,6
6.4,-4.43,61.2,6
3.24,-7.964,58.6,6
9.83,-2.484,55.5,6
2.78,-6.087,81.9,6
2.63,-4.065,49.8,6
12.8,-6.13,65,6
4.75,-10.698,80.1,6
2.89,-5.454,47.8,6
3.79,-7.846,84.1,6
8.48,-13.39,68,6
5.08,-6.362,74.3,6
4.56,-10.785,63.5,6
2.87,-9.571,44.9,6
4.2,-5.841,82.1,6
5.14,-5.829,76.5,6
6.21,-5.122,49.5,6
2.6,-4.203,44.8,6
14.8,-7.845,48.7,6
3.55,-16.06,33.8,6
3.77,-5.666,35.4,6
4.12,-7.407,57.2,6
2.95,-7.272,50.9,6
3.85,-6.722,69.4,6
3.24,-7.159,69.3,6
8.07,-14.007,63.4,6
3.54,-6.224,50.7,6
2.72,-10.328,44.9,6
2.79,-6.894,77.3,6
14.5,-8.628,85.8,6
5.08,-11.946,64.5,6
3.44,-4.751,70.5,6
3.6,-3.887,63.8,6
6.92,-5.959,43.2,6
30.5,-5.665,88.8,6
4.79,-5.773,80.3,6
5.62,-8.519,73.4,6
11.7,-4.951,52.8,6
3.54,-13.216,65.5,6
14.3,-2.971,82.8,6
3.28,-5.229,83.7,6
8.5,-2.882,61.2,6
12,-8.854,77,6
4.09,-9.528,53.4,6
9.04,-4.099,58.3,6
8.78,-6.494,42.3,6
6.01,-5.711,61.8,6
25.9,-4.714,58,6
3.49,-10.801,61.1,6
3.5,-11.903,72.9,6
3.54,-5.579,73.1,6
3.12,-4.48,68.9,6
3.05,-3.593,65.8,6
2.59,-5.729,67.1,6
7.45,-7.749,89.1,6
2.87,-8.426,29.8,6
30.1,-5.416,56.7,6
3.67,-6.17,68.2,6
4.33,-8.211,43.2,6
5.89,-4.761,71.7,6
11.4,-2.717,84.1,6
3.19,-5.457,50.5,6
4.49,-6.023,50.7,6
2.66,-10.062,68.6,6
5.83,-6.465,75.8,6
3.41,-4.593,67.1,6
3.24,-7.964,58.6,6
4.08,-5.747,56.7,6
2.74,-5.933,65,6
4.66,-4.548,82,6
3.26,-7.698,65.8,6
5.81,-12.232,69.2,6
6.97,-7.773,88.9,6
4.11,-6.255,77.2,6
2.92,-6.974,52.7,6
2.82,-3.398,71.1,6
4.89,-8.208,72.8,6
3.55,-9.343,40.6,6
11.4,-6.623,71.9,6
4.66,-2.709,66.6,6
6.01,-3.787,70.2,6
6.41,-12.566,43.3,6
15.2,-6.682,61,6
6.01,-8.761,58.5,6
3.16,-5.242,58.8,6
3.52,-9.538,29.6,6
4.37,-4.572,72.7,6
4.39,-5.835,56,6
4.02,-7.246,33.8,6
2.82,-11.35,49.9,6
8.98,-10.706,63.8,6
4,-8.532,44.5,6
3.39,-6.199,46.7,6
6.97,-7.773,88.9,6
14.7,-6.242,57,6
5.32,-5.495,61.6,6
3.01,-9.182,68.2,6
4.06,-14.415,66.4,6
23,-7.136,71.1,6
4.63,-8.693,67.6,6
48.4,-4.564,55.8,6
3.98,-6.938,44.1,6
2.95,-6.806,67.7,6
4.65,-5.163,78.8,6
5.04,-5.914,67.1,6
8.82,-5.694,81.8,6
7.2,-4.89,57.5,6
5.33,-7.627,61.1,6
3.42,-6.631,59.5,6
5.98,-6.821,56.1,6
6.16,-5.426,57.3,6
9.35,-9.051,49.1,6
3.38,-3.908,60.9,6
4.23,-6.48,50.3,6
6.54,-5.365,53.9,6
3.8,-4.615,69.7,6
3.9,-6.207,73.3,6
4.01,-7.781,60.2,6
3.4,-4.34,63.7,6
20,-4.771,66.7,6
6.62,-4.926,59.9,6
8.1,-4.17,73.6,6
12.7,-4.075,63.3,6
5.22,-12.681,49,6
11.9,-6.143,74.5,6
3.74,-5.749,57.8,6
19.1,-6.885,83.3,6
5.93,-4.671,57.8,6
4.28,-7.26,80,6
7.47,-5.23,35.2,6
3.17,-4.817,65.9,6
3.5,-10.493,71.5,6
3.59,-5.999,48.8,6
3.71,-6.568,61,6
22.8,-7.549,76.6,6
3.24,-14.328,69.6,6
22.6,-4.772,56.8,6
3.49,-7.62,57.6,6
33.2,-6.92,80.7,6
28.2,-6.128,88.5,6
5.34,-5.213,71.5,6
36.8,-5.019,89.7,6
6.45,-4.925,84.7,6
7.9,-6.142,80,6
4.76,-3.785,72.4,6
3.74,-5.749,57.8,6
6.68,-5.689,78.3,6
2.77,-7.431,58.9,6
12.4,-6.038,89.8,6
7.42,-3.265,66.4,6
11.4,-2.939,65.3,6
3.86,-6.535,82.4,6
2.6,-6.427,38.5,6
25.9,-4.714,58,6
5.37,-12.401,69.1,6
2.87,-7.987,59,6
4.98,-4.147,54.9,6
4.08,-4.377,68.1,6
4.37,-5.451,52.6,6
3.8,-4.913,56.7,6
5.5,-9.227,52.8,6
4.83,-5.151,45.2,6
6.18,-2.729,57.9,6
3.04,-11.651,73.9,6
3.18,-6.722,39.3,6
11.2,-5.603,66.9,6
4.76,-4.955,44.4,6
3.57,-13.605,65.1,6
26.1,-4.818,80,6
4.07,-7.305,40,6
3.8,-6.215,76.8,6
2.74,-4.958,52.3,6
3.47,-8.087,28.6,6
4.49,-7.473,77.9,6
11.9,-6.181,67.7,6
3.51,-4.815,72.9,6
3.82,-9.665,42.7,6
2.84,-4.083,64,6
13.5,-6.879,47.6,6
3.35,-8.823,59,6
10.4,-6.018,61.9,6
3.05,-7.623,37.2,6
3.33,-14.769,48.9,6
8.76,-10.883,91,6
2.97,-4.556,77.8,6
3.02,-7.079,38.1,6
5.43,-7.158,85.4,6
2.98,-12.755,54.5,6
4.24,-5.582,82.3,6
3.32,-3.774,79.3,6
8.97,-3.926,68.9,6
6.45,-4.925,84.7,6
5.5,-6.357,82.2,6
3.87,-7.097,70.7,6
30.2,-7.392,64.2,6
7.64,-5.214,44.2,6
3.98,-7.071,63.1,6
4.1,-4.248,78.9,6
7.44,-4.89,77.5,6
11.2,-5.603,66.9,6
7.11,-12.132,45.8,6
14.5,-4.06,69,6
8.55,-3.435,61.3,6
3.96,-7.728,78.7,6
3.34,-3.131,78.8,6
7.79,-12.622,50.9,6
4.04,-6.002,66,6
22.8,-4.607,77.5,6
12.6,-3.127,49.4,6
3.27,-4.52,55.2,6
8.7,-9.299,65.7,6
3.21,-6.856,41.8,6
5.27,-7.778,65.3,6
7.47,-5.747,56.4,6
5.33,-7.575,60.2,6
3.82,-7.454,54.9,6
2.67,-5.569,54.6,6
5.84,-5.042,42.8,6
7.64,-5.214,44.2,6
7.4,-8.955,44.3,6
25.1,-7.969,95,6
3.09,-11.487,46.7,6
3.9,-18.256,69,6
6.75,-12.276,77.5,6
3.26,-4.159,66.9,6
22.7,-10.701,79.5,6
2.81,-7.227,42.9,6
2.98,-4.835,48.8,6
4.37,-5.897,56.4,6
11.8,-6.436,71.4,6
4.38,-4.833,60.5,6
47.5,-7.828,69.9,6
4.65,-7.984,52.8,6
4.35,-6.489,84.1,6
3.57,-6.16,45.3,6
9.04,-0.965,76.2,6
3.01,-7.36,59.6,6
4.93,-9.485,63.3,6
3.67,-12.146,39.8,6
4.51,-6.552,77.8,6
3.1,-3.409,76.2,6
3.78,-12.147,20.7,6
12.1,-8.277,85,6
5.18,-5.888,82.9,6
3.6,-5.201,62.6,6
3.02,-6.184,51.6,6
8.63,-9.494,74,6
5.06,-6.233,74,6
2.9,-5.905,67,6
10.6,-5.525,77,6
2.68,-9.793,55.9,6
6.18,-5.793,49,6
6.4,-13.105,87.8,6
5.65,-9.022,43.8,6
15.2,-6.682,61,6
4.89,-6.038,69.5,6
2.89,-5.4,64.5,6
10.4,-3.858,92.2,6
4.88,-4.918,43.4,6
26.9,-6.044,86.8,6
4.24,-8.588,61.3,6
7.74,-4.428,58.5,6
4.82,-7.889,73.9,6
3.38,-4.054,50.9,6
5.93,-4.323,57.6,6
3.16,-5.242,58.8,6
3.46,-5.466,70.5,6
6.04,-6.568,67.2,6
18.1,-7.052,86.8,6
3.8,-6.77,59.9,6
13.3,-6.979,60.1,6
14.6,-4.866,69.6,6
3.13,-5.886,72.6,6
9.48,-4.809,76.9,6
16.6,-4.409,54.5,6
4.28,-5.734,64.3,6
5.31,-3.873,77.8,6
13.4,-7.16,83,6
4.88,-6.842,73.5,6
49.4,-13.087,94.1,6
5.99,-12.372,41.7,6
5.4,-6.798,55.1,6
3.44,-5.353,66.7,6
2.7,-5.483,71.3,6
3.45,-5.743,66.2,6
2.97,-6.106,48.3,6
10.6,-7.876,82.9,6
3.31,-7.827,62.3,6
4.75,-6.678,44.7,6
5.99,-12.372,41.7,6
26.9,-6.044,86.8,6
26.8,-5.576,71.7,6
7.39,-7.213,78.1,6
4.95,-7.115,62.5,6
6.99,-5.236,58.4,6
2.98,-5.238,36.6,6
8.78,-5.802,68.8,6
5.87,-11.249,59.2,6
5.5,-6.659,55.1,6
6.82,-7.822,49.6,6
5.26,-5.232,66,6
4.27,-5.811,41.3,6
4.73,-6.465,63.6,6
13.5,-6.319,79,6
4.66,-4.641,72.5,6
6.25,-5.725,39.6,6
3.24,-4.071,68.1,6
8.03,-8.52,76.7,6
4.48,-3.956,71.2,6
3.96,-6.937,55.3,6
2.53,-10.28,49.5,6
23.2,-7.079,79.8,6
2.99,-7.357,66.2,6
4.11,-8.967,85,6
5.06,-6.098,80.8,6
3.08,-6.996,41.7,6
4.22,-7.541,75.7,6
5.76,-10.083,65.3,6
8.42,-3.105,92.2,6
3.06,-9.137,67,6
28,-4.772,82.2,6
6.14,-4.254,53.6,6
5.6,-7.553,54.8,6
11,-3.24,79.1,6
35.7,-8.043,88.3,6
4.02,-7.052,83.7,6
4.6,-8.237,66,6
2.85,-11.117,70.9,6
5.78,-5.048,56.3,6
3.47,-13.239,50.8,6
3.02,-6.7,55.4,6
3.28,-5.564,54.5,6
26.2,-3.484,53.9,6
4.6,-5.478,65.5,6
4.08,-6.979,50,6
15,-3.946,91.7,6
4.86,-10.983,41.6,6
2.84,-9.974,62.9,6
4.08,-12.846,53.1,6
3.65,-9.143,66.3,6
14.1,-4.981,84.6,6
4.41,-12.5,51,6
3.38,-9.733,67.2,6
2.94,-4.986,70,6
7.22,-5.883,79.5,6
3.42,-6.89,49.4,6
6.56,-10.742,30.5,6
10.4,-2.763,78.2,6
3.73,-9.855,66.4,6
12.1,-11.174,74.3,6
5.6,-6.053,80.3,6
3.11,-14.136,59.2,6
12.7,-5.551,83.5,6
17.2,-7.547,87.7,6
6.04,-1.851,80.2,6
6.01,-8.761,58.5,6
5.39,-7.636,90.7,6
4.12,-16.187,57.7,6
2.62,-5.991,54.9,6
42,-6.831,64.7,6
7.11,-12.132,45.8,6
3.56,-8.051,59.1,6
3.3,-7.309,44,6
3.24,-7.964,58.6,6
11.9,-6.181,67.7,6
3.58,-6.504,47.1,6
17,-5.572,72.3,6
3.92,-4.941,79.9,6
5.09,-6.194,82.7,6
5.81,-3.835,66.6,6
3.51,-11.803,42.9,6
10,-8.127,68.4,6
3.28,-8.346,53.4,6
4.24,-5.613,69.9,6
13.2,-7.617,66.6,6
3,-10.441,47.6,6
4.3,-7.271,66.5,6
4.04,-10.764,50,6
32.7,-11.25,68.3,6
3.41,-8.114,67,6
7.7,-6.254,71.9,6
8.78,-4.771,73.7,6
6.01,-3.787,70.2,6
3.83,-6.714,71.1,6
3.53,-6.953,40.9,6
2.69,-11.221,56.7,6
22,-7.702,77.2,6
3.19,-6.987,70,6
3.24,-7.964,58.6,6
4.75,-3.255,72.2,6
3.62,-9.85,67,6
2.78,-8.13,56.2,6
9.13,-6.865,77.8,6
3.09,-7.967,27.1,6
5.72,-7.335,50.9,6
7.96,-13.422,81.4,6
10.6,-4.672,56.6,6
3.31,-12.074,75,6
3.67,-5.6,69.1,6
4.73,-10.392,68.3,6
13.9,-10.064,82.8,6
11.7,-9.54,63.9,6
3.8,-4.405,75.8,6
4.77,-2.771,67.4,6
3.18,-5.431,36.9,6
15.6,-4.089,40.2,6
3.39,-8.973,52.9,6
9.1,-3.417,70.6,6
6.42,-9.482,81.3,6
5.08,-9.72,72.4,6
5.48,-15.998,68.9,6
3.97,-2.373,70.5,6
6.34,-9.517,73.4,6
3.67,-5.6,69.1,6
4.81,-6.862,54.8,6
4.66,-7.405,72.4,6
6.8,-7.822,78,6
4.14,-10.508,57.3,6
11.3,-5.037,73.6,6
20.4,-4.941,55.2,6
12.2,-5.812,75.9,6
9.84,-8.119,76,6
5.05,-9.388,50.3,6
4.39,-9.197,36.6,6
3.25,-4.645,65,6
3.75,-13.467,55.7,6
5.38,-10.778,39.9,6
2.84,-6.816,61.4,6
6.76,-6.09,73.6,6
2.59,-7.68,52.9,6
3.34,-4.967,52.9,6
4.49,-6.023,50.7,6
20.8,-4.38,44.2,6
3.53,-5.841,76.4,6
8.83,-3.434,73,6
4.65,-4.209,54.8,6
6.22,-5.692,66.6,6
3.62,-6.788,72.8,6
32.2,-4.709,90.3,6
2.96,-5.384,64.9,6
11.8,-7.679,66.9,6
3.12,-5.612,68.3,6
15.5,-6.332,80.1,6
4.45,-6.385,66.6,6
14.7,-9.118,56,6
5.32,-6.699,79.4,6
4.34,-6.653,39.7,6
31.3,-7.45,73.4,6
6.88,-7.419,39.1,6
3.15,-4.654,53.3,6
5.24,-5.475,64.1,6
4.96,-2.836,73.1,6
3.62,-7.886,54.1,6
4.62,-2.931,73.4,6
8.82,-5.694,81.8,6
4.4,-10.941,43.8,6
3.3,-13.06,62,6
5.64,-4.84,42.8,6
10.4,-6.018,61.9,6
4.52,-3.912,78.1,6
4.91,-3.593,63.7,6
11.8,-8.969,57.3,6
3.25,-4.645,65,6
9.83,-2.484,55.5,6
6.23,-5.218,79.2,6
20.9,-7.88,64.2,6
7.4,-8.955,44.3,6
2.76,-8.303,71.7,6
3.41,-11.715,64.9,6
12.2,-5.499,76.4,6
3.86,-3.004,61.6,6
2.87,-10.121,58.3,6
5.59,-4.934,72.5,6
13.5,-6.879,47.6,6
3.86,-8.364,46.3,6
5.93,-6.658,60.5,6
3.79,-11.106,62.1,6
3.79,-4.917,70.6,6
3.08,-9.019,36.9,6
4.38,-5.901,79.7,6
3.13,-10.103,48.2,6
5.82,-4.261,65.3,6
2.92,-6.257,65.5,6
24,-9.925,71.9,6
2.43,-7.224,55.7,6
6.45,-4.925,84.7,6
2.87,-7.987,59,6
9.08,-4.881,59.4,6
4.85,-1.995,77.2,6
13.8,-4.956,76.9,6
4.43,-5.549,51.1,6
3.05,-9.058,60.1,6
9.4,-6.476,83,6
9.02,-7.364,71.5,6
61.9,-9.229,58.2,6
22.2,-7.432,85.6,6
4.72,-4.257,61.5,6
18.8,-10.975,76.3,6
3.93,-4.993,67,6
3.27,-12.952,48.7,6
3.91,-5.13,53.1,6
5.88,-5.065,84.2,6
9.7,-10.278,59.6,6
5.84,-8.528,65.4,6
3.25,-4.645,65,6
4.16,-8.393,78.6,6
6.85,-6.208,80.6,6
2.74,-4.05,74.7,6
18.4,-5.791,65.2,6
18.7,-6.173,72.5,6
6.81,-8.898,51.4,6
6.4,-3.711,84.1,6
2.81,-8.78,33.3,6
5.81,-6.112,63.3,6
3.58,-8.809,49.6,6
3.47,-5.216,60.5,6
8.71,-6.459,66.9,6
2.63,-10.78,54.6,6
3.16,-7.779,48.4,6
6.05,-2.084,81.6,6
2.91,-7.963,42.3,6
2.85,-10.498,71.5,6
40.9,-6.392,64.5,6
5.67,-8.664,38.4,6
6.11,-6.302,85,6
6.46,-5.231,85,6
10.9,-6.632,78.7,6
3.81,-6.649,33.4,6
3.25,-4.645,65,6
5.15,-5.385,82.1,6
2.45,-10.36,63,6
3.54,-8.699,62.3,6
3.96,-12.244,65.3,6
7.26,-8.415,72.7,6
5.58,-7.772,69.1,6
4.48,-4.165,62.4,6
4.64,-5.303,56.6,6
27.2,-5.74,31.9,6
4.89,-6.038,69.5,6
3.09,-5.487,68,6
14.5,-7.218,74.4,6
9.37,-10.007,72.7,6
2.86,-3.541,76.2,6
5.81,-8.557,59.9,6
5.17,-4.288,75.5,6
7.96,-1.917,59.2,6
39.1,-5.602,87.9,6
29.3,-6.986,78.1,6
3.79,-4.917,70.6,6
9.39,-6.599,72.7,6
3.77,-6.28,56.8,6
3.72,-11.213,44,6
3.16,-6.497,47.9,6
9.23,-6.145,75.4,6
3.18,-6.722,39.3,6
3.11,-8.722,56.5,6
3.09,-7.908,64.2,6
2.59,-5.938,63.2,6
3.66,-9.894,73.3,6
42.3,-8.908,80.2,6
5.99,-6.446,67.2,6
6.7,-4.66,66.9,6
5.6,-6.846,77.7,6
7.06,-5.351,57.8,6
13.5,-6.319,79,6
2.86,-3.541,76.2,6
3.04,-8.146,71.1,6
7,-3.709,61.4,6
7.01,-4.053,69.4,6
4.38,-4.833,60.5,6
12,-6.938,72,6
11.6,-6.215,71.2,6
2.69,-7.141,51.8,6
3.83,-4.115,52.2,6
6.82,-9.753,66.8,6
4.97,-3.427,81.7,6
5.05,-6.581,53.8,6
5.7,-6.896,79.5,6
3.92,-1.73,62.1,6
3.67,-9.315,53.6,6
4.04,-15.099,56.1,6
3.47,-5.788,83.2,6
6.94,-7.959,70.6,6
3.67,-5.6,69.1,6
3.68,-8.151,60.8,6
3.99,-6.495,55.4,6
6.61,-8.104,57.9,6
7.52,-4.385,75.1,6
8.13,-9.304,80.2,6
18.5,-3.689,88.8,6
10.5,-11.244,61.8,6
27.7,-8.177,82.5,6
4.76,-5.773,63.3,6
48.1,-5.831,67.6,6
5.47,-12.851,88.3,6
3.55,-7.282,32.5,6
3.9,-6.589,50.6,6
4.5,-6.971,64.3,6
3.81,-8.173,68.2,6
15.7,-5.79,61.4,6
5.37,-6.589,62.7,6
7,-7.046,72.6,6
3.34,-7.006,65.1,6
16.8,-2.876,57.3,6
9.45,-9.451,71.5,6
8.28,-8.433,74.9,6
3.85,-6.722,69.4,6
10.4,-6.018,61.9,6
2.82,-4.776,56.8,6
3.02,-6.724,42.2,6
3.21,-4.349,47.3,6
9.58,-7.811,59.4,6
3.77,-6.28,56.8,6
3.46,-5.371,66.7,6
3.52,-9.577,58.3,6
12.2,-2.98,92.3,6
8.1,-5.775,55.9,6
4.58,-7.629,67.3,6
3.03,-8.529,43.7,6
6.8,-6.437,56.1,6
4.14,-5.952,45.3,6
3.97,-10.024,66.9,6
4.22,-10.012,41.7,6
9.08,-9.561,71,6
6.52,-5.664,78.9,6
14.9,-5.261,61.1,6
2.64,-4.694,70.5,6
5.92,-8.726,65.1,6
22.6,-7.609,46.9,6
3.33,-9.766,60.2,6
14.9,-7.396,86,6
8.34,-3.472,69.7,6
8.42,-6.817,85.9,6
5.51,-8.298,70.6,6
8.11,-9.244,82.8,6
21,-7.932,76.6,6
5.77,-3.912,55.3,6
3.38,-11.586,69.2,6
3.46,-10.572,66.3,6
3.08,-8.182,61.5,6
3.51,-5.262,78.2,6
7.67,-7.106,78.2,6
5.83,-8.37,43.6,6
3.78,-7.144,68,6
3.8,-8.966,79.4,6
5.74,-5.509,53.2,6
9.05,-6.365,88.9,6
5.01,-8.309,58.3,6
3.67,-7.454,85.5,6
3.67,-5.6,69.1,6
3.87,-4.613,80.1,6
7,-3.709,61.4,6
51.3,-7.79,86.1,6
3.5,-13.131,55.1,6
4.32,-6.195,63.6,6
8.87,-4.877,85.3,6
3.82,-3.185,71.1,6
3.52,-9.883,64.9,6
18.1,-7.052,86.8,6
3.47,-8.087,28.6,6
3.11,-5.843,71.3,6
4.27,-6.947,59.5,6
11.4,-3.046,71.5,6
8.66,-5.377,87.6,6
2.96,-6.936,66.3,6
25.2,-8.746,53.9,6
3.84,-4.145,56,6
4.51,-15.359,49.4,6
4.95,-3.904,62.5,6
4.28,-4.496,64.7,6
3.39,-10.242,61.1,6
21.7,-6.599,68.9,6
5.46,-7.493,47.1,6
4.27,-6.947,59.5,6
2.91,-3.942,50.7,6
2.78,-9.256,58.2,6
14,-8.391,62.5,6
3.84,-7.227,52,6
33.3,-6.416,83,6
20.1,-8.339,60.1,6
5.11,-6.609,80.4,6
11.1,-9.982,57.4,6
3.63,-4.658,78.3,6
4.12,-10.869,45.5,6
5.23,-7.063,95.8,6
2.72,-6.825,65.7,6
6.35,-5.928,57.5,6
11.8,-7.679,66.9,6
23.2,-7.38,62.7,6
6.18,-5.793,49,6
3.96,-11.377,80.9,6
2.48,-6.772,62,6
4.18,-10.154,75.5,6
6.81,-11.213,72.1,6
3.41,-7.545,79.9,6
4.23,-8.736,49,6
2.65,-6.3,53.2,6
2.78,-11.097,41.4,6
5.6,-6.053,80.3,6
4.93,-5.781,65.4,6
3.63,-4.716,66.9,6
4.32,-7.951,40.9,6
2.7,-5.483,71.3,6
13.3,-6.535,69.4,6
3.29,-7.697,58.1,6
4.29,-5.938,65,6
10.6,-5.34,62.1,6
4.05,-4.057,63.7,6
3.17,-6.068,34.8,6
3.59,-4.619,66,6
5.49,-11.046,80.3,6
11.8,-6.615,67.2,6
35.3,-12.653,49.2,6
8.83,-3.434,73,6
5.89,-4.761,71.7,6
4.33,-8.211,43.2,6
15.4,-5.827,86.4,6
7.39,-5.691,75.7,6
6.02,-5.68,81.4,6
4.43,-7.472,73.2,6
4.08,-7.483,58.7,6
3.25,-8.653,33.3,6
3.07,-3.396,56.1,6
5.38,-10.778,39.9,6
2.95,-6.165,59.2,6
3.37,-4.398,77.1,6
4.09,-6.702,43.6,6
3.44,-4.736,49.2,6
2.6,-5.847,65.2,6
3.42,-6.612,48.3,6
4.14,-6.769,69.2,6
4.81,-8.898,50.8,6
2.73,-12.264,44.6,6
14.6,-8.053,69.6,6
3.16,-6.497,47.9,6
4,-8.532,44.5,6
3.53,-9.12,76.1,6
3.76,-11.109,73.1,6
3.29,-6.407,55.6,6
9.16,-6.34,71.9,6
3.58,-5.692,58.3,6
4.31,-7.74,63.1,6
3.66,-7.731,40.3,6
5.35,-10.805,42.8,6
2.88,-5.54,70.1,6
6.5,-6.896,65.2,6
5.08,-6.856,60.8,6
3.62,-5.395,41.8,6
3.63,-5.398,51.2,6
15.4,-5.405,79.2,6
3.54,-6.284,55.5,6
3.78,-4.647,63.5,6
5.14,-7.648,71.6,6
4.33,-7.737,75.9,6
37.1,-6.891,67.2,6
3.6,-8.376,51.2,6
2.74,-4.05,74.7,6
3.89,-14.848,41.8,6
4.55,-7.039,70.9,6
32.5,-2.554,93.6,6
3.58,-6.504,47.1,6
33.1,-3.96,62.6,6
2.95,-4.828,47.8,6
43.9,-8.772,58.6,6
5.95,-4.614,57.8,6
4.99,-3.961,69.1,6
4.58,-7.629,67.3,6
3.07,-6.04,60.6,6
2.58,-8.97,53.8,6
3.07,-8.312,74.8,6
20.8,-5.658,69.8,6
2.7,-5.483,71.3,6
3.19,-5.679,50.1,6
3.15,-8.55,48.8,6
3.44,-7.898,67.1,6
5.25,-9.104,58.4,6
2.73,-13.44,47.7,6
2.59,-6.999,58,6
9.09,-8.17,54.3,6
5.4,-6.798,55.1,6
16.4,-7.564,50.3,6
4.75,-5.213,75,6
5.21,-5.956,54.2,6
8.98,-10.706,63.8,6
5.21,-4.054,51.7,6
7.02,-4.296,68,6
2.9,-5.423,57.4,6
22.6,-5.68,80.8,6
3.26,-7.878,82.8,6
3.11,-12.254,58.4,6
6.97,-7.773,88.9,6
4.58,-3.797,67.6,6
15.8,-6.596,87,6
13.7,-5.925,64.5,6
6.56,-9.243,70.2,6
7.35,-3.677,51.7,6
4.27,-5.882,81.7,6
3.11,-5.123,49.5,6
3.43,-6.715,51,6
10.2,-12.627,47.3,6
4.14,-6.444,41.8,6
4.59,-7.955,73.3,6
7.45,-7.749,89.1,6
3.36,-2.81,61.2,6
8.92,-6.542,63.8,6
4.16,-4.72,48.4,6
4.49,-5.219,63.6,6
15.7,-2.082,91,6
3.3,-6.174,42.3,6
5.89,-4.761,71.7,6
4.31,-9.665,41.5,6
4.47,-11.977,67.7,6
3.64,-5.799,53.1,6
3.59,-4.619,66,6
21.3,-10.13,77.4,6
6.62,-3.158,73.4,6
4.12,-6.284,63,6
8.02,-3.183,82.5,6
4.35,-2.512,72.3,6
3.55,-6.226,58,6
20.5,-1.887,92.6,6
3.03,-6.215,54.4,6
5.53,-5.617,77.1,6
2.78,-9.041,53.2,6
6.25,-3.381,39.9,6
30.2,-7.432,46.8,6
4.53,-7.495,57.5,6
4.71,-6.732,64.9,6
7.75,-7.392,75.2,6
4.77,-7.22,73.5,6
4.6,-5.102,71.5,6
3.96,-7.728,78.7,6
3.52,-6.946,59.6,6
3.99,-8.084,65.2,6
3.83,-7.502,37.8,6
10.1,-11.052,98,6
4.07,-2.989,62.2,6
6.35,-5.928,57.5,6
6.27,-6.019,73.3,6
4.89,-8.398,69.6,6
2.9,-6.873,61.5,6
9.44,-6.9,76.1,6
4.79,-3.667,77.2,6
7.08,-6.608,39.4,6
9.15,-6.132,80.9,6
7.4,-10.819,78.7,6
4.72,-4.257,61.5,6
34.3,-7.856,53.2,6
14.1,-5.677,73.4,6
3.63,-4.658,78.3,6
16.2,-3.151,51.5,6
3.68,-5.121,66.4,6
17.3,-6.766,77.8,6
6.57,-7.025,57.3,6
3.96,-7.728,78.7,6
11,-7.23,62.3,6
3.46,-10.572,66.3,6
3.43,-7.994,55.5,6
5.14,-7.648,71.6,6
19.3,-5.36,79.8,6
2.67,-7.21,51.6,6
3.56,-8.31,57.7,6
2.88,-9.115,67.8,6
2.86,-3.675,69.6,6
14.8,-7.201,65,6
3.96,-9.398,52.8,6
4.81,-6.862,54.8,6
4.75,-3.255,72.2,6
5.01,-5.662,58.2,6
15.1,-10.232,38,6
2.99,-4.563,47,6
5.97,-1.265,63.9,6
6.62,-3.158,73.4,6
15.2,-5.737,76.7,6
3.99,-8.084,65.2,6
2.39,-6.093,72.6,6
5.11,-5.872,67.6,6
12.3,-5.683,38.3,6
6.01,-6.387,59.9,6
7.61,-7.868,57.4,6
10.2,-5.81,84.7,6
11.3,-2.926,75.8,6
13.6,-9.397,65.8,6
12.9,-4.28,84,6
17.6,-4.828,57.2,6
6.36,-4.238,84.5,6
3.04,-10.569,64.3,6
3.44,-5.99,68.7,6
6.91,-2.906,75.7,6
3.33,-7.334,55.5,6
7.05,-11.833,53.9,6
6.64,-7.454,72.5,6
2.86,-4.456,36.1,6
2.6,-6.68,49.5,6
5.06,-4.505,65.9,6
4.75,-7.951,59.8,6
3.22,-4.215,63.8,6
5.95,-5.704,67.2,6
3.09,-5.487,68,6
11.2,-4.178,81.7,6
6.2,-5.119,62.5,6
2.88,-7.123,47.9,6
3.04,-7.958,47.4,6
4.14,-8.336,66.5,6
4.13,-5.797,65.8,6
5.18,-7.215,66.6,6
4.32,-8.237,68.1,6
3.6,-6.298,77.3,6
9.16,-5.002,68.6,6
3.06,-8.26,63.6,6
9.44,-6.9,76.1,6
10,-8.127,68.4,6
5.91,-5.641,87.8,6
70.1,-11.155,87.8,6
4.21,-8.287,76.4,6
5.99,-6.446,67.2,6
4.31,-7.572,64.1,6
5.97,-7.275,84.2,6
2.79,-5.046,36.3,6
4.57,-5.876,50,6
2.87,-8.426,29.8,6
7.97,-5.197,42.7,6
3.48,-11.946,49.8,6
4.92,-5.861,48.1,6
3.85,-5.512,42.7,6
3.6,-6.298,77.3,6
8.47,-4.706,56.1,6
8.27,-8.572,53,6
18.2,-2.326,64.5,6
5.51,-7.788,62.4,6
4.93,-9.485,63.3,6
26.5,-8.988,68.9,6
2.73,-9.239,47.9,6
6.57,-7.037,72.1,6
4.91,-3.593,63.7,6
13.3,-9.72,39.5,6
6.43,-5.246,81.7,6
2.66,-13.399,54.3,6
3.58,-4.618,42.2,6
3.36,-6.785,74.9,6
25.9,-4.714,58,6
3.38,-8.74,20.9,6
2.68,-6.761,44.9,6
11.3,-2.926,75.8,6
4.64,-6.657,68,6
6.23,-5.218,79.2,6
3.2,-5.735,48.2,6
7.28,-7.779,62.2,6
5.04,-5.115,80.1,6
4.73,-6.387,75.9,6
3.62,-6.769,55.9,6
7.06,-7.303,85.8,6
12,-4.528,76.5,6
4.3,-7.271,66.5,6
8.62,-5.224,63.4,6
3.12,-8.571,56.6,6
4.21,-6.664,78.6,6
3.42,-9.397,54.4,6
6.64,-2.261,72.7,6
14.1,-5.677,73.4,6
3.55,-16.313,46.2,6
5.39,-5.032,76,6
3.78,-5.431,84.7,6
13.5,-4.578,73.4,6
7.47,-5.747,56.4,6
3.19,-5.184,60.3,6
7.64,-3.618,75.8,6
3.01,-5.743,77,6
3.46,-5.694,55.6,6
9.83,-9.382,55.8,6
5.83,-14.023,80.6,6
14.7,-6.242,57,6
3.16,-8.148,68.6,6
3.05,-10.281,16.1,6
8.93,-8.668,79.1,6
3.27,-3.178,67.1,6
5.98,-5.934,51.4,6
4.89,-8.669,33.1,6
4.31,-6.532,73.2,6
6.8,-4.542,69.1,6
9.87,-3.17,77.3,6
2.87,-7.987,59,6
33.3,-6.416,83,6
12.4,-3.501,82.1,6
24.8,-13.291,60.8,6
3.04,-6.249,57.4,6
10,-3.834,63.1,6
18,-6.669,61.1,6
3.03,-10.654,54.1,6
4.3,-7.271,66.5,6
6.82,-7.822,49.6,6
3.79,-1.871,63.6,6
5.96,-2.793,78.4,6
10.3,-4.698,82.3,6
3.32,-4.865,38.2,6
6.95,-5.13,42.3,6
3.79,-4.917,70.6,6
5.04,-5.115,80.1,6
4.41,-12.603,45,6
3.13,-7.975,63.2,6
3.96,-4.879,81.5,6
2.69,-8.943,67.7,6
5.01,-5.037,75.4,6
3.37,-6.736,33.8,6
3.81,-3.813,49.7,6
4.75,-3.255,72.2,6
3.25,-5.67,43.6,6
2.72,-8.253,56.9,6
50.5,-10.179,94,6
15.7,-2.082,91,6
7.56,-7.914,67.7,6
3.83,-7.502,37.8,6
2.65,-8.156,55.8,6
5.17,-7.255,78,6
5.32,-4.521,30.6,6
3.58,-6.215,52.3,6
4.23,-4.245,59.5,6
17.5,-3.993,72.4,6
2.99,-8.06,56.3,6
3.33,-10.565,77.2,6
3.39,-8.973,52.9,6
4.06,-3.896,71.1,6
3.17,-9.045,71,6
3.75,-9.706,57.7,6
2.94,-7.468,67.7,6
15.9,-5.096,66.8,6
3.36,-2.81,61.2,6
4.23,-8.164,41.3,6
3.79,-4.917,70.6,6
7.13,-8.637,53.5,6
33.3,-6.686,55.9,6
11.9,-4.504,60.6,6
2.81,-15.182,43.6,6
3.02,-6.184,51.6,6
4.04,-6.249,73.3,6
7.53,-8.619,81.7,6
3.55,-3.442,77.8,6
4.04,-8.515,33,6
4.01,-5.35,63.1,6
3.47,-5.152,44.2,6
4.58,-5.004,68.2,6
2.56,-7.547,59,6
3.33,-7.974,67.6,6
33.5,-6.202,64.5,6
9.08,-4.881,59.4,6
3.22,-12.564,25.5,6
3.15,-5.08,64.4,6
6.98,-8.19,61.3,6
5.81,-5.098,63.6,6
11.6,-9.17,79,6
4.37,-5.451,52.6,6
2.98,-4.444,40,6
3.02,-9.223,56.2,6
3.01,-3.142,58.3,6
3.07,-6.562,72.7,6
7.13,-7.733,58.4,6
19.1,-5.598,94.3,6
11.9,-6.181,67.7,6
4.4,-4.382,67.6,6
3.81,-12.258,62.7,6
5.34,-3.594,65.4,6
3.89,-4.619,56.1,6
32.6,-5.59,65.9,6
16.4,-6.924,81,6
14.6,-8.284,62.3,6
3.15,-10.147,56.4,6
3.45,-9.037,23.4,6
6.22,-12.521,86.3,6
4.16,-9.419,62,6
2.9,-9.695,47.2,6
3.66,-5.824,72.8,6
22.9,-5.203,74.4,6
6.57,-7.025,57.3,6
10,-6.179,83.8,6
5.02,-7.309,78.3,6
20,-6.606,82.3,6
2.79,-5.998,49.5,6
4.15,-13.179,38.4,6
2.64,-4.801,45,6
12.2,-9.504,67.4,6
2.57,-3.256,50.3,6
3.29,-10.054,38.8,6
15.6,-6.086,60.8,6
4.97,-4.207,61.7,6
2.95,-8.643,66.1,6
35.7,-8.043,88.3,6
5.64,-5.37,54.6,6
15.1,-9.941,54.5,6
3.16,-8.491,36.8,6
4.6,-8.401,80.7,6
4.14,-6.459,73.1,6
29.2,-6.897,55.2,6
3.45,-6.488,58.6,6
17.7,-5.312,82.4,6
5.15,-12.068,74.1,6
35.3,-8.493,70.9,6
17,-9.195,39.2,6
6.42,-4.154,38.5,6
2.73,-8.767,47.1,6
8.56,-6.458,64.3,6
6.7,-5.511,68.5,6
13.7,-3.126,89.5,6
41.6,-5.931,64,6
3.44,-7.898,67.1,6
9.39,-6.599,72.7,6
29.2,-8.811,48.6,6
12.6,-3.956,74.2,6
13.6,-3.519,59.1,6
7.24,-4.343,69,6
9.93,-5.484,67.3,6
3.94,-6.874,39.1,6
8.49,-5.981,89.6,6
4.84,-6.823,68.4,6
11.3,-5.037,73.6,6
9.43,-8.173,71.3,6
4.79,-7.208,76,6
3.21,-8.738,40.6,6
5.24,-6.585,79.3,6
6.23,-5.218,79.2,6
2.86,-7.343,60.2,6
5.83,-6.015,34.8,6
12.1,-5.616,58.4,6
3.65,-7.815,62.6,6
2.93,-12.281,54,6
4.75,-3.255,72.2,6
3.98,-11.312,69.9,6
8.6,-4.047,54.2,6
3.43,-6.715,51,6
2.99,-4.552,52.8,6
15.2,-6.682,61,6
7.57,-8.737,74.3,6
4.31,-4.44,67.3,6
4.15,-13.179,38.4,6
8.33,-5.405,84.4,6
6.39,-4.422,63.8,6
16.4,-6.717,60.4,6
4.44,-3.986,72.1,6
3.44,-5.99,68.7,6
3.12,-9.622,48,6
40.3,-17.1,80.2,6
4.11,-5.705,74.3,6
4.64,-5.303,56.6,6
3.45,-3.46,45.5,6
5.29,-3.712,51,6
3.11,-7.085,78,6
5.26,-12.526,73.1,6
5.46,-7.864,71.2,6
12.5,-7.6,71.9,6
4.74,-3.24,61.1,6
4.43,-7.226,75.9,6
5.25,-9.104,58.4,6
5.91,-5.641,87.8,6
4.15,-8.958,31.7,6
4.62,-10.431,47.4,6
16.8,-7.696,75.3,6
4.92,-7.457,47.6,6
4.39,-11.439,57.9,6
2.88,-6.709,64.5,6
5.8,-8.965,82.2,6
3.22,-7.064,42.2,6
4.63,-4.448,56.2,6
6.29,-6.204,77.4,6
4.3,-7.441,83.9,6
11.6,-7.236,43.9,6
3.61,-3.671,70.1,6
26.9,-6.044,86.8,6
10.7,-11.648,55.4,6
3.32,-8.395,19.7,6
4.03,-4.77,72.1,6
5.22,-15.287,69.1,6
5.42,-4.631,70,6
25,-6.701,66.6,6
3.63,-6.542,57.8,6
14.7,-1.933,88.8,6
2.65,-7.44,66.7,6
10.9,-5.385,76.2,6
6.57,-5.55,78,6
4.39,-7.805,63.8,6
2.94,-9.832,45.1,6
2.7,-8.305,79.2,6
8.04,-7.095,84.8,6
2.86,-8.072,56.2,6
7.2,-9.355,77.6,6
4.15,-7.902,42.7,6
3.34,-5.379,69.5,6
4.74,-4.057,65.3,6
3.34,-7.006,65.1,6
4.03,-2.306,53.7,6
4.6,-4.205,62.8,6
6.61,-6.201,84,6
3.66,-5.824,72.8,6
11.5,-3.583,46.1,6
4.54,-7.069,72,6
3.44,-9.014,62.8,6
9.77,-6.737,57.7,6
7.38,-2.843,89.3,6
3.37,-8.687,45.2,6
9.68,-8.659,61,6
5.21,-5.269,47.9,6
3.91,-7.667,87,6
15.2,-6.682,61,6
2.76,-8.57,39,6
8.12,-6.797,88.6,6
40.7,-5.448,52,6
7.02,-6.182,67.8,6
3.37,-8.089,79.3,6
8.07,-14.007,63.4,6
3.32,-11.349,54,6
7.61,-9.26,82.2,6
4.49,-6.023,50.7,6
4.31,-7.74,63.1,6
6.66,-7.602,42.4,6
4.38,-7.089,61.9,6
7.96,-7.103,84.2,6
19.9,-5.58,77.4,6
4.57,-4.772,71,6
4.6,-4.205,62.8,6
14.5,-4.595,89.1,6
4.16,-5.582,70.5,6
3.4,-9.483,36,6
11.4,-5.965,85.4,6
8.07,-14.007,63.4,6
19.1,-8.784,96.5,6
5.16,-7.076,65.2,6
6.01,-3.787,70.2,6
14.7,-6.242,57,6
3.02,-15.867,61.2,6
12.1,-11.174,74.3,6
3.06,-9.295,62.6,6
3.8,-9.002,52.7,6
4.52,-3.383,67.2,6
20.4,-4.403,79.9,6
6.45,-3.001,66.8,6
24.6,-6.616,55.7,6
49.4,-13.087,94.1,6
4.31,-4.438,66.1,6
4.46,-4.126,53.1,6
9.16,-6.34,71.9,6
3.48,-3.395,53.2,6
5.78,-7.383,76.3,6
3.18,-4.736,48.3,6
3.61,-3.671,70.1,6
5.11,-8.209,60.8,6
4.05,-5.598,75.3,6
3.16,-5.242,58.8,6
2.76,-8.303,71.7,6
3.26,-11.41,37.3,6
7.18,-10.35,72.4,6
7.69,-6.883,58.7,6
16.4,-6.924,81,6
3.98,-7.419,71.7,6
7.43,-15.335,41.1,6
6.94,-4.402,82.8,6
2.79,-8.558,72.1,6
3.19,-7.521,79.5,6
3.2,-8.235,70.1,6
23.2,-7.079,79.8,6
5.25,-16.727,35.1,6
2.47,-7.237,60.4,6
2.96,-8.452,74.9,6
3.65,-4.496,83.3,6
3.29,-9.461,58.8,6
3.36,-6.691,68,6
4.6,-3.196,66.6,6
10.2,-4.878,59.5,6
2.95,-10.235,54,6
2.99,-7.077,69.3,6
4.97,-3.427,81.7,6
3.27,-8.467,48.4,6
5.93,-4.323,57.6,6
3.64,-5.162,53.4,6
11.5,-6.455,87.6,6
5.69,-6.728,68.2,6
3.22,-4.817,44.7,6
5.6,-6.053,80.3,6
4.93,-4.993,68.6,6
3.96,-9.398,52.8,6
7.17,-5.008,59.9,6
2.8,-9.075,55.5,6
2.75,-8.941,62.3,6
27.4,-9.428,83.6,6
7.12,-5.312,90.3,6
3.81,-12.499,44.1,6
2.75,-6.771,23.3,6
10.3,-6.497,79.4,6
11.3,-2.926,75.8,6
4.73,-12.412,71.2,6
3.12,-4.821,46.1,6
24,-6.094,79.9,6
3.57,-11.492,52.1,6
7.76,-8.877,78,6
5.02,-9.016,65.3,6
2.45,-8.82,62.1,6
2.56,-6.697,63.9,6
5.22,-9.481,87.1,6
3.79,-4.575,73.5,6
4.75,-9.429,39.3,6
11.9,-4.504,60.6,6
3.71,-6.932,86.5,6
3.79,-6.694,48.4,6
14.1,-5.158,53.9,6
5.94,-5.136,42.9,6
4.06,-8.391,57.5,6
3.58,-8.86,32.5,6
4.01,-6.073,58.9,6
3.2,-7.683,61.3,6
3.95,-9.263,74.9,6
18.9,-5.899,53.6,6
6.15,-14.013,75.4,6
8.28,-8.433,74.9,6
6.57,-3.927,91.6,6
3.68,-8.151,60.8,6
3.72,-3.933,74.4,6
5.99,-5.019,77.2,6
5.98,-5.934,51.4,6
3.73,-9.855,66.4,6
3.4,-9.483,36,6
11,-12.877,84.9,6
5.82,-4.267,75,6
4.39,-6.908,69.6,6
4.92,-7.575,74,6
3.62,-7.751,42.1,6
10.7,-7.043,60,6
7.46,-4.019,72.4,6
23.2,-7.079,79.8,6
4.12,-9.283,66.1,6
3.99,-1.654,61.7,6
8.73,-5.028,68.2,6
36.8,-6.8,67.7,6
2.85,-5.415,64.4,6
3.7,-6.47,75.4,6
5.06,-6.233,74,6
3.55,-5.731,51.7,6
23.7,-10.161,81.5,6
3.68,-6.635,68.7,6
5.21,-8.192,57.1,6
4.05,-6,56.1,6
3.41,-10.064,41.9,6
13.7,-6.802,73,6
2.7,-4.749,60.2,6
4.06,-4.283,49.4,6
3.59,-7.403,36.1,6
25.3,-6.942,86.7,6
2.69,-9.157,50.6,6
7.98,-5.097,74.9,6
5.02,-5.154,71.9,6
3.08,-10.673,39,6
5.5,-5.953,61.7,6
4.17,-3.126,72.5,6
20.4,-5.052,55.6,6
3.05,-9.058,60.1,6
3.83,-6.022,46.7,6
3.63,-3.578,53.7,6
5.06,-9.292,48.8,6
3.88,-11.453,76,6
2.83,-11.948,62.5,6
7.09,-5.674,57.5,6
5.18,-6.161,83.7,6
4.07,-5.959,55.6,6
3.28,-6.977,60,6
5.05,-6.312,61.8,6
3.46,-13.465,67.5,6
20.4,-5.052,55.6,6
3.3,-7.698,51.8,6
3.3,-11.035,56.4,6
9.48,-5.187,75.9,6
11.3,-4.436,80.8,6
3.24,-11.384,42.1,6
26.5,-8.988,68.9,6
3.15,-6.94,50.9,6
2.92,-6.257,65.5,6
5.06,-5.457,78.4,6
3.72,-5.81,50,6
28.7,-5.802,68.6,6
7.39,-7.213,78.1,6
3.59,-7.192,53,6
3.5,-3.762,55.4,6
2.68,-6.734,69.9,6
3.62,-9.85,67,6
48.7,-10.162,88.8,6
3.08,-7.611,56.8,6
3.93,-4.759,79.2,6
5.95,-7.56,69,6
4.11,-6.005,78.8,6
11,-9.229,59.1,6
3.38,-8.647,61.4,6
2.77,-7.618,43.2,6
19,-5.385,69.5,6
3.6,-5.614,47.4,6
3.19,-6.688,52.2,6
3.29,-4.694,51.8,6
3.14,-3.909,75.8,6
3.81,-3.85,48.7,6
4.99,-9.05,37.9,6
4.06,-3.699,79.4,6
3.07,-10.315,31.8,6
3.19,-5.184,60.3,6
4.77,-7.22,73.5,6
13.3,-7.036,70.6,6
5.95,-4.614,57.8,6
5.03,-6.775,87.2,6
3.87,-7.232,72.4,6
6.04,-7.261,55.6,6
4.93,-9.581,46.3,6
6.32,-3.947,76.4,6
5.64,-5.589,91,6
3.74,-5.576,69.7,6
5.78,-6.832,87.8,6
4.43,-7.226,75.9,6
13.4,-6.071,88.8,6
5.61,-7.741,72.4,6
5.73,-17.514,57.5,6
3.75,-4.307,54.4,6
10.9,-3.079,75.1,6
15.8,-4.577,78.7,6
11.6,-7.236,43.9,6
3.89,-8.507,50,6
5.23,-10.254,69.5,6
3.72,-3.548,64.7,6
5.09,-7.434,65.1,6
5.27,-6.535,56.3,6
2.76,-7.575,61.3,6
2.61,-6.563,74.4,6
8.1,-4.17,73.6,6
12.8,-8.926,54.9,6
10.1,-8.077,58.4,6
11.6,-7.236,43.9,6
4.92,-5.861,48.1,6
4.77,-7.22,73.5,6
3.29,-6.777,66.5,6
7.51,-8.069,44.7,6
3.88,-7.955,59.6,6
3.35,-9.893,60.3,6
2.95,-5.111,62.7,6
22.9,-5.963,83.3,6
4.65,-4.209,54.8,6
5.54,-8.914,54.3,6
3.02,-6.7,55.4,6
6.67,-9.287,46.7,6
3.95,-9.641,56.5,6
3.57,-5.84,68.8,6
3.43,-6.308,78.5,6
2.95,-6.341,53.3,6
17.1,-4.053,89.7,6
4.64,-6.648,73.5,6
30.3,-6.932,70.6,6
3.9,-6.821,74,6
3.82,-12.043,65.7,6
3.11,-6.388,47.1,6
2.78,-5.279,76.4,6
2.93,-6.321,43.7,6
3.49,-8.181,55,6
20.7,-7.067,70.2,6
3.12,-5.484,69.6,6
2.65,-6.075,55.6,6
7.64,-7.864,61.1,6
4.76,-4.955,44.4,6
13,-3.594,71.8,6
3.03,-5.397,62.4,6
3.93,-7.964,65,6
3.91,-8.332,66.2,6
3.79,-4.08,64,6
5.11,-8.209,60.8,6
8.84,-7.886,77.7,6
5.16,-5.724,61,6
3.35,-6.41,58.1,6
4.78,-10.18,89.7,6
5.53,-5.618,82.2,6
5.06,-5.457,78.4,6
5.08,-8.377,74.7,6
3.7,-3.643,66.5,6
7.34,-8.137,77.9,6
4.35,-7.344,58.9,6
4.1,-4.248,78.9,6
7.95,-8.981,96.4,6
4.05,-10.636,59.3,6
4.12,-13.777,67.9,6
2.32,-6.312,59.9,6
3.51,-10.233,50,6
13.3,-10.39,61.5,6
3.74,-5.492,52.6,6
14.8,-11.491,80.7,6
14.9,-5.335,69.4,6
3.15,-7.378,30.3,6
5.17,-4.2,88.8,6
6.19,-6.094,58.4,6
3.32,-6.401,23.6,6
5.45,-4.062,55.3,6
4.16,-9.819,44.9,6
3.12,-1.268,60.3,6
4.56,-4.857,66.9,6
2.54,-6.403,63,6
11.5,-4.634,54.4,6
3.64,-5.435,38.3,6
9.39,-8.403,57.6,6
6.65,-5.747,69.3,6
19.7,-6.681,44.2,6
3.78,-7.262,55,6
6.18,-6.928,87.2,6
11.7,-5.353,76,6
3.84,-6.229,49.3,6
3.24,-16.225,62.9,6
10.2,-3.707,72.3,6
3.27,-7.104,60.4,6
4.71,-6.056,54.4,6
3.16,-5.598,74.5,6
3.21,-9.016,58.5,6
3.08,-9.997,60.3,6
4.6,-4.205,62.8,6
4.29,-10.914,57.1,6
3.72,-3.933,74.4,6
5.94,-7.329,71.2,6
4.15,-8.139,69.3,6
5.02,-4.175,68.9,6
5.18,-6.161,83.7,6
6.25,-5.192,86.7,6
3.91,-6.343,67.6,6
18.2,-7.135,77.8,6
13.2,-7.617,66.6,6
5.33,-7.005,53.8,6
9.48,-5.187,75.9,6
16.4,-7.956,74.6,6
3.34,-7.006,65.1,6
4.34,-4.924,57.3,6
5.26,-6.412,63,6
4.07,-4.432,43.2,6
5.24,-8.108,75.9,6
5.85,-8.857,75.3,6
4.99,-6.261,50,6
4.76,-7.236,64.3,6
3.22,-4.817,44.7,6
28.6,-4.473,60.2,6
9.13,-6.865,77.8,6
4.39,-3.933,79.1,6
6.14,-8.368,87,6
5.28,-3.82,40.5,6
7.18,-5.768,72.1,6
5.14,-1.609,63.4,6
5.72,-3.827,73.8,6
2.74,-9.51,66.4,6
3.15,-6.901,71.8,6
16.7,-5.456,50.3,6
4.08,-6.205,57.3,6
4.99,-4.234,72.1,6
5.42,-8.726,64.6,6
20.4,-5.052,55.6,6
2.85,-11.117,70.9,6
10,-7.687,43.2,6
5.87,-3.855,33.8,6
3.46,-13.299,40.1,6
5.19,-6.665,65.7,6
16.5,-3.777,78.6,6
23.2,-7.079,79.8,6
4.16,-7.56,73,6
4.23,-4.245,59.5,6
3.23,-4.683,56.9,6
3.45,-16.509,52,6
4.05,-6.589,69.5,6
11.2,-7.198,71.2,6
3.27,-8.683,59.8,6
4.6,-4.205,62.8,6
9.83,-2.484,55.5,6
28.6,-2.871,72.7,6
2.88,-5.089,65.9,6
3.85,-6.156,70.5,6
3.38,-8.74,54.7,6
7.15,-7.536,69.7,6
3.48,-5.419,58.3,6
3.72,-3.609,71.3,6
4.5,-12.448,42,6
2.63,-6.533,54.2,6
4.17,-10.528,70.9,6
8.06,-4.689,75.3,6
5.84,-9.297,68.2,6
3.82,-10.25,63.9,6
10.3,-6.133,72.3,6
4.39,-5.835,56,6
8.85,-3.03,44.5,6
3.79,-7.846,84.1,6
5.74,-7.097,73.5,6
3.61,-7.832,68.9,6
4.47,-5.873,62,6
8.28,-8.433,74.9,6
3.06,-9.295,62.6,6
3.75,-2.809,60.9,6
5.44,-9.775,81.6,6
3.81,-8.112,52.9,6
2.63,-3.442,63.6,6
5.16,-7.809,58.5,6
3.67,-12.146,39.8,6
3.19,-6.711,62,6
5.73,-8.81,78.8,6
5.32,-5.495,61.6,6
4.47,-8.337,47.1,6
3.61,-8.316,37,6
3.4,-9.83,44.7,6
40.9,-17.646,75.6,6
3.11,-13.038,37.1,6
5.17,-5.215,37.6,6
6.26,-10.33,76.8,6
12.4,-5.441,83.6,6
4.33,-5.495,39.7,6
5.6,-12.775,40.5,6
4.14,-8.336,66.5,6
4.04,-5.79,72.4,6
3.28,-5.564,54.5,6
7.85,-6.071,65.7,6
5.21,-5.956,54.2,6
6.24,-10.027,51.8,6
4.39,-6.129,51,6
15.9,-6.53,62.9,6
2.91,-11.035,71.1,6
6.19,-3.804,57.8,6
3.8,-4.399,75.2,6
26.8,-6.491,66,6
20.4,-5.052,55.6,6
3.11,-3.896,69.9,6
2.94,-5.317,61.2,6
6.22,-5.415,66.9,6
3.77,-12.077,46.2,6
2.8,-7.929,57.2,6
18.8,-7.542,91.7,6
3.98,-7.419,71.7,6
7.64,-4.545,50.1,6
3.19,-6.987,70,6
5.98,-6.821,56.1,6
39.4,-6.078,79.7,6
5.51,-7.788,62.4,6
2.7,-7.736,54.2,6
5.4,-8.747,77.4,6
3.49,-5.448,72.5,6
3.67,-7.454,85.5,6
3.33,-4.348,71.6,6
5.21,-3.515,55.2,6
6.44,-6.488,46.3,6
8.42,-10.873,71.4,6
5.34,-4.689,86.3,6
3.02,-7.744,48.5,6
11.6,-5.457,66.4,6
4.15,-5.792,63.2,6
11.3,-0.882,80,6
3.15,-8.55,48.8,6
4.07,-6.383,67.9,6
33.2,-6.92,80.7,6
4.33,-9.335,71.5,6
9.37,-10.007,72.7,6
8.31,-2.78,73.8,6
8.2,-3.193,88.2,6
8.07,-14.007,63.4,6
3.51,-12.337,68.8,6
3.62,-6.319,55.3,6
6.52,-5.664,78.9,6
2.85,-8.002,70.1,6
3.34,-12.18,74.1,6
2.65,-6.843,60.3,6
8.28,-4.397,59.1,6
2.65,-7.069,43.8,6
3.67,-5.6,69.1,6
5.93,-4.671,57.8,6
3.11,-3.896,69.9,6
6.45,-4.925,84.7,6
13.7,-4.64,82,6
3.13,-8.007,53.4,6
2.91,-11.938,26.6,6
8.8,-4.719,71.8,6
3.02,-7.844,47.5,6
9.34,-9.431,70.4,6
4.66,-9.327,80.2,6
3.16,-7.341,70.3,6
9.5,-6.506,65,6
8.93,-8.235,75.2,6
3.63,-10.091,60.6,6
11.1,-9.982,57.4,6
9.48,-5.187,75.9,6
6.01,-10.71,54.3,6
3.62,-15.192,55.5,6
3.14,-6.576,64,6
7.03,-7.406,60.7,6
7.25,-5.736,81.2,6
5.26,-6.077,63.9,6
20.6,-6.074,71.9,6
7.85,-6.071,65.7,6
8,-5.913,72.4,6
8.3,-4.103,69,6
19.7,-9.599,80.6,6
3.93,-5.355,64.5,6
9.46,-3.597,59.8,6
7.87,-9.653,46.5,6
15.9,-8.153,43.6,6
3.19,-5.184,60.3,6
5.3,-8.706,61.7,6
4.85,-9.874,34.6,6
4.18,-12.006,71.3,6
4.17,-9.279,48.5,6
5.42,-6.287,65.7,6
7.3,-3.771,80,6
5.62,-7.144,71.2,6
9.34,-9.431,70.4,6
30.4,-6.598,81.9,6
9.68,-8.659,61,6
2.58,-7.453,56.8,6
4.12,-4.927,77.4,6
3.79,-6.694,48.4,6
7.4,-8.955,44.3,6
11.4,-3.046,71.5,6
3.44,-7.048,57.5,6
3.75,-8.028,50.3,6
10.3,-4.344,74.3,6
3.35,-8.077,70.9,6
13.5,-6.879,47.6,6
30.2,-9.236,72.8,6
16.4,-7.956,74.6,6
5.43,-2.578,57.3,6
3.1,-8.143,26.1,6
8.17,-5.456,67.3,6
2.54,-8.022,54.2,6
13.5,-4.825,72.3,6
7.02,-7.988,50,6
3.12,-4.48,68.9,6
7.02,-6.129,80.4,6
3.57,-11.769,38.8,6
7.41,-3.993,61.5,6
3,-8.175,50.7,6
3.34,-7.055,74.8,6
7.51,-9.671,49.6,6
4.58,-7.629,67.3,6
6.82,-4.883,62.7,6
3.39,-10.337,60.2,6
5.34,-7.063,86.8,6
2.9,-10.937,52.9,6
3.23,-10.783,59.5,6
2.63,-7.031,51.1,6
2.89,-5.717,64.2,6
42,-6.831,64.7,6
8.04,-5.267,79.7,6
6.94,-5.154,76.7,6
3.39,-4.788,50.6,6
19.3,-5.36,79.8,6
4.52,-5.864,50.4,6
3.76,-10.547,57.4,6
3.28,-4.547,55.7,6
4.86,-7.5,71.2,6
4.67,-4.479,52.5,6
6.61,-2.785,68,6
6.57,-9.833,57.1,6
13.5,-8.765,72.6,6
3.08,-6.781,54.9,6
2.86,-5.708,54.5,6
3,-15.214,48.1,6
3.98,-6.938,44.1,6
7.13,-4.719,60.9,6
6.84,-4.667,65.3,6
4.13,-5.797,65.8,6
3.63,-6.08,80.2,6
3.08,-3.238,54.1,6
2.99,-9.219,43.2,6
3.3,-5.042,44.6,6
13.4,-7.458,63.6,6
5.94,-4.041,74.5,6
3.27,-6.649,58.7,6
18.7,-8.113,64,6
5.3,-5.943,80.3,6
3.33,-3.662,57.1,6
3.51,-4.435,67.3,6
7.53,-4.858,80.2,6
3.93,-5.248,74.9,6
3.46,-4.32,48.4,6
3.85,-6.722,69.4,6
3,-7.253,69.8,6
27.3,-7.651,69.9,6
4.8,-5.84,61.7,6
7.2,-10.277,83.4,6
3.98,-8.36,76.2,6
15.7,-5.79,61.4,6
3,-6.892,48.9,6
2.86,-3.541,76.2,6
4.97,-8.669,74,6
3.81,-4.993,77.3,6
12.7,-4.088,71.9,6
3.38,-4.09,75.3,6
3.74,-5.088,76.8,6
2.89,-5.245,53.9,6
3.25,-4.645,65,6
4.88,-3.977,92.9,6
2.92,-5.849,73.3,6
24.5,-7.966,89.9,6
3.49,-8.572,33.2,6
10.1,-11.052,98,6
6.97,-7.773,88.9,6
2.76,-7.201,54.5,6
4.31,-7.74,63.1,6
3.35,-6.537,54.6,6
3.41,-3.923,81.3,6
4.04,-3.894,31.3,6
17.7,-8.101,83.7,6
9.63,-6.527,78.2,6
3.17,-8.347,60.8,6
4.34,-5.134,73.1,6
5.21,-5.956,54.2,6
3.83,-6.003,36.5,6
5.04,-8.019,61.5,6
3.83,-5.149,62.1,6
4.45,-4.892,72.2,6
5.91,-5.641,87.8,6
36,-8.64,67.3,6
9.02,-8.983,71.9,6
2.36,-6.251,64.7,6
9.63,-2.988,76.7,6
4.43,-5.712,50.8,6
3.11,-11.192,53.4,6
11.9,-7.858,78,6
13.5,-4.578,73.4,6
2.85,-8.002,70.1,6
3.99,-12.272,40.4,6
3.32,-9.477,62.7,6
2.92,-4.396,65.3,6
6.37,-2.757,49.4,6
3.11,-5.673,47.3,6
4.6,-5.478,65.5,6
3.49,-10.801,61.1,6
3.12,-6.749,57.7,6
4.54,-5.799,67.5,6
2.74,-11.856,68.4,6
4.14,-4.973,70,6
3.11,-12.613,65.7,6
2.89,-12.696,54.9,6
4.25,-5.316,81.4,6
8.44,-16.147,54.9,6
3.4,-9.483,36,6
10.9,-7.013,81.6,6
13.3,-6.143,83.4,6
2.78,-9.72,59.6,6
3.4,-5.833,44.7,6
3.68,-5.631,66.7,6
21.5,-6.459,52.2,6
3.77,-8.706,74,6
13.5,-8.765,72.6,6
6.98,-7.565,49.1,6
23.7,-10.161,81.5,6
8.22,-8.589,61.3,6
4.26,-6.185,75.4,6
20,-9.555,91.2,6
5,-12.215,54.6,6
49.1,-11.542,83.3,6
5.26,-5.927,54.3,6
3.72,-3.933,74.4,6
4.24,-4.466,58.5,6
4.54,-11.122,53.7,6
4.63,-8.693,67.6,6
23.5,-8.044,85.5,6
4.11,-5.401,56.8,6
7.52,-4.385,75.1,6
4.11,-6.647,70.2,6
3.85,-6.243,68.3,6
2.76,-6.073,62.5,6
5.01,-16.28,41.4,6
2.73,-5.31,49.7,6
8.49,-5.981,89.6,6
3.32,-8.68,50.9,6
4.57,-4.772,71,6
9.39,-6.599,72.7,6
24.1,-6.1,91.4,6
6.21,-4.094,67.6,6
9.02,-8.983,71.9,6
3.24,-7.994,79.6,6
6.76,-6.09,73.6,6
5.85,-7.936,72.3,6
3.2,-7.863,62.9,6
21.8,-6.463,54.2,6
3.69,-9.803,68.1,6
7.59,-10.829,81.8,6
2.59,-7.068,78.8,6
11.8,-3.207,54.7,6
3.02,-6.475,51.8,6
3.09,-11.879,33.8,6
4.95,-3.313,67,6
4.63,-9.199,48.9,6
4.79,-3.667,77.2,6
4.49,-6.023,50.7,6
3.6,-8.376,51.2,6
2.74,-3.374,53.7,6
3,-8.455,51.4,6
8.19,-3.637,82.2,6
4.17,-7.206,69.1,6
30.8,-4.818,76.3,6
4.09,-5.307,64.7,6
24.5,-7.966,89.9,6
4.27,-6.947,59.5,6
15.2,-6.682,61,6
2.99,-5.851,64.1,6
47.2,-7.3,85.7,6
4.16,-4.72,48.4,6
3.51,-11.81,64.7,6
18.9,-7.744,51.3,6
4.6,-5.478,65.5,6
14.9,-5.335,69.4,6
6.01,-10.247,76.6,6
3.3,-5.283,29.8,6
3.24,-7.994,79.6,6
2.47,-5.855,66.9,6
2.71,-7.332,54.3,6
13.4,-8.009,68.6,6
3.21,-9.016,58.5,6
6.57,-16.551,59.4,6
13.3,-9.72,39.5,6
26.9,-6.044,86.8,6
9.24,-6.4,82.4,6
4.36,-6.362,64.3,6
35.9,-7.882,95.7,6
2.85,-8.167,71.1,6
5.48,-11.148,65.2,6
3.52,-15.049,45.9,6
14.3,-9.695,78.1,6
3.71,-7.097,68.1,6
2.86,-4.456,36.1,6
3.21,-10.788,56.4,6
7.83,-7.095,76,6
4.19,-5.808,66.6,6
4.73,-10.217,66.7,6
32.3,-11.078,85.1,6
3.1,-6.308,57.4,6
37.5,-10.965,70.1,6
6.02,-5.68,81.4,6
8.55,-3.941,70.1,6
3.38,-5.23,51,6
2.82,-6.345,61.5,6
33.9,-6.062,68.2,6
3.21,-8.161,35.2,6
13.1,-2.982,73.7,6
3.23,-6.098,80.1,6
33.5,-5.703,86.2,6
4.14,-4.37,39.7,6
7.28,-2.666,52.7,6
3.66,-7.694,41.9,6
3.61,-7.832,68.9,6
3.73,-9.855,66.4,6
6.42,-5.022,47.8,6
25.7,-5.275,85.7,6
2.91,-3.713,69.6,6
4.54,-10.708,53.3,6
6.44,-1.946,39,6
13.5,-6.319,79,6
5.03,-10.955,55.5,6
3.71,-6.932,86.5,6
6.36,-7.164,90.7,6
3.72,-9.214,42.2,6
36.8,-5.019,89.7,6
4.54,-6.41,62.8,6
10.9,-2.896,76.1,6
3.73,-9.147,71.8,6
15.6,-4.1,81.8,6
3.34,-5.782,61.9,6
9.62,-5.915,60.7,6
4.35,-2.512,72.3,6
12.2,-7.355,71.6,6
12.4,-6.499,74.8,6
8.48,-6.127,80.2,6
3.28,-8.555,65.4,6
30.9,-6.973,89.7,6
6.87,-4.176,48.4,6
6.76,-10.336,72.2,6
4.06,-5.988,68.8,6
4.39,-7.805,63.8,6
3.67,-6.945,58.8,6
5.04,-5.313,70.6,6
3.72,-6.924,64.8,6
3.25,-12.437,52.3,6
13.6,-10.765,81.8,6
7.96,-7.949,69.2,6
18.2,-7.135,77.8,6
5.26,-6.412,63,6
11.3,-3.891,49.2,6
3.21,-9.016,58.5,6
8.05,-4.154,29.2,6
4.01,-7.644,63.2,6
13.9,-8.244,54,6
3.52,-6.308,57.3,6
11.4,-6.613,31.3,6
13.4,-9.488,66.8,6
9.75,-1.829,73.2,6
14.7,-6.997,60.9,6
47.3,-6.985,64.4,6
42,-6.831,64.7,6
21.8,-5.057,60.9,6
4.89,-7.317,83.3,6
2.48,-4.285,51.5,6
6.04,-7.989,76.1,6
4.33,-8.211,43.2,6
3.92,-9.687,57.9,6
5.56,-4.972,70.1,6
3.04,-8.146,71.1,6
3.14,-4.141,47.1,6
3.42,-6.583,50,6
3.35,-6.672,53,6
31.3,-8.422,66.1,6
3.46,-8.112,68.1,6
9.14,-5,43.1,6
3.5,-8.013,62.6,6
9.24,-6.4,82.4,6
39.1,-4.343,76.1,6
20.4,-5.052,55.6,6
3.38,-7.817,64.3,6
3.27,-9.008,33,6
13.4,-8.053,72.8,6
3.53,-6.953,40.9,6
3.07,-4.166,50.3,6
6.33,-5.421,87.3,6
5.85,-8.763,53.4,6
14.1,-6.091,82.6,6
3.97,-3.764,67.2,6
7.35,-3.677,51.7,6
24.5,-6.297,71.9,6
3.1,-6.46,62.5,6
22,-8.342,56.8,6
3.6,-6.298,77.3,6
2.79,-4.718,67,6
8.05,-3.126,45.9,6
8.15,-6.892,46.7,6
2.74,-5.815,65.3,6
5.23,-6.335,71.1,6
5.21,-4.054,51.7,6
3.93,-7.964,65,6
4.28,-11.053,60.4,6
2.86,-3.541,76.2,6
13.8,-4.956,76.9,6
4.91,-6.241,67.3,6
18.3,-4.662,64.7,6
14,-5.743,73.8,6
5.3,-5.661,52.1,6
3.02,-6.184,51.6,6
11.2,-5.603,66.9,6
21.3,-5.995,95.6,6
4.9,-3.742,70.8,6
4.11,-6.816,54.1,6
9.48,-5.187,75.9,6
5.08,-9.01,38.9,6
25.4,-5.283,75.4,6
5.56,-4.972,70.1,6
3.67,-8.388,45.2,6
61.9,-9.229,58.2,6
3.39,-9.303,63,6
3.87,-6.014,68.9,6
3.65,-6.461,71.2,6
3.61,-9.585,72.2,6
3.14,-4.95,59.9,6
9.48,-5.187,75.9,6
3.47,-4.813,55.1,6
22.9,-10.809,68.9,6
3.3,-12.692,67.6,6
5.2,-6.141,82.7,6
3.53,-11.655,68.5,6
8.27,-4.952,55.5,6
7,-6.872,58.1,6
13.7,-2.066,69.4,6
3.26,-4.957,65.9,6
2.47,-6.664,53.3,6
5.9,-4.528,63.3,6
2.74,-4.05,74.7,6
5.4,-6.798,55.1,6
4.81,-6.242,57.1,6
4.64,-5.303,56.6,6
3.81,-7.403,61.7,6
3.57,-7.887,64.5,6
11.9,-2.442,58.6,6
7.9,-6.142,80,6
4.14,-5.952,45.3,6
3.15,-11.392,56.1,6
4.43,-8.967,55.6,6
5.09,-11.036,70.6,6
5.43,-5.202,59.4,6
5.21,-4.054,51.7,6
14.2,-7.525,88.8,6
7.33,-11.542,71.7,6
53.9,-13.825,69.6,6
3.6,-4.14,67.3,6
4.98,-6.825,74.5,6
3.62,-8.441,32.9,6
3.76,-7.594,41.2,6
2.44,-5.998,57.5,6
4.52,-3.912,78.1,6
4.69,-7.193,74.9,6
6,-11.392,55.1,6
3.52,-6.308,57.3,6
4.03,-4.77,72.1,6
12,-6.194,76.3,6
4.62,-6.365,65.7,6
11,-5.311,87,6
5.15,-7.799,68.7,6
3.55,-4.123,70.6,6
2.54,-5.474,61.4,6
3.39,-8.973,52.9,6
16.4,-7.564,50.3,6
8.42,-10.873,71.4,6
3.62,-7.844,73.9,6
16,-11.714,84,6
5.17,-4.59,35.9,6
4.99,-6.261,50,6
6.57,-5.181,62.5,6
3.72,-4.125,48.2,6
7.13,-4.719,60.9,6
6.22,-6.769,76.3,6
9.68,-7.251,57.9,6
3.38,-3.802,74,6
4.46,-3.887,77.9,6
10.7,-4.732,82.5,6
7.7,-7.481,65.3,6
8.62,-5.224,63.4,6
3.87,-6.44,71.8,6
4.7,-5.206,71.2,6
8.97,-9.758,75.3,6
3.02,-6.176,62,6
13.1,-6.164,63,6
3.65,-8.267,53.6,6
3,-11.941,28,6
18.2,-8.804,87,6
3.08,-9.684,61.6,6
4.39,-4.786,64.2,6
3.31,-7.911,69.6,6
7.78,-5.588,70.2,6
3.34,-5.701,66.8,6
15.1,-7.186,68,6
6.03,-7.867,60.6,6
3.36,-4.589,85.5,6
8.05,-6.919,73.1,6
4.11,-10.846,58.6,6
8.66,-5.377,87.6,6
12,-6.243,63.1,6
16.4,-7.956,74.6,6
4.96,-5.694,66.8,6
4.96,-6.363,68.8,6
23,-7.136,71.1,6
4.66,-10.454,44.8,6
3.29,-4.586,73.9,6
8.98,-10.706,63.8,6
5.38,-4.259,59.4,6
3.8,-6.513,37.8,6
3.56,-8.179,69.2,6
6.88,-10.176,71.8,6
11.7,-3.788,69.1,6
6.2,-4.023,60.3,6
3.94,-6.582,62,6
5.66,-2.441,77.5,6
4.56,-4.235,68.9,6
5.08,-3.262,68.4,6
10.8,-4.573,75.8,6
3.59,-5.389,50.3,6
9.23,-6.159,65.6,6
3.32,-7.436,63.3,6
26.1,-8.782,88.9,6
10.2,-4.929,50.9,6
11.3,-4.436,80.8,6
2.99,-9.55,59.9,6
3.86,-6.994,67.8,6
5.91,-5.641,87.8,6
3.06,-8.181,20.7,6
2.85,-7.788,60.2,6
4.29,-4.518,67.3,6
12.8,-8.485,53.4,6
5.4,-5.191,77.7,6
3.35,-7.429,69.7,6
4.33,-5.853,49.7,6
5.21,-7.216,83.8,6
4.72,-4.525,31.7,6
2.79,-5.046,36.3,6
2.83,-3.629,70,6
17,-8.458,96.5,6
9.78,-7.366,34.8,6
4.39,-10.607,44,6
5.23,-5.697,53.2,6
18.8,-9.432,57.5,6
2.97,-5.699,67.2,6
5.44,-7.09,59.2,6
21.2,-9.502,58.8,6
17,-9.195,39.2,6
12.6,-4.936,73.1,6
3.75,-9.741,73,6
6.44,-1.353,61.1,6
10,-6.179,83.8,6
2.95,-7.272,50.9,6
35.9,-6.773,84.5,6
10.2,-4.878,59.5,6
3.99,-3.411,51.7,6
28.2,-6.128,88.5,6
3.02,-6.353,53.4,6
2.78,-5.16,33.3,6
7.56,-7.914,67.7,6
43,-10.63,71.4,6
3.62,-7.886,54.1,6
3.19,-5.105,60,6
4.68,-8.909,87.2,6
3.57,-7.03,52.6,6
6.01,-8.761,58.5,6
3.15,-6.94,50.9,6
4.58,-7.629,67.3,6
4.97,-4.207,61.7,6
6.05,-8.903,83.2,6
3.64,-8.47,71.9,6
2.86,-3.541,76.2,6
13.7,-9.137,61,6
4.83,-3.675,67.6,6
7.89,-5.562,96.7,6
5.87,-5.735,33.8,6
3,-6.695,75.6,6
3.2,-5.177,45.7,6
3.81,-6.054,66.9,6
6.42,-9.482,81.3,6
20.4,-6.844,39.8,6
22.2,-5.242,71.8,6
3.08,-12.778,48.7,6
6.29,-10.385,66.3,6
4.15,-8.659,59.8,6
6.3,-6.173,65.1,6
14.5,-3.382,60.1,6
15.9,-8.153,43.6,6
3.45,-5.143,45,6
3.65,-9.315,76.7,6
5.66,-6.976,66.1,6
3.06,-6.641,54.3,6
2.62,-4.975,65.6,6
23.7,-6.857,89.6,6
9.08,-4.881,59.4,6
4.15,-8.834,77.8,6
6.35,-5.928,57.5,6
4.14,-3.468,66.2,6
2.9,-4.649,47.2,6
3.57,-12.478,72.5,6
11.7,-7.187,68.3,6
2.65,-8.785,48.9,6
3.29,-7.193,78.6,6
13.5,-13.26,59.6,6
5.86,-7.208,67.9,6
5.79,-12.52,54.8,6
3.48,-4.262,63.9,6
3.15,-6.94,50.9,6
3.44,-8.855,73.3,6
3.11,-10.454,70.9,6
48.7,-6.914,74.2,6
8.79,-5.535,52.3,6
6.71,-6.673,68.4,6
28.7,-5.802,68.6,6
12.1,-5.616,58.4,6
3.68,-6.635,68.7,6
7.93,-8.634,86.1,6
2.81,-7.694,71.9,6
3.86,-4.912,42.4,6
3.55,-9.343,40.6,6
5.44,-6.576,59.2,6
25.7,-12.167,74.2,6
6.81,-10.773,63.2,6
11.9,-6.181,67.7,6
3.35,-11.884,69.2,6
3.77,-6.496,73.4,6
4.95,-3.904,62.5,6
10.8,-4.767,81.7,6
3.79,-7.846,84.1,6
5.02,-7.309,78.3,6
3.16,-9.342,38.9,6
4.99,-11.116,73.4,6
3.99,-5.992,78.5,6
3.66,-6.134,86.1,6
6.23,-3.812,75.2,6
10.2,-5.56,87.8,6
7.57,-8.737,74.3,6
7.11,-12.132,45.8,6
3.02,-4.287,58.6,6
10.2,-5.164,76.9,6
11.3,-6.612,36.3,6
14.8,-6.183,77.7,6
8.73,-7.603,77.2,6
23,-8.394,81.3,6
5.08,-8.699,48.9,6
5.4,-4.281,61.6,6
4.85,-9.874,34.6,6
3.18,-9.016,43.6,6
3.29,-4.579,65.3,6
9.25,-6.803,48.5,6
4.06,-5.928,58,6
22.1,-7.638,95.3,6
6.95,-5.13,42.3,6
5.46,-9.22,77.9,6
2.74,-8.347,73.2,6
4.05,-10.288,62.9,6
3.65,-4.581,72.2,6
12.1,-6.854,84.8,6
2.67,-5.93,50.7,6
2.92,-8.464,50.6,6
2.82,-6.534,61.3,6
8.05,-6.919,73.1,6
3.3,-3.528,76.4,6
4.61,-5.814,47.2,6
10.2,-7.358,68.6,6
5.19,-10.328,63.8,6
26.2,-7.437,76.7,6
5.17,-5.446,77.4,6
3.01,-9.182,68.2,6
2.73,-8.153,39.2,6
7.39,-5.691,75.7,6
2.99,-12.864,38.1,6
3.56,-6.492,57.8,6
3.58,-6.504,47.1,6
13.8,-8.974,46,6
13.3,-4.869,65.4,6
3.95,-8.639,47.3,6
32.4,-5.7,64.1,6
7.63,-3.086,60.7,6
7.31,-4.373,73.8,6
3.68,-6.635,68.7,6
6.48,-10.119,62.1,6
4.6,-4.281,69.8,6
3.67,-7.454,85.5,6
9.35,-9.051,49.1,6
6.19,-4.488,85.1,6
7.39,-5.691,75.7,6
15.9,-5.46,67.7,6
30.9,-4.402,78.3,6
6.06,-4.147,75.3,6
4.65,-8.667,58.6,6
21.9,-9.665,98,6
4.14,-8.336,66.5,6
4.33,-5.853,49.7,6
4.34,-6.123,65.2,6
4.23,-4.245,59.5,6
3.9,-8.956,75.9,6
4.37,-5.562,45.6,6
2.99,-7.93,77.3,6
6.29,-5.464,79.1,6
4.65,-4.209,54.8,6
9.13,-6.865,77.8,6
3.88,-8.123,40.3,6
4.64,-3.394,72.3,6
8.07,-9.008,40.1,6
4.71,-6.732,64.9,6
28.2,-7.482,59.7,6
3.71,-6.98,75.2,6
4.09,-5.972,55.3,6
8.73,-7.603,77.2,6
2.61,-10.216,68.6,6
3.05,-9.058,60.1,6
6.82,-9.753,66.8,6
3.15,-6.94,50.9,6
13.6,-4.12,84,6
6.37,-7.536,54.4,6
3.56,-5.776,43,6
4.43,-7.226,75.9,6
4.53,-4.292,70.3,6
9.23,-6.159,65.6,6
40,-6.515,61.5,6
6.82,-9.753,66.8,6
30.5,-11.127,80.4,6
4.58,-3.124,71.6,6
6.26,-11.966,49.5,6
5.47,-10.236,66.2,6
5.51,-12.151,75.1,6
4.63,-7.23,59.8,6
3.91,-6.113,81.8,6
3.84,-6.254,83.1,6
4.39,-7.805,63.8,6
27.7,-5.405,83.5,6
12.9,-6.682,67.7,6
4.84,-6.646,26.2,6
21.4,-11.611,59.8,6
3.65,-6.18,78.8,6
30.1,-5.971,41.4,6
5.86,-9.163,57.9,6
2.58,-7.71,57.6,6
5.99,-12.372,41.7,6
4.41,-12.603,45,6
7.34,-4.647,60,6
4.83,-6.093,70.5,6
3.97,-11.599,57.9,6
10.4,-13.577,62.8,6
4.41,-12.5,51,6
4.36,-6.309,73.7,6
3.03,-7.271,70.5,6
3.29,-4.476,73.5,6
3.51,-11.81,64.7,6
4.72,-4.466,54.8,6
4.68,-7.115,77.7,6
5.68,-3.153,66.5,6
3.41,-8.718,59.7,6
8.2,-3.193,88.2,6
3.39,-4.788,50.6,6
5.49,-17.072,34.7,6
5.82,-11.471,82.2,6
7.3,-5.015,77.1,6
28.2,-7.482,59.7,6
3.22,-4.168,72,6
24.4,-4.667,50.4,6
4.18,-6.658,59.7,6
5.38,-10.778,39.9,6
12,-6.194,76.3,6
9.69,-7.136,70.4,6
24,-6.094,79.9,6
3.34,-3.131,78.8,6
4.85,-4.924,79.3,6
4.21,-6.272,62.4,6
10.5,-3.341,51,6
3.08,-4.631,67.5,6
16.5,-5.384,64.7,6
4.58,-5.594,87.1,6
9.93,-4.41,74.6,6
13.3,-4.672,70.3,6
14.9,-3.913,75.5,6
3.26,-8.27,30.9,6
9.71,-8.163,59.7,6
7.9,-6.142,80,6
3.2,-6.684,42.1,6
7.98,-7.643,76.9,6
3.05,-8.549,31.8,6
17.3,-4.042,54.6,6
3.12,-4.48,68.9,6
5.26,-7.856,43.5,6
3.73,-9.855,66.4,6
4.39,-5.221,68.5,6
7.62,-4.683,66.2,6
7.26,-8.374,53.1,6
3.44,-7.898,67.1,6
3.5,-6.13,63.8,6
3.67,-9.315,53.6,6
3.21,-10.788,56.4,6
8.38,-4.589,70.1,6
4.76,-4.955,44.4,6
2.77,-12.774,55.2,6
3.49,-12.634,62.7,6
11.1,-4.051,79.2,6
4.4,-5.111,56.2,6
3.21,-4.391,57.2,6
4.06,-8.459,43.5,6
4.43,-6.213,60.5,6
2.99,-4.528,61.1,6
3.46,-5.89,80.1,6
3.4,-9.83,44.7,6
8.07,-14.007,63.4,6
5.11,-6.776,46.3,6
3.32,-4.772,60.1,6
5.9,-7.398,35.8,6
6,-9.553,66.9,6
15.1,-8.783,87.8,6
5.44,-6.631,81.3,6
4.94,-2.981,77,6
15.1,-3.648,38.7,6
3.53,-6.953,40.9,6
12,-5.606,47.1,6
4.16,-5.576,57.3,6
29,-5.258,74.5,6
4.41,-3.429,69.5,6
4.97,-8.669,74,6
8.62,-5.224,63.4,6
5.06,-5.976,80.5,6
3.92,-4.673,83.6,6
4.15,-8.484,53.4,6
4.39,-5.221,68.5,6
13,-8.875,83.1,6
2.95,-6.345,68.9,6
9.39,-6.599,72.7,6
3.97,-8.036,59.7,6
2.76,-9.744,82.8,6
5.03,-7.47,54.9,6
5.17,-4.2,88.8,6
2.97,-5.363,54.7,6
3.89,-12.43,67.1,6
3.71,-14.216,85.9,6
7.62,-4.696,52.3,6
10.2,-4.835,81.7,6
3.03,-9.434,68.5,6
2.86,-3.541,76.2,6
3.2,-9.684,37,6
5.3,-4.277,79.5,6
3.11,-12.699,37.8,6
4.6,-5.478,65.5,6
3.94,-3.763,63.1,6
4.32,-9.087,46.3,6
3.27,-10.644,66.6,6
6.92,-5.959,43.2,6
6.57,-7.085,66.3,6
14.7,-6.001,87.6,6
3.47,-13.202,40.6,6
7.38,-2.97,50.4,6
3.33,-7.301,35.7,6
7.2,-10.277,83.4,6
3.1,-8.008,51.6,6
2.86,-9.194,51.7,6
2.76,-5.151,63.4,6
2.67,-7.45,42.3,6
5.71,-5.903,69.5,6
15.2,-6.682,61,6
3.71,-5.243,58.5,6
3.69,-9.248,69.8,6
4.28,-4.926,66.4,6
4.21,-6.174,63.4,6
10.2,-5.81,84.7,6
7.41,-6.98,74.9,6
4.15,-4.995,69.1,6
2.84,-5.087,54.8,6
3.35,-5.054,52.8,6
10.8,-6.094,61.5,6
4.48,-7.482,69.3,6
3.87,-6.014,68.9,6
8.91,-4.9,38.5,6
16.3,-6.242,74,6
4.75,-4.537,65.8,6
6.12,-4.255,63,6
13.3,-6.143,83.4,6
4.21,-3.583,71.1,6
4.54,-5.642,44.1,6
38,-6.327,78.1,6
5.17,-4.2,88.8,6
6.02,-5.68,81.4,6
4.72,-4.257,61.5,6
4.02,-5.835,62,6
5.21,-6.269,66,6
12.1,-6.298,92.7,6
36.8,-5.019,89.7,6
37.1,-6.62,65.8,6
2.71,-7.428,64,6
2.83,-3.629,70,6
26,-5.224,90.4,6
10.2,-9.43,85.1,6
3.17,-6.769,61.7,6
2.76,-7.575,61.3,6
3.07,-7.747,43.7,6
14.6,-3.706,64.5,6
3.94,-5.991,78.1,6
2.97,-7.219,56.2,6
4.96,-4.716,69.2,6
3.05,-4.463,75.5,6
13.7,-5.925,64.5,6
2.78,-11.246,57.6,6
6,-4.728,39.6,6
7.2,-10.412,46,6
3.09,-3.98,68.3,6
15.6,-4.168,75.1,6
2.81,-8.251,55.6,6
2.73,-8.231,56.8,6
4.29,-2.97,70.2,6
5.81,-4.904,33.3,6
12.4,-2.335,55.2,6
3.01,-4.754,52.3,6
3.05,-9.058,60.1,6
3.24,-12.551,72.6,6
3.87,-7.097,70.7,6
4.87,-2.666,71.6,6
3.01,-5.284,83.1,6
2.63,-8.337,69,6
8.4,-6.814,79.9,6
3.99,-7.578,63.9,6
3.03,-7.015,37.1,6
3.97,-5.084,55,6
6.76,-4.612,65.4,6
9.36,-9.005,88.5,6
4.19,-10.32,62.4,6
3.02,-5.846,48.8,6
4.59,-3.267,80.2,6
6.26,-11.966,49.5,6
7.44,-4.845,65.4,6
3.95,-8.467,56.1,6
9,-7.764,78,6
9.11,-5.143,75.7,6
5.39,-5.074,68.2,6
4.23,-6.068,56.2,6
5.92,-4.059,81.8,6
5.94,-5.136,42.9,6
5.03,-11.95,77.8,6
3.92,-11.245,56,6
2.99,-6.502,56.7,6
7.07,-12.477,91.3,6
2.86,-6.81,57.5,6
5.68,-6.505,59,6
3.35,-11.884,69.2,6
37.6,-5.995,76.7,6
2.79,-8.545,62.5,6
12.7,-9.783,71,6
3.5,-6.897,59.9,6
8.34,-3.472,69.7,6
3.7,-9.51,31.9,6
2.94,-13.153,66.3,6
17.3,-6.766,77.8,6
14.6,-5.117,58.6,6
2.97,-7.219,56.2,6
2.99,-10.98,61.8,6
3.44,-5.99,68.7,6
6.68,-3.341,60.3,6
48.7,-10.162,88.8,6
3.54,-5.829,69.4,6
11.6,-7.236,43.9,6
25.3,-6.403,58.4,6
3.86,-3.344,73.7,6
3.17,-6.219,57.2,6
2.8,-9.253,63,6
6,-11.212,48,6
3.89,-5.069,56.6,6
3.15,-4.528,62.1,6
7.7,-4.192,55.2,6
3.95,-4.048,57.7,6
3.59,-3.218,77.5,6
3.31,-5.874,60.2,6
9.11,-9.212,65.7,6
5.58,-8.364,57.6,6
6.47,-6.149,53.9,6
2.99,-7.357,66.2,6
16.1,-4.794,79.9,6
3.65,-4.456,58.1,6
7.62,-4.696,52.3,6
3.38,-7.817,64.3,6
3.67,-7.454,85.5,6
6.41,-6.938,61.8,6
3.99,-6.333,70.6,6
22.1,-6.902,56.5,6
3.16,-5.99,55.6,6
4.24,-7.96,71.4,6
5.57,-5.106,53.3,6
3.82,-5.586,69.7,6
13.3,-7.992,48,6
5,-9.389,66.7,6
5.98,-5.934,51.4,6
44.7,-4.907,59.4,6
2.93,-9.335,69.9,6
11.7,-3.788,69.1,6
10.8,-4.233,63.8,6
4.21,-7.647,45,6
2.82,-12.729,45.1,6
3.19,-7.157,60.2,6
3.52,-4.354,57.3,6
6.45,-9.163,75,6
10.8,-6.989,50.6,6
4.54,-11.122,53.7,6
10.4,-9.145,65,6
3.78,-8.813,88.5,6
7.81,-8.984,75.9,6
4.96,-5.357,88.5,6
3.63,-9.558,58.6,6
3.19,-7.061,79.8,6
3.59,-4.619,66,6
6.32,-3.769,39.1,6
12.5,-3.224,63.5,6
5.32,-5.495,61.6,6
3.46,-6.187,74.7,6
4.15,-8.484,53.4,6
5.08,-8.699,48.9,6
11.9,-6.181,67.7,6
3.52,-11.964,56.7,6
5.77,-6.303,70,6
4.33,-5.853,49.7,6
4.02,-8.073,83.3,6
5.15,-7.063,58.5,6
12,-6.938,72,6
20,-9.358,88.7,6
11.7,-7.885,60.7,6
7.61,-7.868,57.4,6
14.9,-6.096,77.1,6
4.44,-7.666,48.3,6
3.44,-3.895,77.9,6
12,-6.243,63.1,6
15.1,-12.304,73.9,6
12,-4.528,76.5,6
10.1,-5.576,72.4,6
3.04,-6.249,57.4,6
3.24,-7.964,58.6,6
3.76,-10.547,57.4,6
3.66,-5.128,74.9,6
6.01,-3.787,70.2,6
13.7,-6.159,85.4,6
35.7,-8.043,88.3,6
4.45,-4.892,72.2,6
4.47,-8.337,47.1,6
6.01,-3.787,70.2,6
3.75,-4.254,67.1,6
3.24,-7.964,58.6,6
3.41,-4.593,67.1,6
3.14,-6.576,64,6
3.23,-9.003,56.9,6
5.39,-3.281,65,6
16.7,-1.854,94,6
3.57,-4.816,79.6,6
5.51,-4.341,68.7,6
13.4,-8.871,76.1,6
2.99,-7.873,69.8,6
6.1,-6.179,78.7,6
11.7,-11.197,77.3,6
4.46,-8.49,66.1,6
4.43,-7.226,75.9,6
23,-5.361,85.8,6
8.79,-7.828,66.2,6
6.16,-9.029,78.6,6
9.24,-6.4,82.4,6
3.35,-11.884,69.2,6
3.88,-8.871,63.3,6
3.73,-4.859,51.9,6
4.6,-4.205,62.8,6
3.67,-7.454,85.5,6
6.64,-6.346,63.9,6
6.82,-7.971,73.7,6
4.89,-2.409,59.4,6
11.9,-3.908,41.7,6
3.97,-3.764,67.2,6
61.9,-9.229,58.2,6
3.74,-5.749,57.8,6
3.11,-5.665,45.6,6
4.23,-4.245,59.5,6
3.17,-4.806,66.4,6
4.23,-7.147,71.5,6
4.23,-4.245,59.5,6
11.6,-7.236,43.9,6
3.74,-5.749,57.8,6
5.46,-10.065,70.9,6
5.91,-8.193,60.3,6
6.67,-4.97,84.7,6
6.18,-6.928,87.2,6
41.2,-5.958,66.1,6
4.04,-8.379,71.4,6
2.92,-5.857,46,6
3.92,-9.687,57.9,6
6,-2.603,58,6
8.79,-7.828,66.2,6
6.01,-3.787,70.2,6
4.98,-6.777,65.6,6
3.84,-6.254,83.1,6
2.65,-7.721,54.4,6
4.16,-8.624,61.5,6
5.79,-12.52,54.8,6
3.1,-11.687,67.4,6
3.52,-6.308,57.3,6
3.52,-6.774,38.6,6
3.3,-5.696,76.3,6
3.56,-6.364,45.7,6
3.25,-9.006,76.7,6
8.94,-9.039,70.5,6
3.61,-3.671,70.1,6
10.9,-3.942,57.3,6
35.3,-8.493,70.9,6
3.84,-9.066,70.5,6
4.16,-2.961,74.9,6
4.07,-3.8,68.4,6
4.29,-10.914,57.1,6
12.2,-9.504,67.4,6
7.7,-5.63,60.8,6
4.71,-6.056,54.4,6
2.87,-10.625,50.3,6
5.33,-13.093,80.4,6
3.26,-11.287,47.2,6
4.65,-3.852,74.8,6
2.78,-9.256,58.2,6
4.21,-6.185,65.9,6
9.49,-4.784,63.1,6
2.78,-5.305,61.9,6
13.7,-7.026,59.7,6
4.49,-6.023,50.7,6
3.67,-6.186,82.9,6
2.64,-7.728,71.5,6
3,-7.112,72.5,6
6.91,-2.879,25.1,6
2.95,-5.525,69.9,6
5.04,-3.262,64.1,6
3.79,-9.279,62.5,6
7.47,-5.23,35.2,6
9.62,-5.89,55.4,6
3.07,-8.961,71.2,6
3.27,-6.78,53.8,6
4.08,-12.823,53.5,6
6.01,-3.787,70.2,6
5.91,-5.082,58.1,6
3.39,-9.37,53.1,6
2.92,-6.257,65.5,6
3.47,-8.087,28.6,6
22.2,-3.944,83.4,6
5.44,-10.059,73.1,6
4.43,-7.226,75.9,6
4.52,-3.912,78.1,6
3.34,-5.961,57.9,6
9.93,-4.505,86.9,6
9.08,-9.561,71,6
3.09,-5.354,55.8,6
10.5,-5.601,52.3,6
4.58,-7.629,67.3,6
4.43,-6.743,31.1,6
3.53,-5.013,68.6,6
5.26,-6.412,63,6
11.8,-7.679,66.9,6
7.81,-5.958,78,6
7.77,-4.175,78.4,6
8.98,-4.465,70.9,6
8.16,-7.806,44.7,6
2.67,-5.569,54.6,6
28.6,-8.719,51.6,6
3.79,-4.08,64,6
13.3,-7.036,70.6,6
3.96,-11.377,80.9,6
8.07,-14.007,63.4,6
3.55,-9.343,40.6,6
3.06,-5.515,61.9,6
3.49,-14.575,39.2,6
3.47,-5.438,71,6
3.62,-5.588,54.9,6
3.46,-6.016,71.1,6
3.99,-2.125,77.9,6
20.1,-9.75,83.4,6
7.13,-4.719,60.9,6
5.62,-7.144,71.2,6
3.81,-8.05,64.2,6
4.36,-3.578,54.1,6
3.66,-8.356,78.2,6
5.03,-3.726,80.7,6
4.41,-11.739,55.4,6
4.89,-6.038,69.5,6
9.37,-10.007,72.7,6
6.82,-10.178,75,6
6.02,-5.68,81.4,6
34.5,-3.452,52,6
4.47,-3.435,59.8,6
8.64,-8.519,94.2,6
30.3,-4.758,59.8,6
5.17,-4.2,88.8,6
9.84,-6.024,74.4,6
21.2,-9.502,58.8,6
5.65,-6.678,82.4,6
33.4,-5.397,71.2,6
9.78,-7.366,34.8,6
20.4,-8.415,82.9,6
5.53,-5.617,77.1,6
7.84,-4.796,48.6,6
22.1,-8.512,86,6
3.78,-7.144,68,6
2.77,-7.431,58.9,6
2.44,-4.295,65,6
6.62,-7.44,34.6,6
4.38,-10.037,48.8,6
2.89,-2.663,71.4,6
4.27,-5.811,41.3,6
3.48,-7.589,41.5,6
4.17,-8.033,58.2,6
3.53,-3.534,72.6,6
7.11,-5.329,49.3,6
3.59,-7.294,78.1,6
6.81,-11.213,72.1,6
5.32,-1.957,75.5,6
7.56,-5.957,94.9,6
3.96,-7.728,78.7,6
2.74,-9.056,60,6
8.42,-10.873,71.4,6
4.59,-5.537,58,6
3.85,-7.544,72.9,6
4.57,-5.268,58.6,6
3.51,-11.803,42.9,6
26.7,-7.906,65.3,6
2.98,-4.9,55.2,6
17.4,-5.34,80.9,6
11.9,-10.74,84.5,6
4.31,-10.398,70,6
3.96,-6.602,41.7,6
3.93,-6.191,64,6
2.78,-6.208,62.9,6
13.6,-4.491,93.3,6
48,-6.769,60.1,6
4.37,-7.486,60.8,6
3.32,-8.68,50.9,6
2.62,-4.548,53.8,6
3.39,-6.12,59.3,6
4.23,-13.083,72.4,6
8.01,-6.998,69.3,6
3.69,-7.275,66.5,6
3.94,-8.211,70,6
6.84,-7.862,79.5,6
25.1,-4.543,61.7,6
4.14,-4.219,67.1,6
3.05,-15.969,43.8,6
6.08,-5.527,34.7,6
5.05,-7.012,88,6
43.1,-6.565,71.3,6
11.9,-8.488,63.1,6
2.86,-3.541,76.2,6
3.66,-4.877,74.5,6
20.6,-8.786,49.1,6
4.34,-7.448,55.1,6
3.22,-6.408,60.3,6
24.2,-6.862,78.9,6
3.1,-6.557,57.5,6
9.32,-4.349,80.2,6
3.65,-13.62,28.8,6
4.24,-7.475,64.8,6
3.19,-5.679,50.1,6
6.32,-4.88,61.5,6
3.85,-6.722,69.4,6
3.01,-7.36,59.6,6
13.4,-3.59,84.2,6
5.3,-8.786,85.4,6
3.52,-6.717,69.2,6
13,-10.572,54.4,6
4.45,-4.892,72.2,6
2.79,-7.322,48.3,6
3.56,-6.492,57.8,6
10.2,-4.878,59.5,6
4.2,-5.02,76.7,6
4.56,-4.211,64.2,6
3.12,-7.536,67.9,6
26.8,-4.74,89.3,6
4.34,-4.102,51.9,6
27.8,-4.251,69.1,6
6.1,-6.179,78.7,6
3.96,-4.879,81.5,6
2.94,-10.948,45.7,6
2.77,-6.519,66.4,6
3.16,-10.383,21.6,6
8.82,-6.339,79.6,6
3.67,-7.378,56.2,6
4.32,-7.951,40.9,6
4.24,-4.466,58.5,6
6.01,-10.71,54.3,6
3.41,-7.103,69.1,6
2.75,-8.577,52.2,6
4.96,-5.668,76.2,6
20.4,-5.052,55.6,6
2.81,-10.381,55.8,6
7.75,-7.392,75.2,6
52.2,-8.23,53.4,6
11.3,-5.731,80.8,6
4.17,-6.121,70.3,6
8.78,-7.11,69.8,6
3.01,-9.717,54.3,6
48.7,-10.162,88.8,6
3.59,-11.189,36.2,6
6.64,-7.616,57.3,6
4.02,-8.917,73.8,6
4.25,-15.558,46.6,6
6.01,-8.761,58.5,6
3.79,-10.056,61.2,6
9.39,-6.599,72.7,6
26.5,-11.869,74.5,6
3.78,-7.144,68,6
3.85,-11.84,46.2,6
4.37,-7.969,53.2,6
9.13,-6.865,77.8,6
2.75,-6.358,60.1,6
3.56,-5.665,55.9,6
31.1,-6.198,58.7,6
2.77,-8.166,34.2,6
5.59,-5.354,53.5,6
2.92,-6.257,65.5,6
3.77,-6.496,73.4,6
2.91,-5.883,58.9,6
25.1,-5.564,81.5,6
3.78,-7.309,50.2,6
3.98,-7.071,63.1,6
3.92,-13.395,67.6,6
3.25,-4.645,65,6
3.26,-3.215,71.9,6
2.99,-7.357,66.2,6
14.1,-7.042,75.8,6
5.66,-6.041,69.2,6
6.4,-2.844,77.4,6
2.96,-8.927,35.8,6
5.48,-4.695,59.8,6
9.43,-6.237,57.2,6
22.9,-10.809,68.9,6
5.08,-8.62,57.6,6
12.8,-3.984,46.2,6
8.91,-8.118,46.3,6
2.86,-3.541,76.2,6
3.61,-3.671,70.1,6
5.44,-7.09,59.2,6
10.2,-4.878,59.5,6
2.83,-4.866,71.2,6
3.05,-8.593,73.4,6
14.3,-6.571,76.1,6
4.63,-4.611,72.7,6
3.81,-8.173,68.2,6
2.73,-8.767,47.1,6
4.3,-3.106,69.6,6
2.72,-5.773,70.7,6
12,-6.194,76.3,6
5.01,-10.55,77.7,6
3.55,-5.731,51.7,6
7.26,-3.74,50,6
2.99,-5.077,80,6
3.87,-10.921,55.6,6
3.58,-6.504,47.1,6
9.13,-6.865,77.8,6
4.7,-3.823,44.7,6
3.3,-6.17,67.9,6
2.87,-7.987,59,6
3.94,-8.211,70,6
3.11,-5.123,49.5,6
3.13,-7.952,24.5,6
21.9,-6.037,57.6,6
6.62,-3.158,73.4,6
4.65,-4.209,54.8,6
6.41,-12.281,57.1,6
33.9,-9.997,40.3,6
4.36,-7.902,64.8,6
5.52,-8.95,75.8,6
4.4,-7.45,20.8,6
4.79,-3.667,77.2,6
3.53,-10.69,73.6,6
4.05,-6,56.1,6
2.87,-7.283,59.8,6
2.94,-3.263,46.8,6
4.22,-4.689,85.5,6
2.63,-3.442,63.6,6
7.26,-8.374,53.1,6
2.95,-5.656,58.9,6
3.17,-2.522,59.1,6
5.93,-10.418,46.1,6
16.5,-5.384,64.7,6
2.9,-5.548,62.2,6
6.52,-9.859,68.3,6
2.96,-5.384,64.9,6
11.3,-2.926,75.8,6
4.03,-11.742,63.4,6
8.05,-6.919,73.1,6
4.17,-7.639,76,6
3.14,-7.217,63.9,6
3.01,-5.425,57.5,6
3.69,-5.935,73.1,6
10.2,-3.614,59.8,6
16.5,-6.383,81.8,6
5.91,-5.641,87.8,6
5.09,-6.194,82.7,6
4.8,-5.797,59.8,6
18.8,-6.968,81.5,6
7.39,-5.691,75.7,6
3.2,-4.592,66,6
17.9,-5.463,37.3,6
3.09,-7.772,62.8,6
3.58,-6.504,47.1,6
5.2,-5.215,79.1,6
2.48,-7.021,58.3,6
3.4,-9.483,36,6
3.28,-6.975,53.3,6
16.9,-3.657,83.1,6
5.97,-2.292,60.8,6
2.92,-6.257,65.5,6
3.59,-10.076,67.3,6
3.77,-8.704,73.9,6
17,-9.195,39.2,6
3.93,-10.331,50.9,6
3.54,-5.829,69.4,6
2.68,-9.463,48.6,6
13.1,-4.419,84.1,6
2.68,-6.761,44.9,6
24.6,-6.446,39.3,6
2.77,-8.643,76.2,6
12,-6.938,72,6
5.59,-7.821,56.3,6
2.79,-6.439,67.8,6
2.79,-8.545,62.5,6
25.3,-7.621,75.2,6
2.87,-7.283,59.8,6
7.57,-8.737,74.3,6
3.15,-8.745,68.1,6
4.1,-4.248,78.9,6
4.39,-3.886,67.9,6
8.23,-10.154,37.9,6
7.13,-4.719,60.9,6
12.6,-3.424,82.4,6
7.81,-3.604,80,6
6.15,-5.765,53.6,6
10.5,-5.4,58.1,6
5.32,-4.521,30.6,6
15.9,-6.492,66.6,6
9.87,-4.016,70.3,6
11.8,-7.679,66.9,6
2.53,-4.614,67.5,6
6.25,-9.182,65.1,6
4.3,-7.795,68.9,6
11.9,-6.181,67.7,6
2.49,-8.111,48.7,6
2.72,-4.209,67.7,6
2.9,-6.298,62,6
2.97,-11.8,62.1,6
4.51,-6.788,64.1,6
3.46,-5.466,70.5,6
6.12,-3.68,64.2,6
20.8,-4.748,70.2,6
4.58,-4.695,66.2,6
40.9,-17.646,75.6,6
8.45,-5.491,72.9,6
2.61,-6.391,59.7,6
13,-6.602,30.6,6
20,-9.358,88.7,6
3.61,-3.671,70.1,6
7.39,-7.213,78.1,6
29,-8.34,90.8,6
4.57,-7.162,60,6
8.11,-3.895,64.9,6
28.9,-6.154,74.7,6
8.34,-3.472,69.7,6
4.29,-5.925,59.6,6
4,-8.532,44.5,6
3.97,-4.607,84.7,6
5.85,-8.763,53.4,6
5.67,-6.265,54.5,6
3.61,-5.59,69.3,6
8.36,-10.115,63.4,6
7.54,-11.548,68,6
20.9,-8.066,75.2,6
4.16,-4.72,48.4,6
2.73,-8.767,47.1,6
5.7,-7.828,83.2,6
4.25,-3.684,85.4,6
4.43,-5.334,53.1,6
2.74,-4.53,56,6
10.2,-7.36,64.3,6
4.14,-7.998,64.3,6
5.4,-5.994,45.8,6
4.47,-5.973,72.7,6
8.71,-12.047,72.1,6
2.91,-9.852,53.5,6
3.84,-9.793,75.4,6
2.88,-5.089,65.9,6
2.96,-9.585,33.2,6
9.16,-6.014,83.2,6
12.6,-3.424,82.4,6
6.33,-4.257,65.8,6
7.11,-4.49,59.8,6
3.96,-4.711,73.7,6
20.2,-3.547,89.6,6
11.3,-2.926,75.8,6
2.36,-5.935,57,6
17,-7.58,62.3,6
9.54,-15.863,86.2,6
4.14,-8.184,67.9,6
3.52,-7.036,75.6,6
6.94,-3.504,77.1,6
10.6,-5.525,77,6
4.18,-11.02,73,6
3.82,-6.89,80.3,6
10.8,-9.919,90.8,6
5.8,-5.012,79.7,6
3.53,-6.953,40.9,6
3.9,-4.879,71.7,6
50.5,-10.179,94,6
5.46,-7.209,76.4,6
2.59,-4.644,65.4,6
3.93,-6.944,57.7,6
4.12,-13.777,67.9,6
9.02,-8.983,71.9,6
8.83,-3.434,73,6
8.49,-5.195,71.4,6
3.45,-8.899,76.6,6
5.59,-10.224,63,6
23,-10.92,62.2,6
4.79,-3.667,77.2,6
4.01,-7.644,63.2,6
4.11,-5.228,80.8,6
4.59,-11.831,65.8,6
5.02,-13.043,72.1,6
12,-6.243,63.1,6
2.87,-7.987,59,6
42,-6.831,64.7,6
4.16,-4.72,48.4,6
6.23,-5.218,79.2,6
7.9,-11.178,90.7,6
2.54,-5.342,68.4,6
4.89,-7.317,83.3,6
2.68,-9.199,61.9,6
3.4,-9.483,36,6
14,-5.743,73.8,6
2.85,-5.638,78.9,6
5.15,-5.425,58.4,6
8.63,-3.654,50,6
23.2,-7.079,79.8,6
4.37,-6.995,64.4,6
4.99,-3.771,66.1,6
8.03,-2.623,74.7,6
6.7,-5.511,68.5,6
15.2,-6.682,61,6
5.31,-6.275,57.5,6
5.9,-6.374,58,6
6.01,-4.866,73.3,6
3.22,-11.901,33.6,6
6.82,-9.753,66.8,6
4.2,-5.497,52,6
8.07,-14.007,63.4,6
11.5,-5.82,57.8,6
2.96,-5.384,64.9,6
2.92,-5.365,60.5,6
14.1,-11.224,72.2,6
3.36,-6.688,54.1,6
6.57,-5.181,62.5,6
3.5,-6.897,59.9,6
4.36,-7.902,64.8,6
8.67,-4.473,75.5,6
2.72,-7.317,63.6,6
16.4,-6.924,81,6
3.46,-5.648,64.6,6
4.31,-4.438,66.1,6
10.3,-10.471,46.7,6
5.14,-9.119,33.1,6
7,-3.709,61.4,6
6.07,-11.047,91.7,6
3.3,-7.09,58.1,6
4.32,-7.951,40.9,6
4.48,-7.179,57.3,6
12,-5.439,40.9,6
10.9,-3.862,69.6,6
10.6,-8.164,67.2,6
3.55,-3.442,77.8,6
3.76,-7.594,41.2,6
6,-1.581,81.6,6
6.91,-2.906,75.7,6
40.9,-9.055,72.8,6
6.53,-6.359,88,6
5.15,-8.466,81.9,6
6.2,-5.119,62.5,6
4.22,-4.196,67.5,6
21.4,-10.346,65.8,6
2.62,-7.879,66.2,6
4.72,-4.257,61.5,6
4.58,-16.185,69.6,6
3.77,-3.894,79.4,6
11,-6,61.8,6
3.77,-3.894,79.4,6
2.86,-3.541,76.2,6
3,-5.144,66.5,6
4.18,-9.193,79.7,6
4.1,-10.61,36.5,6
4.19,-7.091,44.5,6
3.77,-9.8,63.9,6
5.52,-4.323,67.1,6
5.03,-6.775,87.2,6
3.01,-9.741,64.3,6
2.7,-5.483,71.3,6
3.11,-12.699,37.8,6
3.88,-8.123,40.3,6
3.2,-5.881,73.1,6
4.04,-5.901,85.1,6
4.88,-8.15,83.5,6
4.45,-8.125,72.4,6
3.67,-7.454,85.5,6
4.32,-7.34,75.4,6
5.84,-9.323,61.7,6
6.05,-4.987,74.8,6
3.73,-6.408,70.4,6
2.81,-4.331,44.7,6
3.57,-9.741,42.5,6
5.48,-6.604,55.4,6
2.89,-5.4,64.5,6
3.12,-4.48,68.9,6
3.87,-4.19,81.7,6
5.7,-4.77,83.6,6
3.64,-5.089,70.4,6
3.18,-10.068,65.3,6
5.45,-4.801,64.6,6
11.7,-8.995,69.7,6
3.5,-7.448,60.3,6
3.48,-4.262,63.9,6
8.39,-7.044,75.8,6
2.86,-9.348,73.2,6
3.49,-6.926,70,6
10.5,-3.025,92.2,6
6.78,-5.349,78.6,6
4.15,-5.561,60.7,6
3.84,-10.342,68.8,6
3.47,-8.603,25.4,6
3.85,-5.702,68.8,6
3.91,-5.866,68.2,6
30.1,-11.271,92.6,6
24.9,-8.473,40.5,6
3.19,-11.832,51.6,6
6.81,-11.213,72.1,6
5.06,-5.457,78.4,6
3.22,-3.972,64.8,6
7.28,-4.807,86.1,6
3.33,-7.301,35.7,6
5.22,-9.517,65,6
3.27,-8.787,43.5,6
3.44,-5.99,68.7,6
6.33,-4.257,65.8,6
6.59,-5.818,63.9,6
3.22,-8.043,60.3,6
3.05,-10.281,16.1,6
10.9,-9.215,88.6,6
3.52,-6.308,57.3,6
8.38,-4.589,70.1,6
