3.17,-9.451,45.7,909,160000,1,,,
3.99,-6.475,58.2,817,170000,1,,,
4.79,-2.023,52.5,976,6620000,1,,,
6.06,-5.985,21,870,14700,1,,,
16.4,-7.924,69.2,799,38800000,1,,,
2.91,-6.253,52.5,623,24700000,1,,,
6.94,-7.402,44.5,655,41800000,1,,,
2.98,-3.875,45.6,754,19500000,1,,,
8.33,-5.854,45.6,857,157000,1,,,
7.72,-4.353,45.6,961,28800,1,,,
3.68,-8.413,89.2,470,75000000,1,,,
2.88,-5.625,55.8,876,2440000,1,,,
4.07,-9.76,50.2,758,915000,1,,,
2.77,-8.9,59.5,714,378000,1,,,
9.46,-6.855,18,915,2240000,1,,,
2.98,-9.447,74,696,52400000,1,,,
11.1,-2.497,46.4,919,315000,1,,,
5.14,-7.34,65.1,801,12300000,1,,,
7.35,-6.136,52.5,922,16700,1,,,
2.88,-7.193,57.1,719,274000,1,,,
10.3,-7.574,37.3,755,411000,1,,,
3.17,-5.659,39.5,824,5160000,1,,,
26.2,-6.401,70.2,594,15700,1,,,
8.29,-9.788,83.3,450,8870000,1,,,
6.12,-5.024,45.9,931,126000,1,,,
6.17,-4.404,34.2,888,116000,1,,,
4.52,-9.799,60,593,72600000,1,,,
3.63,-5.969,56.7,914,1060000,1,,,
11,-14.296,80.1,346,95700000,1,,,
2.59,-6.706,60.4,594,75700000,1,,,
3.01,-7.481,54.2,531,330000,1,,,
3.34,-7.118,64.4,831,13800000,1,,,
3.16,-10.494,41.5,355,98500000,1,,,
12,-4.563,52.5,578,1320000,1,,,
8.98,-7.24,41.7,630,2090000,1,,,
4.92,-8.199,39.8,864,52300000,1,,,
6.94,-2.919,16.7,953,4720000,1,,,
5.13,-8.192,77.2,692,742000,1,,,
3.84,-3.501,57.5,904,141000,1,,,
5.94,-3.938,47.2,826,61700,1,,,
3.47,-14.722,65.3,337,87800000,1,,,
4.71,-11.342,74.9,547,14700000,1,,,
6.51,-6.147,46.9,902,617000,1,,,
12,-4.563,52.5,578,1320000,1,,,
4.38,-10.792,55.7,320,73900000,1,,,
3.46,-5.466,70.5,814,115000,1,,,
3.79,-17.167,16.2,112,95400000,1,,,
22.8,-3.369,60.3,946,33500,1,,,
3.22,-3.972,64.8,564,21600000,1,,,
4.14,-7.196,30.6,540,62500000,1,,,
3.68,-9.118,81.5,605,3300000,1,,,
4.13,-7.057,51.1,698,9580000,1,,,
4.95,-5.628,74.4,928,40900,1,,,
3.25,-12.437,52.3,760,10300000,1,,,
4.15,-4.57,47.2,925,30500,1,,,
5.12,-4.913,57.5,936,12800,1,,,
3.23,-7.479,58.4,590,53300000,1,,,
3.17,-6.261,72.4,603,18300000,1,,,
15.7,-3.382,40.6,961,17700,1,,,
5.61,-9.361,53.3,739,299000,1,,,
4.71,-8.871,45.5,841,1350000,1,,,
3.35,-7.813,23.7,658,13600000,1,,,
6.72,-6.345,22.4,889,1160000,1,,,
9.1,-6.865,52.9,743,378000,1,,,
6.15,-5.765,53.6,845,330000,1,,,
37.8,-6.509,44.7,544,46600000,1,,,
4.6,-13.283,71.6,330,19300000,1,,,
7.77,-3.752,25.2,872,912000,1,,,
8.23,-10.323,60.5,555,35700000,1,,,
6.01,-11.548,89.9,763,26200000,1,,,
3.46,-6.667,46.2,840,5050,1,,,
3.69,-12.814,15,211,79200000,1,,,
4.23,-9.172,44.7,568,47300000,1,,,
3.62,-7.113,37.5,661,2290,1,,,
3.65,-19.74,25.2,147,91100000,1,,,
6.54,-11.948,34.5,811,6060000,1,,,
2.99,-9.064,43.1,451,85800000,1,,,
4.91,-3.267,39.8,920,311000,1,,,
2.84,-9.848,56,399,12800000,1,,,
3.11,-4.551,59.5,696,4920000,1,,,
5.29,-21.903,27.7,45.6,98400000,1,,,
3.1,-12.442,58.9,274,30200000,1,,,
4,-11.265,83.3,716,53300000,1,,,
9.46,-6.855,18,915,2240000,1,,,
15.9,-5.407,51.3,956,381000,1,,,
4.5,-9.412,54,746,13000000,1,,,
9.21,-5.962,70.5,862,8840000,1,,,
15.9,-7.85,66.4,503,37700000,1,,,
5.22,-4.609,32.4,948,885,1,,,
5.96,-3.913,50.6,832,154000,1,,,
4.04,-5.19,66.9,932,7610000,1,,,
4.38,-6.135,60.4,808,1260000,1,,,
2.74,-11.1,51.5,491,86900000,1,,,
3.24,-12.034,65.2,515,23900000,1,,,
5,-7.348,66.4,535,46500000,1,,,
3.63,-6.074,43.5,510,16400000,1,,,
42.4,-7.438,67.7,772,30300000,1,,,
7.73,-5.593,55.2,898,7360000,1,,,
2.78,-9.068,56.6,663,9450000,1,,,
20,-10.452,87.5,630,76100000,1,,,
15.9,-5.407,51.3,956,381000,1,,,
2.98,-9.647,56.7,666,2440000,1,,,
3.58,-10.025,72.4,610,41300000,1,,,
4.03,-10.011,76.6,806,12400000,1,,,
3.74,-9.67,28.6,907,27700,1,,,
4.83,-8.334,82.5,569,6170000,1,,,
2.87,-8.684,55,765,476,1,,,
8.79,-5.14,27.5,933,6860,1,,,
4.27,-21.361,70.9,239,94600000,1,,,
3.81,-11.002,63.4,614,40400000,1,,,
4.05,-24.21,19.5,83.2,67300000,1,,,
4.02,-2.553,54.2,872,4950000,1,,,
4.27,-5.009,77.4,714,388000,1,,,
5.28,-2.945,35.9,802,687000,1,,,
4.19,-6.886,59.9,742,4880000,1,,,
3.31,-9.897,76.7,787,1630000,1,,,
3.57,-7.866,54.5,823,624000,1,,,
5.65,-6.406,80.1,637,16900000,1,,,
3.03,-7.066,56.8,829,21800000,1,,,
3.96,-8.97,54.5,365,13600000,1,,,
5.67,-9.387,48.8,775,4350000,1,,,
4.91,-5.436,71.7,577,70800000,1,,,
3.17,-6.261,72.4,603,18300000,1,,,
3.43,-10.196,47,913,6590,1,,,
24.3,-6.211,35.6,899,755000,1,,,
6.45,-4.818,76.1,797,12300000,1,,,
3.8,-19.867,30,194,94900000,1,,,
14.6,-4.33,28.9,841,582000,1,,,
12.8,-3.646,61.6,824,658000,1,,,
6.78,-9.31,68.8,737,7690000,1,,,
2.74,-5.815,65.3,875,976000,1,,,
4.94,-15.561,68.3,470,2680000,1,,,
4.13,-8.118,61.5,829,18100000,1,,,
8.6,-12.9,74.7,571,48000000,1,,,
4.17,-7.612,53.6,704,9320000,1,,,
21.9,-3.929,54.1,882,15800000,1,,,
4.51,-8.739,56.7,631,21600000,1,,,
3.05,-6.644,71.3,868,206000,1,,,
2.66,-9.083,59,608,20700000,1,,,
6.1,-4.881,16.7,921,14100,1,,,
6.09,-4.091,55.3,828,11000000,1,,,
3.18,-18.496,35.1,129,81900000,1,,,
2.4,-7.943,57.7,464,9790000,1,,,
3.8,-4.405,75.8,779,71700,1,,,
3.91,-7.748,46.6,763,5420000,1,,,
6.84,-5.994,49.3,711,496000,1,,,
2.85,-6.086,59.2,800,2250000,1,,,
2.91,-9.051,67.8,612,79300000,1,,,
3.36,-7.805,57.4,691,1420000,1,,,
6.63,-9.576,50.5,255,83100000,1,,,
3.19,-5.457,50.5,928,19300,1,,,
28.7,-9.144,53.5,605,51000000,1,,,
3.5,-14.665,10.6,116,93300000,1,,,
7.35,-8.007,40.3,614,118000,1,,,
7.55,-5.209,54.3,927,34200,1,,,
14.8,-5.434,42.8,938,1440000,1,,,
21.7,-3.686,37.7,976,10700,1,,,
5.48,-7.287,59.3,756,4540000,1,,,
3.12,-8.106,28,406,50700000,1,,,
15.5,-11.812,86.6,480,20600000,1,,,
4.92,-11.177,41.5,720,48100000,1,,,
4.22,-10.435,14,641,24300,1,,,
9.43,-6.237,57.2,747,13000000,1,,,
4.19,-29.161,41,12.3,99300000,1,,,
4.31,-18.188,7.65,52.1,82600000,1,,,
15.9,-5.407,51.3,956,381000,1,,,
6.97,-5.634,48.7,797,9370,1,,,
2.68,-10.322,64,486,56800000,1,,,
3.43,-9.965,22.6,585,12800000,1,,,
5.41,-9.103,39.3,649,69000000,1,,,
4.61,-6.745,41.5,782,110000,1,,,
3.15,-23.738,28.4,79.1,96700000,1,,,
2.99,-6.188,59.7,655,473000,1,,,
3.74,-7.516,64,663,20100000,1,,,
43.9,-10.473,77.7,693,24600000,1,,,
2.62,-4.797,61.8,662,280000,1,,,
5.45,-5.373,59.8,853,13200000,1,,,
5.81,-9.548,79.3,703,72600,1,,,
3.76,-12.045,47.8,366,40000000,1,,,
8.36,-4.851,49.7,970,9040,1,,,
3.9,-6.821,74,606,4970000,1,,,
2.94,-9.199,48.7,570,20400000,1,,,
6.55,-6.237,41,823,5540000,1,,,
4.03,-8.101,56.6,686,9780,1,,,
3.76,-12.97,16.6,391,86000000,1,,,
3.55,-6.126,68.5,669,72900000,1,,,
4.99,-6.706,37.8,724,323,1,,,
3.1,-5.13,68.7,630,5760000,1,,,
3.61,-5.559,59,762,5030000,1,,,
4.24,-6.242,55.1,885,21200000,1,,,
4.13,-5.443,76.4,759,903000,1,,,
35.7,-7.737,85.9,777,31400000,1,,,
3.26,-14.991,54.8,161,86100000,1,,,
3,-4.124,47.8,589,12100000,1,,,
3.51,-8.188,50.4,471,51800000,1,,,
2.79,-7.239,57.3,642,7340000,1,,,
2.64,-4.275,43.5,756,3240,1,,,
3.05,-10.624,40.1,295,87300000,1,,,
3.86,-3.902,49.9,873,468000,1,,,
3.32,-3.959,47.5,807,1360000,1,,,
14.3,-4.523,50.2,960,28800000,1,,,
3.87,-4.701,28.2,932,12000000,1,,,
3.97,-8.6,49.2,553,40600000,1,,,
30.9,-7.675,83.7,646,8510000,1,,,
4.89,-6.684,46.1,955,11100000,1,,,
3.74,-9.192,78,747,37600,1,,,
2.88,-7.73,60.3,443,53300000,1,,,
3.63,-5.54,55.3,740,9870000,1,,,
8.8,-12.612,77.2,435,3330000,1,,,
5.94,-7.863,56.5,769,1350000,1,,,
2.89,-7.029,61,895,1180000,1,,,
2.8,-5.298,42.4,830,30700,1,,,
3.62,-4.756,45.7,804,20600,1,,,
12,-4.352,80.3,510,23900000,1,,,
4.39,-13.407,53.6,808,5790000,1,,,
4,-10.615,65,600,2780000,1,,,
23.6,-4.18,68.7,541,9100000,1,,,
8.32,-5.494,39.1,958,18100,1,,,
2.92,-7.326,49.9,491,3110000,1,,,
2.56,-6.73,68.5,645,18200000,1,,,
2.95,-9.252,42.1,491,18200000,1,,,
6.44,-9.656,49.1,817,12900000,1,,,
4.46,-8.573,62.3,852,2410000,1,,,
3.44,-4.874,51.9,771,48000,1,,,
3.94,-4.557,48.1,956,465000,1,,,
5.62,-6.629,38.5,694,7040000,1,,,
3.95,-7.75,40.9,717,57800,1,,,
7.44,-5.023,39,972,28700,1,,,
7.27,-3.724,47.1,888,3060000,1,,,
6.36,-4.314,31.5,826,64000,1,,,
3.65,-20.924,16.3,191,93700000,1,,,
9.31,-1.531,36.9,996,3830,1,,,
3.13,-9.659,66.3,699,48500000,1,,,
3.59,-6.973,57.4,857,2680000,1,,,
4.62,-4.744,75.7,706,3260000,1,,,
4.4,-5.966,54.5,651,79200,1,,,
2.99,-9.951,41.3,440,6630000,1,,,
9.9,-5.633,50.9,933,203000,1,,,
2.82,-5.635,74.7,875,733000,1,,,
3.23,-7.596,54.8,532,18600000,1,,,
2.83,-9.56,58.9,382,56700000,1,,,
3.54,-7.742,63.2,601,44800000,1,,,
5.15,-3.97,59.8,911,22200000,1,,,
3.98,-7.195,49.4,936,1120000,1,,,
3.85,-6.108,61.6,605,9120000,1,,,
4.18,-4.906,65.4,784,31400,1,,,
4,-12.217,41.7,586,35800,1,,,
3.48,-7.592,23.6,582,5840000,1,,,
3,-7.898,60.3,483,59900000,1,,,
5.54,-4.157,34.4,925,1060000,1,,,
9.32,-1.205,37.7,991,81000,1,,,
2.75,-7.31,64.6,669,1480000,1,,,
2.93,-4.509,44.3,737,149000,1,,,
3.34,-5.78,64.5,910,18300000,1,,,
6.13,-8.123,72.1,521,7080000,1,,,
3.01,-5.27,66,578,2480000,1,,,
7.32,-4.436,66.4,947,2740000,1,,,
3.58,-23.396,15.2,62.5,61900000,1,,,
4.44,-23.502,7.61,136,57400000,1,,,
2.99,-8.363,54.4,574,2170000,1,,,
9.75,-5.005,54.2,923,1100000,1,,,
6.86,-14.68,81,425,63800000,1,,,
3.3,-17.119,18.4,207,94000000,1,,,
11.6,-6.055,45,992,25300,1,,,
3.4,-6.894,68.1,499,5890000,1,,,
8.38,-18.168,70.3,523,5410000,1,,,
3.74,-4.831,43.1,782,495000,1,,,
6.73,-4.544,45.7,930,3090000,1,,,
5.04,-7.637,70.4,663,3950000,1,,,
4.7,-8.959,56.5,468,79400000,1,,,
5.79,-8.947,81.2,725,2770000,1,,,
5.26,-5.428,64.3,849,3710000,1,,,
14.1,-5.922,55.1,831,6400000,1,,,
3.44,-5.682,40.1,933,744000,1,,,
4.02,-16.515,18,198,29700000,1,,,
2.58,-9.129,36,501,6380000,1,,,
3.43,-9.086,46.2,753,1360000,1,,,
3.09,-7.814,71.2,354,38600000,1,,,
23.6,-9.114,38.8,449,66800000,1,,,
6.13,-3.974,41.6,819,13800,1,,,
2.75,-13.766,67.9,401,34800000,1,,,
4.32,-7.015,33.8,794,1810000,1,,,
8.78,-6.852,31.1,632,2060000,1,,,
11.3,-8.896,72.6,537,31600000,1,,,
21,-3.874,19.8,964,24500,1,,,
3.81,-2.776,46.3,836,41800,1,,,
27.4,-8.478,83.3,600,20200000,1,,,
2.58,-10.711,60,613,1040000,1,,,
6.92,-5.707,29.3,667,1120,1,,,
11.9,-6.104,44.4,884,751000,1,,,
3.17,-4.631,50.1,818,203000,1,,,
17.3,-4.774,44.6,778,20100,1,,,
3.18,-14.131,53.7,376,96000000,1,,,
14.4,-6.501,32.5,838,3270000,1,,,
2.93,-9.956,51.7,432,44900000,1,,,
30.1,-7.509,78.2,706,31700000,1,,,
5.49,-14.173,47.7,615,369000,1,,,
3.13,-4.413,72,747,20400000,1,,,
4.22,-6.069,28.4,875,752000,1,,,
7.27,-7.999,26.7,734,186000,1,,,
6.57,-7.57,74.5,572,578000,1,,,
2.95,-10.156,51.3,640,13300,1,,,
4.58,-24.913,34.5,56.2,97900000,1,,,
4.83,-5.986,66.8,645,1310000,1,,,
2.58,-5.448,67.8,702,3400000,1,,,
12.4,-8.764,47.9,442,85800000,1,,,
12.2,-3.204,46.3,926,5550000,1,,,
9.96,-10.668,68.1,436,17000000,1,,,
8.45,-3.933,73.8,607,743000,1,,,
4.58,-8.736,59.5,424,77000000,1,,,
2.79,-9.501,57.8,374,28100000,1,,,
7.97,-11.184,80.4,591,19800000,1,,,
2.99,-6.868,41.3,690,21200000,1,,,
4.38,-6.389,42.2,809,11800,1,,,
6.04,-5.747,68.6,751,604000,1,,,
3.68,-8.662,52.5,902,98900,1,,,
3.63,-4.716,66.9,819,11000000,1,,,
5.26,-12.526,73.1,602,49600000,1,,,
4.9,-4.609,39.2,849,404000,1,,,
3.7,-7.372,61.1,643,11700000,1,,,
14.2,-11.738,51.3,238,85400000,1,,,
5.78,-3.829,73.5,798,697000,1,,,
14.8,-3.755,49,963,52000,1,,,
6.12,-5.121,47.2,811,83900,1,,,
33.2,-10.353,42,573,54000000,1,,,
5.39,-2.432,34.9,923,1950,1,,,
5.82,-5.301,67.6,674,10700000,1,,,
4.06,-5.988,68.8,779,2210000,1,,,
7.94,-7.401,33.2,943,198000,1,,,
2.92,-8.647,54.3,342,50200000,1,,,
6.76,-6.903,67.4,789,178000,1,,,
6.61,-4.395,23.2,946,1220000,1,,,
6.14,-4.561,56.5,877,813000,1,,,
7.9,-12.48,78.2,515,3390000,1,,,
5.53,-6.918,79,539,31300000,1,,,
5.28,-7.261,59,716,963000,1,,,
5.46,-5.728,32.9,905,8630,1,,,
13.9,-5.912,82.4,846,1230000,1,,,
3.57,-12.806,58.4,273,85300000,1,,,
3.79,-5.938,62,781,18100000,1,,,
3.8,-22.668,34.2,21.3,97600000,1,,,
3.05,-9.822,47.2,735,596000,1,,,
3.3,-9.313,37.5,600,9660000,1,,,
4.16,-11.248,73.1,644,2670000,1,,,
4.23,-10.503,34.1,552,8020,1,,,
12.4,-4.168,84.6,451,26300000,1,,,
2.9,-29.399,23.4,12.9,98500000,1,,,
3.26,-10.114,61.7,710,18500000,1,,,
3.14,-4.824,61.9,702,570000,1,,,
4.06,-4.581,34.1,875,2320,1,,,
2.84,-5.205,50.2,883,13600,1,,,
3.58,-8.116,44.9,684,9250000,1,,,
16.9,-12.593,76.4,384,18300000,1,,,
5.24,-9.776,48.1,488,5890000,1,,,
21.9,-7.182,42.7,867,11900,1,,,
15.9,-7.566,52.9,939,236000,1,,,
4.26,-6.983,71,875,36600000,1,,,
3.81,-2.776,46.3,836,41800,1,,,
29.5,-6.562,74.7,573,26800000,1,,,
4.13,-5.721,55,941,87200,1,,,
2.87,-9.312,47.6,361,51800000,1,,,
5.33,-4.39,17.3,872,52000,1,,,
4.17,-7.206,69.1,864,7660000,1,,,
4.61,-15.931,36.1,645,278000,1,,,
6.75,-8.489,69.3,514,972000,1,,,
3.09,-8.559,56.9,789,562,1,,,
3.74,-5.15,73.3,671,608000,1,,,
4.87,-7.376,53.8,770,1580000,1,,,
3.63,-10.558,66.2,630,63300000,1,,,
9.23,-3.933,47,892,3280,1,,,
15.2,-6.188,43.4,974,12700,1,,,
2.88,-5.33,69.5,928,5910000,1,,,
7.82,-5.582,63.1,763,227000,1,,,
2.96,-4.46,56.2,903,18700,1,,,
6,-7.521,33.1,874,31700000,1,,,
2.47,-7.144,53.4,623,66800000,1,,,
3.2,-8.425,60.2,477,26800000,1,,,
6.68,-3.341,60.3,864,5500000,1,,,
5.55,-3.663,35.7,992,12300000,1,,,
5.35,-7.661,55.8,658,2980000,1,,,
3.01,-4.724,52.9,841,4260000,1,,,
4.94,-8.721,71.8,670,53500000,1,,,
11.2,-5.284,27.8,962,229000,1,,,
3.8,-4.528,47.5,843,59100,1,,,
7.56,-4.864,81.8,867,7250000,1,,,
4.81,-12.442,50.4,323,38200000,1,,,
10.5,-4.541,43,954,26100000,1,,,
4.33,-6.76,59.8,750,599000,1,,,
17.7,-3.915,62.5,815,4760000,1,,,
4.48,-2.896,41.2,944,7240000,1,,,
13.2,-5.757,44.1,752,3500000,1,,,
3.11,-11.077,51.6,494,40300000,1,,,
6.36,-9.78,48.2,333,70500000,1,,,
14.6,-4.281,36.4,936,62600,1,,,
6.5,-3.917,26.2,951,430000,1,,,
3.44,-5.603,49.3,763,5190,1,,,
2.9,-7.778,62.9,749,69000000,1,,,
5.65,-4.326,54.5,964,11400,1,,,
3.4,-6.801,40,628,16900000,1,,,
5.58,-5.823,42.4,691,7850000,1,,,
2.38,-6.574,61,638,6720000,1,,,
3.26,-10.418,70.1,323,92300000,1,,,
4.2,-33.838,25.3,11.8,95200000,1,,,
12.1,-5.219,47.1,955,485000,1,,,
2.83,-7.431,53.5,526,4910000,1,,,
7.12,-6.703,70.8,484,37000000,1,,,
6.68,-9.796,76.1,679,10200000,1,,,
2.68,-7.611,45.7,825,3290,1,,,
2.76,-8.574,57.9,636,8210000,1,,,
10.4,-5.729,27.4,947,29100,1,,,
23.4,-3.645,54.5,998,1920000,1,,,
7.99,-4.564,39.2,981,2900,1,,,
3.51,-7.823,58.8,708,44500000,1,,,
5.83,-6.398,70.4,810,4820000,1,,,
3.38,-8.544,25.3,293,30800000,1,,,
3.1,-8.342,68,596,52200000,1,,,
3.99,-6.455,74.5,471,8480000,1,,,
3.01,-3.641,52.2,801,820,1,,,
5.08,-4.425,59.3,651,11500,1,,,
2.81,-10.228,56.4,368,58700000,1,,,
3.55,-8.265,64.4,652,9450000,1,,,
5.04,-2.602,14.7,904,32800,1,,,
18.2,-5.066,83.6,726,11900000,1,,,
2.61,-8.971,60.5,619,42300000,1,,,
3.16,-5.242,58.8,856,81800,1,,,
4.09,-5.119,46.9,759,35700,1,,,
6.61,-10.298,52.3,425,46500000,1,,,
3.19,-5.457,50.5,928,19300,1,,,
3.15,-8.7,50.3,759,755000,1,,,
13.5,-9.638,62.6,486,25300000,1,,,
4.83,-5.986,66.8,645,1310000,1,,,
14.1,-6.778,76.1,781,6810000,1,,,
3.28,-5.958,18.4,644,46800000,1,,,
4.4,-5.189,34.3,732,533000,1,,,
4.46,-8.318,60,510,16000000,1,,,
4.31,-4.04,43.3,959,91700,1,,,
3.6,-8.475,73.2,408,74700000,1,,,
3.2,-7.48,57,688,30800000,1,,,
3.36,-5.11,48.9,649,60300,1,,,
11.1,-7.397,59.2,583,18900000,1,,,
3.75,-6.015,39.5,727,28200000,1,,,
4,-12.8,61.8,215,75900000,1,,,
17.7,-5.855,43.9,971,1480000,1,,,
4.8,-9.585,55.9,460,85600000,1,,,
3.9,-17.834,20.6,99.9,98200000,1,,,
3.51,-9.255,73.3,689,4250000,1,,,
3.99,-11.783,39,694,299000,1,,,
3.03,-5.857,48.7,785,9350,1,,,
4.75,-5.67,59.3,749,1130000,1,,,
3.84,-8.604,77.5,863,10200000,1,,,
5.38,-6.954,84.7,946,101000,1,,,
26.1,-9.635,63.3,551,58000000,1,,,
8.7,-9.036,43.9,882,54100000,1,,,
3.18,-8.276,42.7,666,2110000,1,,,
7.4,-6.104,29.3,917,1280,1,,,
4.1,-6.547,70,740,15200000,1,,,
6.76,-4.391,60.9,880,61000,1,,,
22.8,-3.369,60.3,946,33500,1,,,
5.39,-2.626,51.3,953,1460000,1,,,
2.92,-7.3,65.3,722,5710000,1,,,
5.29,-11.81,50,451,67400000,1,,,
4.12,-12.255,62.3,622,168000,1,,,
3.47,-10.966,56.1,209,89300000,1,,,
3.43,-5.682,63.7,717,2020000,1,,,
30.7,-13.35,48.2,368,34400000,1,,,
4.14,-7.196,30.6,540,62500000,1,,,
2.67,-5.401,71.2,710,2770000,1,,,
3.16,-7.071,49.4,696,15000000,1,,,
27.8,-5.07,61.3,962,3400000,1,,,
3.66,-8.2,61.6,784,6570,1,,,
3.02,-5.325,54.8,865,171000,1,,,
5.52,-6.554,55.9,674,681000,1,,,
3.19,-5.497,59.3,804,10500000,1,,,
3.12,-17.638,40.1,130,98900000,1,,,
3.77,-8.821,27.7,663,40900,1,,,
4.59,-3.369,38.5,949,501000,1,,,
3.62,-13.249,70.6,316,67900000,1,,,
10.3,-5.015,36.4,805,468000,1,,,
5.14,-12.939,27.5,418,86300000,1,,,
2.69,-5.256,57.6,751,1250000,1,,,
2.47,-7.144,53.4,623,66800000,1,,,
3.27,-11.569,59.4,273,74100000,1,,,
4.22,-10.435,14,641,24300,1,,,
3.47,-6.219,69.9,670,1470000,1,,,
5.11,-6.198,44.3,956,5240,1,,,
4.39,-3.886,67.9,804,8570000,1,,,
5.02,-4.87,55.2,909,5790,1,,,
3.86,-7.079,32.3,672,26900000,1,,,
5.37,-2.427,26.4,800,1950000,1,,,
3.92,-5.559,37.2,910,101000,1,,,
51.5,-11.965,61.9,450,43300000,1,,,
17.4,-11.856,51.8,729,46900000,1,,,
3.69,-9.556,47.2,630,131000,1,,,
6.17,-7.338,56.2,961,486000,1,,,
6.92,-5.959,43.2,661,717000,1,,,
7.13,-7.839,52.1,915,1320000,1,,,
3.68,-5.505,38.1,502,16000000,1,,,
3.1,-7.495,44.1,684,37400000,1,,,
5.14,-3.47,59.4,851,881000,1,,,
3.52,-6.619,49.6,469,36600000,1,,,
4.82,-6.475,61.6,902,26700,1,,,
3.75,-24.389,9.06,81.7,96900000,1,,,
5.25,-4.489,55.1,819,1030000,1,,,
5.39,-9.618,78,990,14400000,1,,,
6.24,-6.237,43.8,805,255000,1,,,
4.94,-7.853,43.1,777,20700,1,,,
4.95,-7.378,63.4,747,33600000,1,,,
10.8,-3.578,58.7,947,9000000,1,,,
2.78,-6.39,48.4,862,610000,1,,,
7.67,-6.038,41.4,949,49800,1,,,
4.32,-8.924,36,679,531000,1,,,
8.47,-10.18,81,835,36500000,1,,,
29,-3.378,27.4,984,155000,1,,,
3.21,-7.445,60.6,679,1510000,1,,,
4.73,-16.375,27.8,212,88300000,1,,,
6.21,-5.122,49.5,868,12400000,1,,,
3.09,-9.24,62.3,614,63800000,1,,,
26.6,-8.001,80.1,846,7220000,1,,,
3.88,-10.294,65.3,668,10600000,1,,,
5.4,-5.653,54.2,905,172000,1,,,
3.2,-7.064,36.3,683,1180000,1,,,
17.1,-2.855,26.6,946,781000,1,,,
3.7,-6.828,52,807,1290000,1,,,
8.15,-10.024,70.5,804,18100000,1,,,
24.9,-4.953,82.3,844,8680000,1,,,
16.5,-6.383,81.8,639,1720000,1,,,
3.47,-13.743,72.9,356,9160000,1,,,
11.3,-9.21,83.6,459,19000000,1,,,
3.81,-2.776,46.3,836,41800,1,,,
4.36,-10.133,66.7,510,17600000,1,,,
7.19,-4.174,38.1,886,2580,1,,,
3.03,-7.968,63.1,523,45400000,1,,,
3.04,-15.474,56.2,383,14300000,1,,,
6.42,-4.506,33.9,725,1210000,1,,,
4.59,-7.227,83.5,523,536000,1,,,
37.2,-10.936,53.1,546,26000000,1,,,
13.2,-4.838,46.8,902,3250000,1,,,
4.46,-5.578,74.1,717,1600000,1,,,
5.69,-8.552,78.7,422,28700000,1,,,
4.15,-7.289,67.9,769,15800000,1,,,
4.23,-4.698,44.6,902,966000,1,,,
6.44,-3.994,51.6,948,2790000,1,,,
3.78,-5.576,47.1,877,1930000,1,,,
3.39,-8.281,47.9,865,3100,1,,,
2.93,-4.807,64.9,888,1300000,1,,,
18,-8.907,81.2,616,4400000,1,,,
9.54,-8.27,52.3,854,47800000,1,,,
3.15,-8.354,69.3,875,971000,1,,,
4.89,-6.025,53.1,943,50000000,1,,,
5.63,-5.201,39,830,210000,1,,,
5.15,-7.349,41.5,790,1920000,1,,,
4.21,-5.59,24,864,11900,1,,,
15,-5.464,58.9,797,2890000,1,,,
5.76,-8.932,87.1,341,3110000,1,,,
3.38,-4.777,46.4,943,247000,1,,,
5.33,-4.138,45.7,887,18600,1,,,
7.38,-2.696,32.6,908,1180000,1,,,
11.7,-7.627,56.5,645,58800000,1,,,
12.6,-5.801,46.5,751,27900000,1,,,
2.79,-9.728,29,386,51000000,1,,,
3.97,-6.01,63.3,584,973000,1,,,
3.93,-5.059,46.7,769,3930,1,,,
5.44,-28.958,51.4,174,96500000,1,,,
3.08,-9.11,31.6,484,33400,1,,,
2.71,-8.279,54.6,351,70100000,1,,,
3.45,-5.131,79.7,542,3900000,1,,,
6.3,-3.125,55.8,982,2210000,1,,,
4.36,-18.526,8.55,122,94600000,1,,,
3.96,-8.257,43,823,2020000,1,,,
2.77,-11.221,45.6,513,447000,1,,,
4.26,-6.073,72.4,616,31200000,1,,,
8.58,-5.845,54.7,922,619000,1,,,
2.72,-12.503,55.1,293,48600000,1,,,
4.07,-9.76,50.2,758,915000,1,,,
14.9,-4.314,38.9,767,127000,1,,,
2.84,-3.192,51,693,600000,1,,,
3.53,-3.789,41,439,27300000,1,,,
4.06,-5.639,50.6,680,45200000,1,,,
4.05,-6.105,38,829,8400,1,,,
2.95,-9.113,37.9,593,58400000,1,,,
3.86,-7.76,51.6,651,5370000,1,,,
3.15,-5.176,38.5,637,4550000,1,,,
3.38,-5.603,50.2,912,13000000,1,,,
7.88,-6.268,52.7,790,1600000,1,,,
5.82,-5.301,67.6,674,10700000,1,,,
7.4,-5.277,85.5,583,19600000,1,,,
5.39,-2.122,62.7,819,5260000,1,,,
34.3,-11.45,69.5,620,55000000,1,,,
4.97,-10.164,65.3,519,40600000,1,,,
4.19,-4.53,42.5,889,11600,1,,,
8.11,-5.42,58.3,573,20800000,1,,,
5.71,-7.822,64.1,939,22300,1,,,
18.6,-6.21,88.7,855,14600000,1,,,
3.43,-5.854,52.8,904,83300,1,,,
2.9,-6.174,69.7,919,694000,1,,,
6.59,-4.724,50.5,948,18000,1,,,
3.92,-4.657,29.4,860,3220,1,,,
3.62,-6.746,44.6,658,209000,1,,,
19.9,-4.758,34.8,875,3410000,1,,,
2.78,-7.987,67.6,515,13500000,1,,,
5.8,-7.239,33.9,829,737000,1,,,
2.76,-6.427,62.7,854,22300000,1,,,
15.7,-3.205,51,818,4390000,1,,,
3.1,-9.357,44.8,614,6750000,1,,,
3.02,-4.722,66,698,1920,1,,,
3.23,-5.722,64.4,432,75800000,1,,,
12.7,-4.075,63.3,788,1110000,1,,,
3.08,-8.398,55.8,508,49800000,1,,,
5.13,-3.895,56.2,862,1040000,1,,,
4.27,-12.436,62.8,455,14200000,1,,,
6.76,-6.903,67.4,789,178000,1,,,
3.5,-9.769,32,84.6,85200000,1,,,
4.53,-9.07,26.6,831,86200,1,,,
3.15,-8.622,67.5,380,71500000,1,,,
15.2,-11.889,31,874,41600,1,,,
4.63,-6.625,70.5,718,940000,1,,,
11.6,-6.384,51,789,799000,1,,,
3.42,-7.069,43.2,642,17700000,1,,,
3.16,-9.342,38.9,476,61900000,1,,,
3.53,-14.178,51.9,441,2040000,1,,,
3.47,-3.818,70.6,923,8100000,1,,,
3,-10.072,66.9,848,2730000,1,,,
6.92,-5.669,82.4,489,30200000,1,,,
3.65,-8.176,61.6,727,401000,1,,,
3.55,-6.473,69.4,812,6660000,1,,,
4.38,-9.887,60.2,711,16600000,1,,,
4.01,-4.437,49.3,606,420000,1,,,
3.92,-7.15,31.8,646,521000,1,,,
3.29,-9.087,39.5,495,49600000,1,,,
8.49,-5.818,47.9,754,45500000,1,,,
6.75,-6.248,53,970,354000,1,,,
4.79,-5.931,59.7,457,3740000,1,,,
3.23,-4.837,68.4,710,25200000,1,,,
2.97,-5.703,62.4,910,2850000,1,,,
2.91,-10.916,62.7,468,52200000,1,,,
3.48,-7.592,52.9,652,60700000,1,,,
7.82,-7.767,73.6,510,17100000,1,,,
2.91,-11.233,39.4,348,59100000,1,,,
5.18,-10.434,64.1,703,39700000,1,,,
4.34,-4.991,34.6,785,165000,1,,,
4.3,-14.209,49.4,139,92500000,1,,,
13.3,-10.39,61.5,616,3990000,1,,,
3.85,-11.493,55,631,89800,1,,,
3.8,-9.026,31.4,797,570000,1,,,
3.17,-8.467,50.9,702,95700,1,,,
3.55,-7.552,57.8,633,8690000,1,,,
8.96,-4.975,54.5,780,753000,1,,,
3.13,-11.093,55,123,86000000,1,,,
3.99,-6.475,58.2,817,170000,1,,,
2.65,-6.843,60.3,724,135000,1,,,
7.59,-10.21,66.1,642,43800000,1,,,
4.37,-3.822,64,902,1980000,1,,,
4.37,-5.49,58.2,744,45900,1,,,
3.11,-7.085,78,653,42000000,1,,,
2.71,-7.496,74.1,598,14600000,1,,,
12.5,-4.975,58.3,931,1740000,1,,,
3.22,-5.852,46.6,770,596000,1,,,
3.17,-7.393,56.5,587,5730000,1,,,
2.99,-14.092,32.2,210,80300000,1,,,
6.01,-7.424,68.3,631,33500000,1,,,
7.61,-6.506,39.4,944,178000,1,,,
3.94,-4.557,48.1,956,465000,1,,,
3.17,-4.816,60.5,779,27200000,1,,,
2.67,-11.396,54.3,395,70100000,1,,,
4.01,-4.691,39.1,742,277000,1,,,
4.34,-7.544,78.3,706,4930000,1,,,
6.61,-6.842,60.6,923,67600,1,,,
6.64,-7.616,57.3,727,13200000,1,,,
22.1,-4.718,63.9,815,12300000,1,,,
7.35,-6.136,52.5,922,16700,1,,,
4.46,-5.317,48.2,733,3840000,1,,,
3.24,-5.787,41.3,725,36900000,1,,,
11.4,-5.383,40.6,778,154000,1,,,
3.99,-3.943,58.2,859,20900,1,,,
4.41,-11.06,71.9,625,11600000,1,,,
8.53,-7.519,59.4,813,9860000,1,,,
4.12,-5.865,53.8,802,109000,1,,,
6.52,-3.635,58.4,876,698000,1,,,
3.11,-8.896,76,652,13700000,1,,,
3.69,-6.785,56.3,612,4060000,1,,,
3.4,-12.554,34,533,93900000,1,,,
4.46,-6.356,46.7,848,484,1,,,
4.83,-13.319,59.3,557,38900000,1,,,
26.4,-6.174,65.4,600,110000,1,,,
3.27,-9.258,40.2,597,3850000,1,,,
3.12,-18.251,55.1,233,71000000,1,,,
5.08,-9.41,77.9,546,342000,1,,,
3.8,-8.998,24.8,850,597,1,,,
6.54,-7.086,58.9,750,162000,1,,,
6.48,-3.816,38.5,972,19300,1,,,
3,-12.621,73.1,451,48200000,1,,,
4.99,-8.05,79.4,705,495000,1,,,
4.55,-12.052,78.3,929,40600,1,,,
6.78,-1.163,33,963,135,1,,,
4.26,-4.494,34,708,580000,1,,,
4.43,-7.646,62.7,860,207000,1,,,
14,-3.586,37.2,940,178000,1,,,
5.08,-3.3,44.7,927,29700,1,,,
3.42,-6.905,24.9,660,50400000,1,,,
3.21,-20.796,27,85.3,86000000,1,,,
2.77,-4.385,62.5,800,271000,1,,,
4.04,-7.998,34.1,714,35400000,1,,,
3.44,-5.838,38.3,777,22900,1,,,
10.5,-5.626,50.6,948,72700000,1,,,
5.89,-3.241,37.5,914,55800,1,,,
6.11,-10.464,50.3,584,166000,1,,,
4.27,-7.087,82.6,695,11500000,1,,,
4.68,-5.456,39.8,862,3530000,1,,,
7.62,-3.942,39.2,979,1630000,1,,,
3.64,-5.315,64.4,349,20600000,1,,,
3.5,-6.323,56.8,591,43900,1,,,
6.41,-6.938,61.8,750,32400000,1,,,
9.1,-8.164,34.5,484,21900000,1,,,
4.05,-7.39,19.6,751,252000,1,,,
3.7,-9.053,47.4,640,2600000,1,,,
6.92,-7.713,75.6,732,845000,1,,,
3.92,-6.951,63.8,666,784000,1,,,
7.62,-7.109,83.7,710,2860000,1,,,
2.74,-5.815,65.3,875,976000,1,,,
3,-12.621,73.1,451,48200000,1,,,
19.1,-5.192,53.5,724,10200000,1,,,
19.9,-4.758,34.8,875,3410000,1,,,
5.53,-4.956,98.2,641,22200,1,,,
2.46,-6.195,59,647,48300000,1,,,
2.62,-5.387,59.8,591,17900000,1,,,
3.25,-9.407,49.8,569,34600000,1,,,
2.93,-10.34,54.4,341,87700000,1,,,
3.54,-8.708,52.7,871,2290000,1,,,
2.61,-7.93,60.5,428,68500000,1,,,
2.56,-7.358,59.7,583,2970000,1,,,
8.79,-10.864,65.1,409,428000,1,,,
2.6,-9.604,56.8,324,89600000,1,,,
4.1,-2.719,68.5,898,434000,1,,,
3.56,-4.569,67.7,870,19900000,1,,,
3.18,-9.996,45.1,495,47200000,1,,,
3.58,-9.549,56.5,545,2890000,1,,,
5.38,-5.015,45,794,38800000,1,,,
6.47,-6.422,61.5,821,918000,1,,,
4.52,-3.249,43.8,940,8740,1,,,
13.3,-6.051,51.3,970,5750,1,,,
3.68,-6.371,46.4,815,871000,1,,,
53.9,-13.825,69.6,394,5790000,1,,,
4.56,-5.824,31.9,771,14200,1,,,
5.59,-5.889,72,742,3240000,1,,,
11.1,-10.754,53.1,849,3890000,1,,,
3.6,-6.869,54.5,717,417000,1,,,
2.27,-7.619,65,611,52700000,1,,,
5.88,-4.742,55,872,8640000,1,,,
10.3,-3.139,17.6,962,1660,1,,,
11.3,-1.742,32.3,982,70600000,1,,,
4.17,-9.973,32.9,444,5780000,1,,,
4.41,-3.801,35.2,571,3000,1,,,
2.49,-6.907,53,550,16300000,1,,,
21.9,-2.874,48.8,990,494000,1,,,
3.53,-5.619,63.9,684,966000,1,,,
4.45,-9.941,83,345,37000000,1,,,
3.42,-20.447,9.51,155,86500000,1,,,
3.54,-8.708,52.7,871,2290000,1,,,
3.19,-6.612,46.9,825,554000,1,,,
8,-5.936,72.4,755,11400000,1,,,
4.52,-7.327,21.5,927,27300,1,,,
7.84,-7.399,62.4,702,8550000,1,,,
2.77,-7.431,58.9,438,57300000,1,,,
4.35,-3.562,29.4,675,3150,1,,,
4.37,-15.249,6.35,86.8,98400000,1,,,
7.83,-5.885,20.9,928,857,1,,,
3.2,-9.93,48.1,616,13200000,1,,,
23.9,-7.565,87.1,610,3070000,1,,,
2.78,-8.522,53.9,578,9870000,1,,,
4.83,-7.707,30.4,722,3020000,1,,,
3.22,-5.874,53.7,823,784000,1,,,
14.4,-9.149,69.7,410,41200000,1,,,
5.15,-3.97,59.8,911,22200000,1,,,
3.31,-9.897,76.7,787,1630000,1,,,
49.6,-4.174,67,834,21900,1,,,
5.5,-6.659,55.1,780,9410000,1,,,
3.36,-5.438,50.8,776,114000,1,,,
7.78,-9.711,34.5,727,25200000,1,,,
12.3,-6.602,44.9,958,533,1,,,
8,-9.027,67.3,763,667000,1,,,
4.25,-5.316,81.4,874,22200,1,,,
37.6,-3.157,62.3,965,135000,1,,,
4.62,-7.57,88.7,823,2370000,1,,,
3.47,-12.888,52.7,636,5990000,1,,,
3.01,-7.481,54.2,531,330000,1,,,
2.83,-5.186,64.1,601,29400000,1,,,
2.64,-8.729,56.9,674,4680000,1,,,
3.51,-7.067,53,759,984000,1,,,
4.58,-6.103,57.3,929,28200,1,,,
3.71,-4.666,54.9,867,1080000,1,,,
5.17,-6.912,84.2,941,13600000,1,,,
2.76,-9.882,46.5,427,79300000,1,,,
2.58,-9.129,36,501,6380000,1,,,
5.62,-6.952,35.1,883,3630000,1,,,
9.73,-4.771,40,984,880,1,,,
4.64,-15.895,55.4,168,92200000,1,,,
10.9,-16.729,57.5,318,68300000,1,,,
5.51,-8.948,48.8,811,159000,1,,,
9.26,-4.21,31.8,975,562000,1,,,
13.5,-6.796,91.8,638,4610000,1,,,
5.7,-10.233,71,461,69400000,1,,,
4.61,-4.122,60.7,912,4880000,1,,,
3.08,-5.685,39.1,630,326000,1,,,
3.11,-5.643,52.5,742,8740000,1,,,
6.08,-12.75,63.6,458,67900000,1,,,
3.03,-6.613,52.7,419,32700000,1,,,
25.1,-9.528,85.4,467,784000,1,,,
9.02,-3.778,37.6,947,757000,1,,,
12.8,-7.853,29.7,913,1710,1,,,
16.2,-7.615,54.3,598,522000,1,,,
3.37,-5.485,46.8,815,52700,1,,,
4.34,-4.991,34.6,785,165000,1,,,
36.8,-6.8,67.7,826,39500000,1,,,
8.91,-8.118,46.3,749,796000,1,,,
4.52,-3.602,50,947,4400000,1,,,
4.48,-8.451,43.5,880,265000,1,,,
3.02,-9.149,69.5,535,53500000,1,,,
5.2,-8.201,52.1,808,80500000,1,,,
3.01,-5.284,83.1,660,36200000,1,,,
3.28,-4.687,69.6,520,1570000,1,,,
3.01,-5.413,69.6,598,1460000,1,,,
2.53,-7.369,57.3,466,354000,1,,,
4.33,-7.7,35.3,557,33700000,1,,,
3.4,-9.664,71.2,483,17400000,1,,,
8.07,-10.017,79.6,825,316000,1,,,
15,-8.201,46,906,2990,1,,,
9.64,-10.345,82.4,485,14500000,1,,,
3.29,-6.731,38.1,436,1180000,1,,,
2.54,-6.471,59.9,729,18100000,1,,,
21.2,-4.762,63.9,929,326000,1,,,
3.11,-5.927,51.1,724,82600,1,,,
27.4,-8.938,78.4,539,8180000,1,,,
4.87,-14.392,56.2,545,76400000,1,,,
11.9,-5.408,30.7,791,2850000,1,,,
14.7,-3.09,44.1,976,33500,1,,,
4.84,-9.303,65.8,496,14000000,1,,,
3.02,-11.859,47,320,62400000,1,,,
9.65,-8.744,82.2,522,49100000,1,,,
16.9,-2.59,37.9,966,7670,1,,,
2.86,-10.493,50.8,251,56200000,1,,,
3.48,-4.262,63.9,792,1200000,1,,,
9.87,-5.972,44.6,963,6120000,1,,,
2.42,-5.975,71.3,506,15000000,1,,,
16.6,-10.751,60.6,676,2660000,1,,,
4.52,-7.327,21.5,927,27300,1,,,
4.28,-6.255,23.2,719,11800,1,,,
4.45,-5.338,69.6,979,244000,1,,,
4.65,-3.857,49.6,871,607000,1,,,
2.97,-8.862,56.8,636,43100000,1,,,
3.92,-8.954,63.9,715,2430000,1,,,
16.1,-6.944,35,782,71100,1,,,
3.94,-2.485,41.6,944,30200,1,,,
7.62,-5.928,46.8,971,571,1,,,
48.9,-3.837,52,967,248000,1,,,
3.65,-7.39,46.8,839,45900000,1,,,
3.72,-9.935,51.5,430,970000,1,,,
3.21,-8.583,61.6,316,64500000,1,,,
3.29,-6.731,38.1,436,1180000,1,,,
3.92,-6.664,69.8,901,954000,1,,,
2.98,-8.951,66.6,501,3420000,1,,,
3.4,-5.581,29.3,778,1470000,1,,,
5.26,-8.276,76.4,661,2030000,1,,,
3.95,-6.354,69.7,667,380000,1,,,
3.95,-8.306,67.7,763,369000,1,,,
3.47,-6.711,56,825,78500,1,,,
3.64,-18.822,20,293,1330000,1,,,
7.96,-11.494,33,556,20700000,1,,,
6.13,-8.123,72.1,521,7080000,1,,,
2.85,-6.722,67.8,368,6580000,1,,,
7.59,-8.503,69.4,887,2090000,1,,,
11.4,-2.481,25.1,962,9370,1,,,
13.9,-7.109,31.3,846,1790000,1,,,
4.05,-21.482,36.6,143,90600000,1,,,
6.86,-3.348,52.1,855,2230000,1,,,
5.43,-9.15,28.9,879,1500000,1,,,
3.62,-4.118,41.3,862,750,1,,,
5.81,-6.112,63.3,969,1130000,1,,,
5.95,-11.248,75.4,401,507000,1,,,
4.56,-5.824,31.9,771,14200,1,,,
3.27,-6.66,58,674,130000,1,,,
2.66,-9.339,73.6,454,7460000,1,,,
2.92,-8.412,64.2,604,28100000,1,,,
22.5,-7.975,61.1,666,59700000,1,,,
8.31,-12.34,62,560,46100000,1,,,
6.5,-5.929,75.5,699,864000,1,,,
2.48,-7.794,63.2,562,44000000,1,,,
29.7,-7.98,63.6,611,39100000,1,,,
7.99,-7.828,72.6,463,817000,1,,,
2.93,-4.041,50.2,662,322000,1,,,
9.27,-5.399,83.8,757,5900000,1,,,
2.91,-6.11,64.3,542,3630000,1,,,
3.99,-10.007,65.7,732,146000,1,,,
3.09,-7.814,71.2,354,38600000,1,,,
4.35,-8.721,46.4,410,9540000,1,,,
3.32,-7.442,49.7,675,350000,1,,,
5.25,-4.489,55.1,819,1030000,1,,,
3.62,-7.365,70.9,692,12600000,1,,,
9.58,-10.429,52,463,60900000,1,,,
10.2,-7.332,32.4,938,3200000,1,,,
8.73,-6.577,67.7,616,45000000,1,,,
6.13,-5.513,53,873,436000,1,,,
3.13,-3.817,24.1,604,6720000,1,,,
3.8,-9.026,31.4,797,570000,1,,,
4.04,-8.482,58.4,754,3150000,1,,,
2.55,-11.908,56,412,795000,1,,,
10.7,-8.22,62.9,459,61600000,1,,,
2.77,-5.926,57.9,740,1640000,1,,,
3.14,-4.886,32.6,661,1450000,1,,,
3.44,-5.704,55.4,702,9340000,1,,,
6.1,-4.881,16.7,921,14100,1,,,
3.15,-4.116,26.5,801,342,1,,,
4.26,-6.315,58.1,933,31100,1,,,
4.28,-8.712,76.2,722,9220000,1,,,
6.55,-13.34,76.2,651,198000,1,,,
9.23,-6.788,18,916,97500,1,,,
3.55,-5.61,55.2,883,20900000,1,,,
3.33,-7.949,77.4,640,74300000,1,,,
3.58,-7.617,57.2,730,479000,1,,,
2.87,-5.687,75.1,703,36800000,1,,,
2.57,-9.697,45.6,527,18500000,1,,,
8.59,-7.051,46.3,710,14800000,1,,,
13.8,-11.152,55.1,573,60400000,1,,,
3.68,-10.74,65.9,730,8890000,1,,,
2.97,-3.848,60,732,713000,1,,,
5.53,-4.796,63.5,909,384000,1,,,
6.57,-8.265,35,846,1570,1,,,
35.7,-4.53,87.3,886,2410000,1,,,
4.87,-4.202,42.7,931,915,1,,,
3.59,-3.634,44.4,932,858000,1,,,
4.36,-8.688,46.1,750,2430000,1,,,
4.43,-22.761,36.3,61.2,97700000,1,,,
7.89,-7.714,27.7,848,421000,1,,,
4.37,-7.684,47.5,719,5620000,1,,,
5.05,-9.454,66.5,766,4920000,1,,,
5.47,-5.511,58.1,934,16900,1,,,
4.09,-10.278,56.7,311,82500000,1,,,
7.2,-10.814,69.5,757,182000,1,,,
11.1,-2.497,46.4,919,315000,1,,,
4.57,-5.876,50,817,25500,1,,,
2.67,-8.159,56.3,606,51300000,1,,,
4.25,-9.494,56.1,372,54100000,1,,,
4.09,-12.668,59.3,702,200000,1,,,
6.14,-4.344,37.9,691,114000,1,,,
21.9,-8.815,68.9,707,14700000,1,,,
3.35,-4.496,70.1,821,2760000,1,,,
8.65,-8.358,82.8,503,6090000,1,,,
2.77,-7.389,76,387,40600000,1,,,
30.5,-11.127,80.4,323,30800000,1,,,
26.7,-11.08,80.6,690,14600000,1,,,
4.89,-6.102,78.3,820,54000,1,,,
4.08,-23.791,29.7,126,99200000,1,,,
3.65,-10.855,69.3,528,7140000,1,,,
3.46,-4.272,61.1,743,244000,1,,,
3.91,-6.358,56.1,614,62100000,1,,,
4.12,-9.885,68.4,690,512000,1,,,
3.72,-9.214,42.2,302,62900000,1,,,
3.01,-16.608,37.9,150,92500000,1,,,
5.21,-3.628,67.3,923,1070000,1,,,
4.41,-3.31,46.7,896,7970,1,,,
7.51,-2.218,33.7,950,94300,1,,,
3.78,-23.323,15.2,54.2,95600000,1,,,
3.3,-8.387,69.1,222,80500000,1,,,
3.17,-7.099,76.5,779,21100000,1,,,
9.81,-4.882,55.1,858,6210000,1,,,
3.92,-7.15,31.8,646,521000,1,,,
10.7,0.878,23.5,977,353000,1,,,
3.66,-9.894,73.3,726,27800000,1,,,
3.21,-4.353,38.9,746,63700,1,,,
5.36,-3.91,54.2,828,175000,1,,,
3.92,-8.954,63.9,715,2430000,1,,,
6.75,-6.248,53,970,354000,1,,,
5.05,-3.945,23.7,880,854,1,,,
3.97,-9.765,76.5,563,42200000,1,,,
13.8,-3.632,37.8,953,71900,1,,,
6.48,-3.816,38.5,972,19300,1,,,
6.09,-7.014,48.5,970,407,1,,,
4.62,-9.002,64.1,677,8130000,1,,,
36.4,-9.755,82,620,3840000,1,,,
4.61,-6.208,72.5,629,17200000,1,,,
3.46,-7.182,53.8,767,6270000,1,,,
7.06,-5.086,24.7,833,2720000,1,,,
6.52,-13.33,74.5,300,37200000,1,,,
2.89,-6.284,71.1,665,9870000,1,,,
6.39,-4.409,55.8,921,2340000,1,,,
7.63,-5.65,38.3,703,116000,1,,,
33.5,-11.178,96.2,253,578000,1,,,
3.28,-4.687,69.6,520,1570000,1,,,
8.67,-2.713,68.5,940,11200000,1,,,
3.67,-5.541,41.3,881,5990,1,,,
3.03,-7.066,56.8,829,21800000,1,,,
3.7,-7.786,44.6,572,38200000,1,,,
8.37,-5.625,53.3,838,2510000,1,,,
3.56,-4.19,53.5,948,225000,1,,,
4.53,-13.679,75.1,490,932000,1,,,
3.94,-4.557,48.1,956,465000,1,,,
2.75,-7.064,69.4,576,50100000,1,,,
2.63,-10.313,61.6,461,13500000,1,,,
4.48,-2.896,41.2,944,7240000,1,,,
11.7,-2.64,11.2,978,10800,1,,,
3.32,-6.045,39,565,71700000,1,,,
3.07,-4.166,50.3,667,104000,1,,,
4.01,-10.659,68.8,523,89800000,1,,,
3.37,-8.277,57.1,818,706000,1,,,
2.96,-11.199,46.6,450,4260000,1,,,
4.48,-7.339,53.1,976,17500,1,,,
2.8,-6.857,46.2,545,3010000,1,,,
3.34,-8.898,41.9,410,87300000,1,,,
5.19,-4.615,60.6,704,2920000,1,,,
2.64,-7.76,65.7,716,20000000,1,,,
8.55,-9.121,52.1,691,52800000,1,,,
8.52,-4.169,52.6,776,43100,1,,,
6.14,-9.658,75.5,289,53500000,1,,,
36.6,-3.567,94.3,891,4770000,1,,,
17.7,-4.409,44,904,27500000,1,,,
5.59,-3.658,76.4,961,17200000,1,,,
9.98,-7.038,27.3,889,878000,1,,,
3.8,-11.098,41.5,853,1070000,1,,,
5.52,-10.153,64.8,577,70300000,1,,,
3.05,-8.576,59.3,693,2830000,1,,,
7.23,-3.281,11.7,916,1390,1,,,
39.4,-7.872,87.1,397,14000000,1,,,
9.06,-6.514,65.4,890,204000,1,,,
6.49,-3.278,50.2,978,16300,1,,,
4.16,-5.576,57.3,734,79600,1,,,
8.55,-3.435,61.3,953,148000,1,,,
10.2,-6.679,39.8,838,127000,1,,,
2.48,-5.71,59.6,587,4510000,1,,,
4.06,-15.87,47.4,96.4,96100000,1,,,
4.39,-6.47,68,611,37400000,1,,,
3.12,-6.912,48.9,593,35300000,1,,,
3.84,-12.59,68.4,481,47500000,1,,,
2.95,-6.385,53.6,608,29900000,1,,,
13.5,-10.854,26.6,660,6290000,1,,,
6.15,-6.76,39.8,930,85400,1,,,
7.79,-5.551,67.2,706,5780000,1,,,
9.92,-4.85,32,932,240000,1,,,
2.82,-10.131,61.8,502,20200000,1,,,
5.35,-4.39,53.5,920,3100000,1,,,
7.57,-1.574,49.2,942,302000,1,,,
6.69,-15.327,70.8,307,78300000,1,,,
3.48,-27.538,18.1,161,93100000,1,,,
3.23,-7.596,54.8,532,18600000,1,,,
3.36,-12.946,41,270,86700000,1,,,
29.9,-13.649,51.2,405,72700000,1,,,
4.27,-4.364,63.1,792,23000000,1,,,
14.7,-3.09,44.1,976,33500,1,,,
4.3,-5.338,44.3,761,3990000,1,,,
2.55,-5.436,56.6,796,54100,1,,,
6.69,-4.636,44.7,923,2910,1,,,
3.77,-7.137,58,755,12300000,1,,,
2.62,-5.552,60.7,658,1030000,1,,,
6.51,-6.761,16.6,861,2670000,1,,,
3.69,-15.931,54.6,460,4840000,1,,,
17.1,-8.214,34.5,698,735000,1,,,
4.79,-9.152,48.9,913,15000,1,,,
7.62,-3.942,39.2,979,1630000,1,,,
5.81,-4.497,85.2,927,1090000,1,,,
10.9,-3.436,38.5,979,93400,1,,,
5.7,-4.907,50.9,584,3680000,1,,,
3.87,-10.356,88.3,405,47900000,1,,,
10.2,-4.288,49,794,51000,1,,,
3.9,-5.961,57.7,881,29100000,1,,,
3.28,-13.371,50.6,220,92200000,1,,,
2.76,-6.49,58.2,704,98700,1,,,
6.23,-4.152,47.7,941,287000,1,,,
12.4,-3.894,92.4,651,2030000,1,,,
3.67,-10.942,52.1,765,54800,1,,,
7.47,-5.23,35.2,911,121000,1,,,
14.2,-3.553,16.1,973,657000,1,,,
3.12,-5.623,65.9,683,51300000,1,,,
7,-6.872,58.1,791,141000,1,,,
29,-5.563,62.7,940,14800000,1,,,
3.26,-13.664,31,403,7260000,1,,,
4.61,-5.053,63.3,831,4010000,1,,,
3.11,-7.085,78,653,42000000,1,,,
4.45,-9.677,37,314,91200000,1,,,
5.98,-5.604,48.9,957,303000,1,,,
7.84,-5.961,77.9,830,11500000,1,,,
6.66,-7.78,50.2,526,73500000,1,,,
3.56,-4.19,53.5,948,225000,1,,,
3.93,-7.455,61.9,781,2430000,1,,,
2.75,-7.064,69.4,576,50100000,1,,,
28,-2.93,55.2,936,31400000,1,,,
4.34,-10.128,88.3,431,59100000,1,,,
2.88,-6.934,72.5,695,69700,1,,,
22.3,-8.584,46.9,475,21900000,1,,,
3.43,-23.906,20.1,72.9,96000000,1,,,
3.9,-6.163,61.8,684,11700000,1,,,
7.35,-10.795,78.5,448,7860000,1,,,
3.91,-9.531,60.3,506,21300000,1,,,
4.07,-9.76,50.2,758,915000,1,,,
4.15,-8.139,69.3,824,726000,1,,,
2.84,-3.605,72.2,900,660000,1,,,
10.2,-4.288,49,794,51000,1,,,
13.2,-2.13,36.4,992,18300,1,,,
8.41,-4.245,44.7,949,28300,1,,,
3.2,-7.305,59.8,806,18800,1,,,
2.71,-8.269,67.1,686,59700000,1,,,
2.7,-8.153,79.2,729,16900000,1,,,
5.17,-5.852,60.5,722,47000000,1,,,
5.88,-4.35,55.3,902,286000,1,,,
3.25,-12.437,52.3,760,10300000,1,,,
3.64,-4.151,55.2,779,4190000,1,,,
10.9,-4.238,21,898,3540000,1,,,
3.2,-10.437,68.8,716,905000,1,,,
15.1,-7.157,77.6,680,18600000,1,,,
5.62,-8.937,67.5,649,33400000,1,,,
3.32,-9.69,72.1,370,24500000,1,,,
3.01,-10.27,60.3,494,42800000,1,,,
4.64,-5.826,49.8,748,5450,1,,,
6.85,-9.478,40.8,692,23500000,1,,,
4.23,-9.564,35.8,300,77700000,1,,,
5.96,-11.925,32.9,806,5650000,1,,,
2.68,-7.343,46.2,659,52600000,1,,,
3.67,-7.058,71,649,21800000,1,,,
2.81,-5.377,65.4,828,146000,1,,,
3.11,-5.452,53.3,876,75400,1,,,
4.02,-9.182,61,662,57000000,1,,,
8.4,-5.59,46,949,141000,1,,,
4.88,-4.758,52,815,172000,1,,,
3.8,-3.524,48.9,769,135000,1,,,
2.77,-8.049,67.4,659,156000,1,,,
3.65,-8.329,80.5,775,70700000,1,,,
6.63,-4.559,55.7,833,226000,1,,,
3.77,-8.592,61.3,376,9190000,1,,,
4.63,-6.787,26.3,733,1900,1,,,
7.31,-5.002,36.8,769,15300,1,,,
8.18,-9.303,77.3,483,1660000,1,,,
21.7,-6.021,72.7,847,1400000,1,,,
6.05,-12.242,57.6,494,10600000,1,,,
2.57,-6.361,59,409,18500000,1,,,
4.82,-4.45,69.8,875,45600000,1,,,
4.44,-4.555,92,914,2220000,1,,,
9.54,-4.365,42.2,943,7400000,1,,,
4.06,-6.266,51.7,691,7320000,1,,,
3.26,-18.612,15.6,138,96500000,1,,,
5,-4.651,35.8,912,336,1,,,
2.42,-7.105,54.2,626,7890000,1,,,
7.84,-5.533,37.1,921,1130000,1,,,
3.7,-10.005,42.5,515,68200000,1,,,
5.65,-7.62,76.3,525,7100000,1,,,
3.23,-9.852,83.5,559,31400000,1,,,
3.16,-5.942,58,910,24700000,1,,,
3.41,-9.946,19.1,376,47000000,1,,,
12.7,-2.371,46.2,981,166000,1,,,
3.65,-10.855,69.3,528,7140000,1,,,
12.3,-5.683,38.3,885,2950000,1,,,
15.5,-4.224,41.1,889,66400,1,,,
9.8,-5.297,40.1,904,38500,1,,,
3.05,-7.135,58.2,502,25500000,1,,,
3.14,-9.424,43.9,795,407000,1,,,
2.74,-9.536,51.1,674,11700000,1,,,
4.62,-10.888,74,452,86700000,1,,,
3.39,-13.138,58.1,348,48000000,1,,,
4.05,-5.763,59.6,727,481000,1,,,
4.28,-3.124,41.5,901,987000,1,,,
8.11,-7.937,67.6,408,57600000,1,,,
4.88,-8.334,36.7,779,574000,1,,,
2.98,-4.848,68.6,729,17500000,1,,,
9.91,-5.237,39.9,975,11400,1,,,
8.4,-1.7,30,998,39000,1,,,
4.54,-6.469,62.1,962,28200000,1,,,
4.25,-8.685,69.7,867,739000,1,,,
3.24,-9.171,56.7,532,19100000,1,,,
2.84,-3.605,72.2,900,660000,1,,,
6.2,-4.963,32.7,841,10100,1,,,
5.01,-9.782,68.7,361,63100000,1,,,
9.34,-9.431,70.4,657,873000,1,,,
21,-8.906,77,748,217000,1,,,
18.3,-4.582,79.2,946,29200000,1,,,
2.93,-6.437,49.4,805,59500,1,,,
7.96,-11.494,33,556,20700000,1,,,
3.59,-3.323,65.2,876,3070000,1,,,
10.1,-4.854,51,759,3400000,1,,,
2.44,-8.955,63.6,510,6880000,1,,,
4.34,-6.13,42.4,873,451000,1,,,
3.35,-6.537,54.6,696,8870000,1,,,
5.1,-5.502,71.3,735,87900,1,,,
8.63,-7.165,23.6,823,69900000,1,,,
3.47,-7.144,54.3,525,22800000,1,,,
4.07,-9.357,88.1,546,5320000,1,,,
5.35,-11.02,80.6,600,2510000,1,,,
4.03,-7.533,74.6,691,18400000,1,,,
14.6,-4.866,69.6,830,7170000,1,,,
4.82,-4.45,69.8,875,45600000,1,,,
7.62,-4.939,22.9,915,1030000,1,,,
8.57,-10.469,37.8,764,2110000,1,,,
3.84,-16.843,12.1,147,93000000,1,,,
6.08,-4.96,57.2,688,4740000,1,,,
7.6,-12.683,31.1,775,50600000,1,,,
4.39,-8.124,45.2,818,13500000,1,,,
4.18,-5.196,53.3,661,2390000,1,,,
4.17,-7.612,53.6,704,9320000,1,,,
6,-8.089,36.3,803,1170000,1,,,
19.7,-14.699,20.8,564,10200000,1,,,
3.69,-7.327,41.4,499,819000,1,,,
14.5,-12.049,45.8,731,4870000,1,,,
7,-3.335,24,956,3390,1,,,
4.67,-7.686,72.5,916,1420000,1,,,
8.52,-4.169,52.6,776,43100,1,,,
5.12,-6.17,52.2,817,32900000,1,,,
2.89,-12.505,62.8,345,42500000,1,,,
7.28,-8.53,54.7,647,431000,1,,,
7.75,-4.046,60.2,905,20200,1,,,
5.33,-11.535,52.1,818,6860000,1,,,
3.84,-4.364,60.1,723,34700,1,,,
3.09,-5.924,54.2,668,22500000,1,,,
2.66,-9.339,73.6,454,7460000,1,,,
12.2,-7.902,70.4,917,9120,1,,,
3.68,-4.845,25.2,800,12000000,1,,,
3.97,-7.543,49.4,657,6320000,1,,,
4.18,-24.035,12.4,71.2,93900000,1,,,
4.1,-9.251,76.1,273,77600000,1,,,
2.85,-7.805,65.5,649,34000000,1,,,
4.47,-7.007,75.3,828,19000000,1,,,
6.62,-7.44,34.6,594,22800000,1,,,
3.43,-12.766,54.7,166,83300000,1,,,
14.8,-7.658,47.6,731,48400000,1,,,
32,-3.845,28.1,918,16600000,1,,,
31,-5.66,59.8,875,4910000,1,,,
7.65,-5.95,32.4,832,7050,1,,,
4.19,-5.373,34.3,901,244000,1,,,
5.45,-5.472,69.6,571,2850000,1,,,
37.2,-10.936,53.1,546,26000000,1,,,
6.47,-4.902,43.6,876,3330,1,,,
4.94,-9.473,46.9,669,3850000,1,,,
3.09,-14.31,57.3,304,33200000,1,,,
3.21,-10.254,57.5,558,5180000,1,,,
10.1,-4.975,60.9,868,20500000,1,,,
7.1,-6.355,56.7,758,1720000,1,,,
3.21,-4.046,55,874,43600,1,,,
2.88,-7.881,57.8,794,12800000,1,,,
3.6,-8.475,73.2,408,74700000,1,,,
12.8,-4.955,73.6,970,22800,1,,,
3.09,-7.249,40.7,738,3030000,1,,,
3.58,-9.832,59.7,404,76700000,1,,,
5.42,-5.243,36.8,897,186000,1,,,
4.15,-6.301,17.8,684,5820,1,,,
6.12,-5.024,45.9,931,126000,1,,,
3.23,-6.261,73.7,668,405000,1,,,
5.54,-4.157,34.4,925,1060000,1,,,
14.4,-9.149,69.7,410,41200000,1,,,
5.7,-4.907,50.9,584,3680000,1,,,
2.85,-7.646,40.5,633,188000,1,,,
5.56,-6.686,49.3,856,2770000,1,,,
2.9,-4.914,60.3,797,3330000,1,,,
10.1,-7.649,35.9,949,5560000,1,,,
4.39,-6.129,51,718,183000,1,,,
3.37,-5.485,46.8,815,52700,1,,,
12.4,-7.078,32,798,33000,1,,,
27.3,-11.229,76.3,632,33200000,1,,,
5.8,-14.112,68,246,78300000,1,,,
7.18,-8.564,53.2,470,77500000,1,,,
2.69,-5.855,52.3,769,4000000,1,,,
32.9,-8.622,79.2,873,402000,1,,,
42.9,-10.563,74.7,453,37200000,1,,,
2.6,-10.917,73.7,409,18000000,1,,,
10.2,-7.332,32.4,938,3200000,1,,,
4.72,-7.718,24.7,764,542000,1,,,
8.09,-4.442,47.4,956,124000,1,,,
3.61,-7.832,68.9,687,6740000,1,,,
6.63,-6.827,36,909,34700,1,,,
2.89,-8.22,49.1,686,2360000,1,,,
5.01,-3.398,44.3,934,604000,1,,,
4.39,-5.567,36.4,719,5510000,1,,,
4.16,-6.994,74.4,872,279000,1,,,
3.56,-4.569,67.7,870,19900000,1,,,
3.7,-6.739,57,804,611000,1,,,
4.91,-6.183,67.3,808,1210000,1,,,
13.8,-3.632,37.8,953,71900,1,,,
14.3,-5.487,41.4,938,125000,1,,,
6.8,-7.837,35.6,872,417000,1,,,
3.36,-4.569,54,631,316000,1,,,
2.88,-7.73,60.3,443,53300000,1,,,
3.36,-5.11,48.9,649,60300,1,,,
6.17,-7.338,56.2,961,486000,1,,,
6.62,-8.305,38.2,880,12700,1,,,
5.83,-2.696,50.4,938,743000,1,,,
5.15,-4.556,64.9,791,13600000,1,,,
4.23,-4.698,44.6,902,966000,1,,,
3.23,-8.808,51.2,883,1330000,1,,,
4.38,-5.543,72.8,664,973000,1,,,
3.44,-7.258,69.4,712,4040000,1,,,
2.45,-9.412,48.8,444,55800000,1,,,
4.43,-8.967,55.6,849,107000,1,,,
3.07,-5.34,67.7,791,394000,1,,,
2.37,-6.537,53,396,63700000,1,,,
3.01,-9.487,47,432,64600000,1,,,
4.35,-5.638,38.3,970,2760000,1,,,
15.7,-3.205,51,818,4390000,1,,,
4.74,-3.662,71.7,866,24800000,1,,,
9.65,-7.652,52.8,511,74700000,1,,,
3.88,-4.025,48.1,765,381000,1,,,
6.48,-5.734,34.3,910,136000,1,,,
3.42,-19.926,25.2,184,71600000,1,,,
3.45,-8.347,49.4,735,401000,1,,,
2.82,-9.279,35.6,247,43300000,1,,,
21.7,-3.496,19.1,948,2780,1,,,
7.47,-7.655,42.8,843,5800000,1,,,
3.1,-12.442,58.9,274,30200000,1,,,
4.12,-4.941,69.8,675,34800,1,,,
2.82,-5.222,60.3,827,13800000,1,,,
11.7,-3.795,36,895,3290000,1,,,
3.67,-5.987,77.8,552,661000,1,,,
5.41,-9.665,79.3,656,10200000,1,,,
5.26,-5.007,52.6,837,9780000,1,,,
7.87,-4.555,55.1,839,8180000,1,,,
3.01,-5.046,42,776,2650000,1,,,
2.55,-10.879,73.6,475,292000,1,,,
3.17,-9.451,45.7,909,160000,1,,,
3.14,-6.342,57.1,654,55900,1,,,
3.16,-9.342,38.9,476,61900000,1,,,
4.36,-6.838,61.9,504,64300000,1,,,
2.91,-5.583,48.3,659,4420000,1,,,
12.9,-6.4,15.8,893,782000,1,,,
7.16,-5.194,50.2,941,34600,1,,,
6.36,-9.818,62.3,709,10200000,1,,,
2.92,-7.462,50.2,631,17500000,1,,,
5.84,-6.281,40.6,682,41300,1,,,
14.4,-8.838,39.3,964,73500,1,,,
5.52,-10.283,25.6,641,19900000,1,,,
3.46,-25.266,47.7,61.2,98400000,1,,,
17.7,-6.679,81.8,705,836000,1,,,
3.46,-2.94,48.3,858,5590000,1,,,
12.6,-5.909,50.9,733,1650000,1,,,
2.48,-4.173,60.6,532,9560000,1,,,
3.21,-9.116,58,571,37800000,1,,,
4.23,-6.48,50.3,685,4210000,1,,,
3.15,-3.534,54,811,519000,1,,,
6.1,-6.235,49.5,960,2810000,1,,,
4.11,-25.131,46.8,83.5,95000000,1,,,
2.93,-4.041,50.2,662,322000,1,,,
4.87,-6.078,42.1,598,3490000,1,,,
6.4,-5.059,73.3,944,170000,1,,,
2.65,-14.754,44.7,210,71500000,1,,,
3.74,-6.087,55.3,707,2420000,1,,,
14.9,-15.366,79.2,747,20200000,1,,,
3.76,-21.35,25.4,117,96400000,1,,,
3.71,-7.995,59.2,805,12800,1,,,
3.03,-6.185,58.6,777,4780,1,,,
4.79,-9.249,50.4,604,36500000,1,,,
5.67,-5.858,46.1,872,31500,1,,,
6.19,-6.789,64.2,820,1280000,1,,,
2.96,-13.68,51.5,239,71400000,1,,,
3.84,-9.511,43.2,630,6630000,1,,,
3.38,-12.49,58.8,379,55700000,1,,,
4.26,-5.404,42.9,854,120000,1,,,
6.06,-8.526,53.2,675,968000,1,,,
14.6,-7.385,76.4,706,25300000,1,,,
5.74,-6.841,58.2,539,17400000,1,,,
3.12,-13.153,44.8,246,90500000,1,,,
2.66,-5.632,51.2,459,46800000,1,,,
3.91,-2.552,42.4,944,904,1,,,
9.79,-7.891,57.2,704,60100000,1,,,
4.32,-9.072,43.1,927,599,1,,,
3.15,-3.738,47.2,849,362000,1,,,
6.32,-4.88,61.5,785,1860000,1,,,
12,-4.563,52.5,578,1320000,1,,,
4.22,-6.069,28.4,875,752000,1,,,
3.92,-11.455,60.7,413,52500000,1,,,
2.43,-7.25,49.8,731,12800000,1,,,
11.3,-8.896,72.6,537,31600000,1,,,
7.74,-2.433,31.8,919,771000,1,,,
20.9,-7.638,53.1,648,71200000,1,,,
3.9,-3.252,28.8,629,22300,1,,,
9.83,-10.244,69.9,530,74600000,1,,,
19,-3.203,52.7,973,75600,1,,,
3.36,-6.455,72.8,638,24900000,1,,,
5.77,-7.358,60.3,872,121000,1,,,
15.6,-3.094,64.1,880,2190000,1,,,
3.81,-8.041,72.4,538,4080000,1,,,
3.33,-9.954,69.6,434,69200000,1,,,
2.65,-6.289,52.2,530,31500000,1,,,
6.75,-9.954,45.7,884,2000000,1,,,
3.16,-8.677,29.6,432,59000,1,,,
3.64,-28.021,41.4,10.8,97600000,1,,,
9.48,-5.976,53.6,836,23300,1,,,
3.33,-14.01,47.9,325,16100000,1,,,
3.2,-6.142,61.1,568,9060000,1,,,
5.8,-14.112,68,246,78300000,1,,,
4.37,-4.515,50.9,874,6870000,1,,,
3.4,-7.246,60.8,759,5690000,1,,,
7.31,-5.002,36.8,769,15300,1,,,
3.88,-5.617,34.8,521,25300000,1,,,
2.76,-9.932,58.7,566,47000000,1,,,
4.25,-4.261,52.1,935,3610000,1,,,
7.65,-5.598,48.5,707,33900000,1,,,
4.5,-5.189,52.3,803,57900000,1,,,
3.15,-7.309,54.8,543,23400000,1,,,
4.53,-11.109,53.5,858,10100000,1,,,
4.16,-4.72,48.4,643,360000,1,,,
4.26,-5.404,42.9,854,120000,1,,,
5.4,-5.653,54.2,905,172000,1,,,
4.42,-21.88,54.4,22.1,99400000,1,,,
5.69,-7.547,47.8,923,2700,1,,,
5.29,-9.723,72.1,782,71600000,1,,,
3.83,-8.073,58.7,573,2080000,1,,,
3.48,-10.043,72.8,572,24200000,1,,,
7.34,-11.966,43.4,599,189000,1,,,
8.98,-7.24,41.7,630,2090000,1,,,
12,-4.563,52.5,578,1320000,1,,,
4.55,-6.04,63.2,893,1430000,1,,,
3.12,-9.192,44.6,373,9490000,1,,,
4.89,-7.081,78.2,444,904000,1,,,
3.67,-12.275,35,510,4710000,1,,,
3.52,-28.619,22.2,28.5,99000000,1,,,
3.88,-7.955,59.6,576,37600000,1,,,
3.01,-10.114,49.1,696,70700000,1,,,
12.5,-4.195,58.6,636,51200000,1,,,
3.15,-8.622,67.5,380,71500000,1,,,
7.93,-6.622,32.6,897,930000,1,,,
4.45,-9.886,68.2,740,28600000,1,,,
13,-7.602,13.6,945,31200,1,,,
5.1,-8.079,45.9,698,2940000,1,,,
3.17,-16.099,56.9,283,74400000,1,,,
5.05,-3.945,23.7,880,854,1,,,
22.4,-6.963,81.2,516,36900,1,,,
3.21,-8.199,59.7,762,18900000,1,,,
5.64,-9.551,63.6,241,69100000,1,,,
8.3,-6.954,26.4,744,15600000,1,,,
9.48,-9.54,81.1,453,43800000,1,,,
8.37,-5.409,89.8,544,43700000,1,,,
5.98,-10.142,68.2,561,42300000,1,,,
4.38,-4.633,69.6,790,279000,1,,,
17.8,-5.926,56.6,873,37100,1,,,
7.74,-5.46,52.3,724,80000000,1,,,
3.54,-4.235,54.6,867,2560000,1,,,
14.7,-3.09,44.1,976,33500,1,,,
7.56,-4.373,46.3,908,893000,1,,,
3.94,-10.533,51.5,447,29100000,1,,,
6.42,-5.158,63.3,939,64200,1,,,
11.3,-3.891,49.2,911,1500000,1,,,
3.21,-6.377,34.4,821,1640000,1,,,
4.55,-8.303,39.9,744,8440,1,,,
3.62,-3.498,57.2,949,14000000,1,,,
8.12,-6.46,65.7,415,29900000,1,,,
3.97,-4.019,36.3,810,805000,1,,,
5.27,-9.393,58.7,968,86900,1,,,
5.44,-4.68,55.9,952,24200,1,,,
6.5,-6.654,67.4,831,3150000,1,,,
5.86,-6.698,17.2,871,1630,1,,,
34.5,-6.204,48.9,726,20000000,1,,,
5.69,-4.966,50.5,839,1110000,1,,,
4.47,-5.503,42.6,920,11400,1,,,
4.31,-4.599,53,721,470000,1,,,
4.69,-4.876,39,629,1870000,1,,,
3.37,-6.526,46,653,21700000,1,,,
5.82,-4.261,65.3,964,316000,1,,,
3.52,-9.965,61.4,663,29000000,1,,,
4.51,-4.168,36.4,904,341000,1,,,
3.46,-6.667,46.2,840,5050,1,,,
2.82,-5.232,49.8,721,13600000,1,,,
2.55,-7.31,50.1,792,708000,1,,,
2.9,-7.579,50,794,478000,1,,,
7.28,-8.53,54.7,647,431000,1,,,
5.25,-5.137,54.6,878,1330000,1,,,
5.42,-26.635,29.7,203,87300000,1,,,
4.31,-5.75,49.3,839,11500,1,,,
4.74,-6.121,42.6,954,144000,1,,,
3.65,-6.461,71.2,629,1810000,1,,,
5.89,-5.217,53.3,768,165000,1,,,
3.37,-7.44,59.6,658,25800000,1,,,
13.4,-3.631,47,954,15900,1,,,
8.76,-5.545,72.5,747,2720000,1,,,
3.08,-6.781,54.9,502,33900000,1,,,
6.81,-11.213,72.1,485,15800000,1,,,
4.64,-7.39,61.8,554,2900000,1,,,
6.71,-4.33,45.1,912,45200,1,,,
5.54,-10.068,56.4,932,1300000,1,,,
2.63,-8.202,61.7,588,5340000,1,,,
6.22,-7.38,79.8,519,37500000,1,,,
3.66,-8.171,50.3,431,27500000,1,,,
2.9,-10.229,41.2,348,25500000,1,,,
14.5,-3.248,40,986,6170,1,,,
3.01,-7.481,54.2,531,330000,1,,,
7.83,-4.496,58.7,990,1720000,1,,,
3.65,-17.042,21.2,239,91900000,1,,,
6.04,-4.612,39.6,905,2920,1,,,
3,-12.621,73.1,451,48200000,1,,,
3.71,-17.797,18,244,88000000,1,,,
4.49,-10.419,68.9,657,843000,1,,,
5.56,-5.883,58.5,842,242000,1,,,
5.07,-4.592,32.5,865,11100,1,,,
3.15,-9.066,21.9,386,64300000,1,,,
3.17,-15.432,45.7,223,98800000,1,,,
5.85,-8.279,68.4,638,39300000,1,,,
4.1,-5.373,35,828,21700,1,,,
3.39,-8.142,61.2,789,6870000,1,,,
9.02,-3.778,37.6,947,757000,1,,,
5.36,-7.523,76.5,871,7000000,1,,,
2.68,-11.318,75,343,61200000,1,,,
10.5,-5.426,53.8,899,94200,1,,,
2.93,-5.565,65.4,658,33900000,1,,,
2.66,-9.489,58.6,541,57600000,1,,,
3.67,-4.606,55.6,920,271000,1,,,
25.9,-4.714,58,788,1230000,1,,,
6.72,-4.155,69,834,45500000,1,,,
19.7,-3.642,65.2,984,258000,1,,,
3.48,-4.487,58.4,836,13200000,1,,,
11,-8.144,35.2,927,6900,1,,,
12.2,-7.091,40.1,822,14700,1,,,
5.05,-4.633,44.4,896,37000,1,,,
3.92,-6.487,60.1,807,20900,1,,,
3.08,-2.815,50.7,918,1790000,1,,,
10.8,-4.573,75.8,954,19600000,1,,,
7.19,-4.818,32.3,901,3150,1,,,
3.99,-6.887,54.6,760,629000,1,,,
3.64,-5.162,53.4,712,12200000,1,,,
5.58,-4.631,65.8,814,22900000,1,,,
9.43,-7.914,36.1,910,3380000,1,,,
3.37,-9.412,32,456,63700000,1,,,
2.73,-9.158,49.4,862,1200000,1,,,
3.15,-9.574,69.8,514,1870000,1,,,
3.93,-11.77,52.2,695,90900,1,,,
3.12,-11.381,48.1,392,36600000,1,,,
9.68,-4.739,47,969,70200,1,,,
2.51,-7.637,54.8,580,4800000,1,,,
5.12,-6.17,52.2,817,32900000,1,,,
3.91,-6.099,46.3,890,13800,1,,,
4.58,-3.78,22.5,727,514,1,,,
12,-13.461,40.8,541,54400000,1,,,
6.97,-8.383,58.3,921,377000,1,,,
15.7,-2.622,42,988,164000,1,,,
7.74,-5.655,32.4,967,2780000,1,,,
3.12,-5.048,57.6,856,1450000,1,,,
5.79,-4.361,56.7,763,15000000,1,,,
5.8,-4.761,40,906,5120,1,,,
7.29,-3.141,38.5,947,4720,1,,,
8.91,-8.118,46.3,749,796000,1,,,
2.97,-5.703,62.4,910,2850000,1,,,
4.16,-4.325,17.5,857,550,1,,,
3.01,-5.27,66,578,2480000,1,,,
7.93,-5.861,62.5,916,3680000,1,,,
5.8,-6.049,25.8,723,2320000,1,,,
3.88,-4.025,48.1,765,381000,1,,,
3.93,-7.944,62,684,36900000,1,,,
3.19,-17.301,21.4,243,91700000,1,,,
2.62,-7.305,58.1,432,46100000,1,,,
3.58,-6.128,52.9,835,225000,1,,,
3.7,-5.204,40.1,650,44700000,1,,,
4.44,-3.175,61.4,910,956000,1,,,
4.48,-8.216,75.4,679,465000,1,,,
44.4,-9.157,63.7,489,13600000,1,,,
6.47,-6.592,44.5,886,158000,1,,,
4.4,-7.631,70.5,633,8470000,1,,,
6.56,-5.166,40.7,932,1050000,1,,,
30.1,-9.069,65,518,721000,1,,,
8.54,-6.181,83.1,815,2730000,1,,,
7.54,-3.348,48.2,883,8910000,1,,,
24.2,-4.561,51.1,934,403000,1,,,
3.98,-7.195,49.4,936,1120000,1,,,
3.92,-7.302,61.8,774,44100000,1,,,
4.67,-4.092,64.1,801,28800000,1,,,
3.29,-7.412,44.8,460,32100000,1,,,
4.55,-3.526,26,837,172000,1,,,
4.33,-11.618,61.1,835,535000,1,,,
3.06,-9.965,57.9,310,51100000,1,,,
2.68,-6.503,54.6,445,4020000,1,,,
5.38,-9.948,68.2,780,1140000,1,,,
11.3,-1.742,32.3,982,70600000,1,,,
6.75,-8.489,69.3,514,972000,1,,,
31.8,-8.535,48.1,645,8630000,1,,,
3.19,-5.787,48.3,931,181000,1,,,
3.54,-6.395,41.4,828,4110000,1,,,
6.4,-5.361,54.6,853,19800,1,,,
3.01,-10.27,60.3,494,42800000,1,,,
4.11,-5.403,57.2,931,103000,1,,,
4.65,-7.759,55.3,512,56900000,1,,,
2.81,-6.165,39.2,677,192000,1,,,
4.75,-4.354,63.6,887,257000,1,,,
4.95,-4.314,60.1,937,349000,1,,,
3.44,-6.158,58.4,931,315000,1,,,
3.52,-5.576,74.3,733,705000,1,,,
9.69,-8.069,76.5,476,21300000,1,,,
4.09,-5.358,47.2,965,4400000,1,,,
3.63,-11.241,53.7,355,35700000,1,,,
3.96,-11.845,73.6,439,22200000,1,,,
4.39,-7.462,72,572,32600000,1,,,
2.58,-8.101,66,485,24400000,1,,,
3.36,-4.95,48.5,669,8020000,1,,,
2.98,-8.546,51,385,31200000,1,,,
3.11,-6.762,38.4,292,62300000,1,,,
5.68,-11.844,47.1,632,8960000,1,,,
3.72,-3.321,49.3,898,21900,1,,,
5.59,-7.381,67.3,704,1540000,1,,,
3.62,-18.45,60.4,370,83600000,1,,,
3.47,-6.234,40.9,566,58200000,1,,,
5.67,-6.683,63.1,883,24200000,1,,,
5.01,-3.398,44.3,934,604000,1,,,
2.88,-7.03,51,242,54600000,1,,,
11.9,1.342,61.5,970,1040000,1,,,
12,-5.231,32.4,976,11300,1,,,
25.2,-5.877,58.6,781,375000,1,,,
4.3,-6.367,40.2,835,5580000,1,,,
5.77,-3.912,55.3,905,85200,1,,,
7.24,-5.578,45.9,953,12100,1,,,
3.18,-7.355,63.9,544,26100000,1,,,
3.09,-9.391,42.6,721,2730,1,,,
3.93,-3.34,77.5,693,2520000,1,,,
3.65,-8.176,61.6,727,401000,1,,,
8.73,-8.924,54.2,910,228000,1,,,
10.6,-7.652,93.3,539,31800000,1,,,
6.63,-12.691,46.2,703,35800000,1,,,
5.3,-6.072,27.4,719,12100000,1,,,
6.96,-5.119,36.6,940,76900,1,,,
6.09,-4.091,55.3,828,11000000,1,,,
5.07,-5.143,57.6,970,21400000,1,,,
3.39,-8.656,27.5,524,78500000,1,,,
4.77,-8.188,58.5,404,45800000,1,,,
4.76,-6.622,23.4,832,275000,1,,,
4.33,-17.859,60.3,139,97900000,1,,,
3.3,-8.18,63.7,847,24200000,1,,,
5.31,-8.057,49,784,2350000,1,,,
3.61,-10.505,40.7,704,3950000,1,,,
3.17,-4.444,80.4,661,34300000,1,,,
8.36,-4.851,49.7,970,9040,1,,,
2.81,-7.573,70.9,685,3550000,1,,,
5.67,-3.622,57.8,952,566000,1,,,
2.89,-9.296,62.2,737,3490000,1,,,
2.98,-4.9,55.2,673,553000,1,,,
5.25,-8.334,43.4,614,48600000,1,,,
4.67,-4.092,64.1,801,28800000,1,,,
8.05,-5.26,50.9,935,2100000,1,,,
3.03,-4.445,72.6,678,25200000,1,,,
11.7,-9.142,66,708,10100000,1,,,
4.85,-8.409,51.4,428,10100000,1,,,
4.58,-30.016,55.8,25.9,99600000,1,,,
6.68,-9.069,52.2,817,11800000,1,,,
4.71,-8.016,78.8,871,2070000,1,,,
8.71,-5.235,38.6,940,6800,1,,,
3.32,-7.68,49.1,809,33000000,1,,,
2.81,-7.834,58.6,718,12800000,1,,,
4.05,-4.921,59.1,745,1110000,1,,,
5.75,-6.727,79.7,872,29100000,1,,,
7.99,-7.828,72.6,463,817000,1,,,
3.02,-6.312,58,709,1820,1,,,
15.4,-3.292,21.1,973,150000,1,,,
12.6,-9.902,80.3,941,5180,1,,,
6.56,-8.097,67,716,31800,1,,,
3.45,-24.746,46.7,117,97700000,1,,,
4.4,-9.175,61.2,860,253000,1,,,
2.45,-9.038,63.1,515,3390000,1,,,
3.42,-4.798,63.2,760,245000,1,,,
4.32,-6.195,63.6,720,8930000,1,,,
2.88,-9.246,55.3,640,1090000,1,,,
4.85,-9.874,34.6,944,4160,1,,,
2.72,-13.181,45.2,507,21500000,1,,,
13.1,-9.719,47,420,9870000,1,,,
11.8,-3.501,49.2,939,247000,1,,,
2.91,-4.982,67.3,716,8800000,1,,,
4.19,-32.22,15.8,35.6,97500000,1,,,
4.05,-23.811,44.8,154,79500000,1,,,
3.17,-7.099,76.5,779,21100000,1,,,
33.3,-8.914,83.7,518,31800000,1,,,
3.45,-5.288,51.6,923,3470,1,,,
5.17,-5.232,59.3,931,3220000,1,,,
2.9,-8.288,41.5,362,72300000,1,,,
5.12,-4.913,57.5,936,12800,1,,,
5.46,-5.413,49.8,889,9470000,1,,,
3.26,-8.776,61,678,1250000,1,,,
21.1,-5.082,55.8,977,61800,1,,,
3.97,-24.814,21.8,179,96600000,1,,,
7.03,-4.313,31.1,884,13300,1,,,
5.11,-6.198,44.3,956,5240,1,,,
5.93,-4.671,57.8,894,158000,1,,,
3.17,-5.379,63,842,3270000,1,,,
2.97,-6.838,72.9,676,27900000,1,,,
3.34,-7.981,61.6,638,2450000,1,,,
4.34,-8.641,65,729,37000000,1,,,
8.13,-1.101,37.4,991,38000000,1,,,
3.24,-5.627,46.4,764,1700000,1,,,
33.5,-8.979,64.6,569,1710000,1,,,
8.62,-6.913,29.1,767,40100,1,,,
9.19,-4.897,36.8,921,71600,1,,,
6.13,-5.448,62.6,559,56300000,1,,,
3.53,-14.178,51.9,441,2040000,1,,,
7.84,-10.581,52.9,861,29200000,1,,,
5,-4.484,75.4,920,18300000,1,,,
3.4,-8.581,76.3,648,37500000,1,,,
3.17,-8.155,55.2,618,48600000,1,,,
3.14,-7.537,58.9,777,98700,1,,,
7.15,-7.271,39.6,415,57100000,1,,,
6.38,-5.48,58.1,847,25900,1,,,
2.94,-4.281,46,889,321,1,,,
5.63,-10.924,57.3,574,11000000,1,,,
4.69,-5.336,49.5,931,250000,1,,,
2.78,-4.88,56.6,872,509000,1,,,
26.9,-6.352,57.2,697,83000,1,,,
5.8,-8.965,82.2,464,19200000,1,,,
4.58,-5.004,68.2,736,1700000,1,,,
8.21,-7.632,52.7,704,62600000,1,,,
7.41,-5.955,38.6,916,10500000,1,,,
5.4,-9.957,41.9,608,79800000,1,,,
6.63,-4.559,55.7,833,226000,1,,,
2.73,-9.158,49.4,862,1200000,1,,,
3.01,-4.957,62.1,936,1640000,1,,,
13.3,-10.39,61.5,616,3990000,1,,,
11.3,-9.442,59.3,691,1330000,1,,,
5.95,-8.835,59.5,633,44900000,1,,,
3.92,-11.04,65,188,88200000,1,,,
4.44,-4.555,92,914,2220000,1,,,
4.83,-3.868,43.3,854,33600,1,,,
7.75,-4.808,46.7,958,47900,1,,,
3.96,-14.288,64.1,101,94100000,1,,,
3.11,-6.708,54.3,608,11900000,1,,,
2.96,-7.922,56.3,535,50900000,1,,,
55,-11.584,94,425,21000,1,,,
12.3,-8.07,50.8,797,45700,1,,,
3.51,-11.272,36.2,268,92600000,1,,,
2.74,-13.831,61.5,518,60400000,1,,,
9.68,-4.739,47,969,70200,1,,,
2.78,-11.842,38.3,475,706000,1,,,
3.44,-8.106,53.1,438,44500000,1,,,
7.11,-11.795,67.5,444,84200000,1,,,
2.96,-7.656,34,579,4140000,1,,,
4,-10.264,66.7,659,72800000,1,,,
2.66,-8.374,74.4,391,76900000,1,,,
4.49,-5.104,66.6,723,1510000,1,,,
4.36,-5.9,61.1,846,509000,1,,,
3.31,-12.074,75,593,7920000,1,,,
7.62,-3.942,39.2,979,1630000,1,,,
6.5,-6.654,67.4,831,3150000,1,,,
14.6,-4.866,69.6,830,7170000,1,,,
23.8,-1.226,42.1,950,66100,1,,,
4.17,-3.027,60.3,954,53600,1,,,
8.78,-5.823,52.1,777,1940000,1,,,
7.64,-5.214,44.2,846,5380000,1,,,
13.2,-4.838,46.8,902,3250000,1,,,
2.95,-7.489,47.4,363,1260000,1,,,
13.2,-4.109,43.2,878,315000,1,,,
4.54,-6.869,87.4,318,3530000,1,,,
3.67,-7.058,71,649,21800000,1,,,
14.3,-4.114,47.8,899,12400000,1,,,
23.6,-9.791,67.4,597,58700000,1,,,
3.36,-5.11,48.9,649,60300,1,,,
2.74,-9.51,66.4,496,5510000,1,,,
2.9,-6.243,65.4,721,19300000,1,,,
16.7,-10.308,81.4,785,14400000,1,,,
2.74,-7.474,55.3,621,591000,1,,,
2.8,-6.156,66.6,803,2280000,1,,,
5.05,-9.594,42.9,914,3210000,1,,,
3.69,-10.728,56.1,393,86700000,1,,,
11.6,-11.139,72.4,523,7450000,1,,,
5.51,-9.066,28.1,614,8800000,1,,,
4.54,-7.15,50.5,762,4150000,1,,,
13.4,-3.631,47,954,15900,1,,,
4.4,-4.698,36.7,707,806000,1,,,
3.94,-9.938,60.8,685,101000,1,,,
7.41,-10.62,39.9,747,3200000,1,,,
4.65,-11.23,77.2,604,29600000,1,,,
5.7,-3.066,53.3,967,4260000,1,,,
6.9,-8.643,73.9,647,8520000,1,,,
9.04,-4.099,58.3,881,134000,1,,,
2.86,-6.629,51.6,796,1470000,1,,,
6.8,-6.516,73.3,762,43300,1,,,
8.89,-4.874,41.5,940,490000,1,,,
4.15,-14.043,32,545,58600000,1,,,
4.2,-6.916,34.5,517,2190000,1,,,
3.77,-8.821,27.7,663,40900,1,,,
3.38,-5.23,51,778,38000000,1,,,
3.45,-8.214,62.8,860,14600000,1,,,
2.92,-6.472,33.7,572,923000,1,,,
18.3,-5.885,38.1,868,429000,1,,,
4.18,-6.525,63.2,673,4760000,1,,,
4.21,-13.55,82.9,388,67500000,1,,,
3.1,-6.849,40.4,514,137000,1,,,
48.9,-3.837,52,967,248000,1,,,
3.56,-4.71,78.5,892,7110000,1,,,
4.53,-6.883,46.1,755,146000,1,,,
4.91,-4.55,46.3,957,46900,1,,,
4.69,-9.044,47.1,490,62500000,1,,,
4.31,-8.065,51.9,386,78600000,1,,,
3.27,-8.688,65.3,843,21100000,1,,,
5.89,-4.621,25.8,889,20400,1,,,
6.13,-5.157,50.5,947,2070,1,,,
5.62,-6.629,38.5,694,7040000,1,,,
5.92,-8.726,65.1,533,13100000,1,,,
8.43,-7.779,72,494,12500000,1,,,
3.58,-9.726,67,707,71400000,1,,,
4.69,-5.336,49.5,931,250000,1,,,
2.96,-8.921,47.3,735,6030000,1,,,
2.93,-4.807,64.9,888,1300000,1,,,
13.3,-10.329,27.7,552,4800000,1,,,
4.43,-7.236,60.2,631,33500000,1,,,
5.42,-4.967,72.2,850,55400,1,,,
2.91,-7.604,28.2,648,1200000,1,,,
4.73,-6.758,52.9,880,15200000,1,,,
8.32,-6.789,70,798,5630000,1,,,
4.94,-10.495,66.9,733,2050000,1,,,
4.26,-6.144,58.1,569,4690000,1,,,
3.1,-8.277,63.4,630,44700000,1,,,
10,-4.261,42.3,984,2290,1,,,
10.9,-16.729,57.5,318,68300000,1,,,
3.7,-10.144,34.1,470,22600000,1,,,
14.9,-9.635,40.8,885,45600,1,,,
9.15,-7.47,80.4,693,876000,1,,,
44.6,-0.846,44.7,988,1640000,1,,,
2.74,-8.603,52.9,455,4240000,1,,,
29.2,-9.83,79.6,441,16000000,1,,,
6.32,-8.258,35.8,845,54900000,1,,,
3.62,-4.236,55.9,845,757000,1,,,
2.94,-6.345,49.6,749,36200000,1,,,
7.03,-9.761,76.9,673,11500000,1,,,
12.8,-3.6,57,891,478000,1,,,
3.71,-5.692,28.8,758,616000,1,,,
14,-3.116,48.1,938,11600,1,,,
3.52,-9.326,61.8,457,59400000,1,,,
6,-4.728,39.6,770,1840000,1,,,
7.71,-9.978,48.2,733,5690,1,,,
19.3,-6.419,45.7,764,2580000,1,,,
15.1,-4.881,31.4,869,373000,1,,,
9.23,-7.634,56.3,944,112000,1,,,
7.39,-4.439,25.8,852,69700,1,,,
2.62,-10.769,44,269,91400000,1,,,
5.14,-3.39,32.5,912,160000,1,,,
7,-5.39,58.6,915,759000,1,,,
4.51,-7.232,40.6,609,33200000,1,,,
3.58,-6.939,52.5,620,35900000,1,,,
2.87,-6.926,35.6,613,14800000,1,,,
6.48,-7.619,68.5,727,4310000,1,,,
4.52,-7.718,36.8,715,394000,1,,,
5.87,-9.4,73.6,502,48100000,1,,,
15.7,-4.003,56.2,884,979000,1,,,
2.9,-4.914,60.3,797,3330000,1,,,
4.98,-9.301,82.3,569,5710000,1,,,
3.17,-7.294,56.9,465,63200000,1,,,
2.95,-9.348,35.8,541,4940000,1,,,
2.53,-7.523,65.7,507,27800000,1,,,
2.6,-7.154,65.3,543,8520000,1,,,
17.7,-5.855,43.9,971,1480000,1,,,
9.7,-4.851,56.1,823,290000,1,,,
5.71,-5.759,28.7,910,4120,1,,,
4.44,-3.175,61.4,910,956000,1,,,
3.2,-13.723,68.8,462,22400000,1,,,
3.29,-4.462,55.2,669,697000,1,,,
3.07,-9.06,49.1,710,98100,1,,,
19.3,-6.249,52.9,491,15400000,1,,,
4.48,-8.098,34.4,810,170000,1,,,
4.1,-5.373,35,828,21700,1,,,
8.67,-6.239,41.9,622,48000,1,,,
9.15,-4.465,61,600,30400000,1,,,
2.88,-8.798,48.8,407,5700000,1,,,
5.09,-5.949,64.7,896,7090000,1,,,
3.25,-5.903,72.2,894,4180000,1,,,
8.88,-12.458,36.5,309,15600000,1,,,
4.82,-5.285,39.9,910,12500,1,,,
8.55,-5.497,67.3,722,36400000,1,,,
4.31,-5.49,74.8,596,2620000,1,,,
3.95,-5.64,56.8,741,1220000,1,,,
3.84,-5.059,76.7,694,6290000,1,,,
3.91,-4.011,50.6,907,1930,1,,,
24.1,-12.652,46.8,539,50000000,1,,,
3.03,-7.56,41.7,569,30200,1,,,
5.01,-13.748,34.8,450,37000000,1,,,
9.24,-6.606,33.1,885,20500000,1,,,
22.3,-5.84,77.2,583,2420000,1,,,
6.76,-6.094,62.7,891,12100000,1,,,
2.74,-8.673,60.1,657,36200000,1,,,
4.82,-32.42,20.4,3.01,99100000,1,,,
2.74,-8.619,62.2,693,28800000,1,,,
11.5,-6.971,53,858,10200000,1,,,
5.43,-3.478,56.8,971,5180000,1,,,
2.62,-5.991,54.9,758,2670000,1,,,
5.11,-6.614,59.9,972,1030000,1,,,
6.34,-8.532,53.4,868,77600,1,,,
2.78,-9.03,66.3,434,53900000,1,,,
9.75,-4.063,24.9,979,20200,1,,,
5.12,-4.913,57.5,936,12800,1,,,
4.11,-5.403,57.2,931,103000,1,,,
3.83,-5.996,92.9,626,4830000,1,,,
10.6,-7.876,82.9,631,87500000,1,,,
3.23,-12.488,40,267,74400000,1,,,
2.3,-7.297,62,532,3920000,1,,,
3.4,-7.246,60.8,759,5690000,1,,,
6.03,-8.247,57.2,633,16000000,1,,,
2.62,-7.47,52.9,693,613000,1,,,
6.49,-3.278,50.2,978,16300,1,,,
6.43,-8.295,71.2,673,2060000,1,,,
3.25,-5.32,33.5,776,927,1,,,
5.63,-4.875,74.1,863,27900,1,,,
7.26,-3.881,29.1,963,14600,1,,,
4.7,-8.959,56.5,468,79400000,1,,,
4.23,-6.48,50.3,685,4210000,1,,,
4.71,-3.955,66.7,758,2470000,1,,,
7.2,-9.801,61.3,555,58000000,1,,,
3.92,-7.343,49.9,650,45800000,1,,,
8.13,-6.454,53.9,654,2960000,1,,,
5.91,-3.766,47,911,875000,1,,,
3.34,-7.073,70.9,783,5330000,1,,,
5.61,-6.289,64.4,919,18100000,1,,,
12.8,-7.701,30.4,953,44400,1,,,
4.39,-3.727,66.8,921,4920000,1,,,
9.43,-6.237,57.2,747,13000000,1,,,
4.21,-8.536,63.5,875,72200,1,,,
3.33,-18.788,30.8,361,94900000,1,,,
8.62,-6.913,29.1,767,40100,1,,,
8.78,-6.852,31.1,632,2060000,1,,,
2.98,-7.73,44.8,595,10500000,1,,,
7.37,-2.189,33.4,957,3940,1,,,
4.35,-4.089,54.7,875,78700,1,,,
4.39,-6.129,51,718,183000,1,,,
3.78,-2.815,51.7,909,45100000,1,,,
4.61,-5.787,60.6,620,1070000,1,,,
7.22,-4.471,40.4,926,720000,1,,,
3.79,-5.505,41.5,407,3970000,1,,,
2.55,-10.492,69,272,32400000,1,,,
3.69,-12.044,56.1,439,45800000,1,,,
3.18,-12.37,59,372,105000,1,,,
2.96,-10.335,64.8,528,41900000,1,,,
6.08,-20.892,39.5,16.3,98400000,1,,,
4.1,-9.972,66.1,437,33100000,1,,,
6.3,-4.337,54.4,914,1130000,1,,,
4.4,-7.546,59,853,5810000,1,,,
7.21,-5.084,29.8,879,28400,1,,,
40,-7.398,69.7,484,82000000,1,,,
3.92,-28.639,12.3,37.2,85900000,1,,,
8.36,-4.851,49.7,970,9040,1,,,
33,-4.109,61.9,629,4730000,1,,,
2.63,-8.276,62.5,728,5530000,1,,,
4.24,-6.859,40.9,503,44200000,1,,,
9.49,-5.732,49.8,685,1130000,1,,,
3.58,-7.617,57.2,730,479000,1,,,
3.41,-9.131,52.5,551,29700,1,,,
3.3,-5.146,55.2,873,5990,1,,,
48.9,-3.837,52,967,248000,1,,,
3.52,-10.629,65.3,573,34400000,1,,,
3.66,-12.373,64.3,502,67900000,1,,,
3.19,-11.832,51.6,243,87200000,1,,,
4.17,-6.121,70.3,691,544000,1,,,
3.88,-5.918,58,963,3110000,1,,,
3.46,-7.87,47.6,493,17800000,1,,,
4.07,-7.569,50,764,36900000,1,,,
7.97,-11.184,80.4,591,19800000,1,,,
3.09,-6.013,53.4,866,21300000,1,,,
6.87,-6.592,50.8,890,3430,1,,,
10.2,-7.518,45,923,4730000,1,,,
3.39,-12.156,48.2,255,78800000,1,,,
8.37,-3.822,47.2,922,36400,1,,,
3.81,-5.931,61.7,557,15500000,1,,,
5.49,-9.28,63,551,37300000,1,,,
19.8,-8.213,71.4,665,48600,1,,,
3.99,-20.758,26.6,66.7,97500000,1,,,
2.95,-19.696,52.8,163,89500000,1,,,
5.47,-5.24,58.6,709,28200000,1,,,
6.42,-7.207,62.5,778,921000,1,,,
5.3,-6.71,31.5,618,3530000,1,,,
7.05,-10.167,20.1,777,30400000,1,,,
17.1,-7.931,30.8,883,185000,1,,,
4.26,-3.075,59.3,938,189000,1,,,
10.3,-3.934,62.3,947,386000,1,,,
7.7,-5.51,76.7,838,95100,1,,,
6,-11.227,47.6,300,47000000,1,,,
4.98,-7.132,66.4,664,28400000,1,,,
2.69,-4.396,62.8,722,3570000,1,,,
2.51,-6.598,66.2,761,7050000,1,,,
8.46,-4.568,44.2,978,2930,1,,,
12.4,-5.213,29.1,942,198000,1,,,
6.47,-6.149,53.9,893,6090000,1,,,
4.49,-4.73,34.8,726,36300,1,,,
13.2,-10.547,46,405,48700000,1,,,
5.19,-3.366,75.1,624,11700,1,,,
3.77,-8.821,27.7,663,40900,1,,,
30.4,-4.215,46.6,833,2660000,1,,,
8.17,-5.456,67.3,782,166000,1,,,
2.68,-8.938,48.7,582,71500000,1,,,
3.1,-5.651,26.4,812,1350,1,,,
3.39,-3.529,20.3,833,2700,1,,,
27.4,-3.438,53.7,920,592000,1,,,
3.41,-3.923,81.3,774,1200000,1,,,
4.38,-4.117,52.7,851,156000,1,,,
4.19,-6.258,39.5,764,31600,1,,,
5.21,-20.682,71.5,88.5,485000,1,,,
2.86,-7.369,61.9,637,1500000,1,,,
5.17,-14.981,64,651,14200000,1,,,
9.44,-6.9,76.1,525,44000000,1,,,
5.32,-9.499,78.9,695,412000,1,,,
4.02,-20.98,41.7,93.9,98400000,1,,,
3.19,-11.889,61.7,375,74200000,1,,,
10.5,-6.73,77.8,825,588000,1,,,
3.35,-3.237,56.9,913,90500,1,,,
6.19,-6.094,58.4,804,96800,1,,,
3.11,-6.708,54.3,608,11900000,1,,,
3.62,-6.914,55,683,3610000,1,,,
2.94,-5.667,63,768,35300000,1,,,
2.85,-6.818,66.7,757,15500000,1,,,
5.8,-8.965,82.2,464,19200000,1,,,
3.73,-4.083,67.5,638,4130000,1,,,
4.4,-7.539,42.9,668,20800000,1,,,
10.5,-6.212,77.9,727,5200000,1,,,
4.49,-6.023,50.7,828,711000,1,,,
3.32,-6.301,71.3,677,30200000,1,,,
2.77,-8.209,74.3,673,23000000,1,,,
6.48,-7.857,63.1,503,32700000,1,,,
8.58,-8.984,77.8,399,7510000,1,,,
5.99,-4.924,51.3,889,45700000,1,,,
5.56,-6.853,83.8,730,923000,1,,,
5.37,-7.273,34.2,587,648000,1,,,
9.08,-4.603,52.9,726,4260000,1,,,
36.7,-5.274,40.1,918,1490000,1,,,
4.19,-6.161,43.8,905,944,1,,,
3.44,-5.682,40.1,933,744000,1,,,
2.64,-5.589,64.9,798,13600000,1,,,
3.32,-9.111,55.2,485,51700000,1,,,
2.85,-16.917,57.5,282,91400000,1,,,
3.35,-8.823,59,521,40400000,1,,,
8.91,-9.744,84.9,744,23600000,1,,,
2.77,-6.908,48.7,678,8140000,1,,,
2.89,-9.104,55.7,433,48600000,1,,,
2.56,-10.493,59.5,456,32500000,1,,,
42.2,-6.594,81.5,729,909000,1,,,
38,-8.4,57.4,688,2560000,1,,,
22.1,-7.414,71.2,908,12800000,1,,,
6.23,-9.18,40.4,720,5590,1,,,
4.22,-10.131,35.3,725,681000,1,,,
2.84,-5.061,58.9,676,9760000,1,,,
3.97,-5.917,55.6,885,283000,1,,,
5.23,-3.822,21.4,840,2780000,1,,,
3.1,-8.417,32.4,798,5180000,1,,,
5.22,-8.52,55.4,915,105000,1,,,
5.05,-14.927,58.7,493,42300000,1,,,
7.07,-8.973,83.2,704,20100000,1,,,
48.9,-3.837,52,967,248000,1,,,
3.17,-8.311,62.2,521,49200000,1,,,
4.71,-5.346,34.5,913,6460,1,,,
3.38,-6.711,63.8,862,32600000,1,,,
4.61,-5.787,60.6,620,1070000,1,,,
6.13,-12.43,76.8,690,1290000,1,,,
3.88,-7.955,59.6,576,37600000,1,,,
4.58,-2.74,70.3,874,1410000,1,,,
5.93,-4.671,57.8,894,158000,1,,,
3.19,-13.104,54.6,572,7010000,1,,,
30.5,-6.245,61.3,721,9220000,1,,,
5.23,-6.731,55.6,563,4000000,1,,,
2.58,-5.444,72.9,740,226000,1,,,
2.89,-6.544,80.2,725,22100000,1,,,
40.2,-6.477,59.4,689,43100000,1,,,
5.43,-5.407,52.6,895,6030000,1,,,
5.89,-3.241,37.5,914,55800,1,,,
7.6,-4.463,51.2,733,20900000,1,,,
3.32,-10.74,69.9,622,10700000,1,,,
4.45,-6.696,63.3,766,791000,1,,,
3.41,-3.923,81.3,774,1200000,1,,,
4.9,-5.691,30,915,194000,1,,,
3.04,-3.154,68.6,902,575000,1,,,
3.44,-7.768,70.8,683,122000,1,,,
2.82,-5.216,59,685,6580,1,,,
4.55,-6.199,64.9,914,573000,1,,,
2.59,-8.672,50.5,497,14200000,1,,,
3.47,-7.563,36.1,795,3480000,1,,,
5.56,-7.418,43.4,926,45100,1,,,
6.7,-5.511,68.5,697,16600000,1,,,
3.22,-12.806,60.1,520,47600000,1,,,
5.22,-8.905,68.4,691,45300,1,,,
4.66,-5.242,43.9,863,96400,1,,,
8.18,-7.615,81.3,649,10800000,1,,,
7.03,-5.846,60.6,781,14200000,1,,,
3.06,-18.604,43.6,277,97700000,1,,,
4.64,-4.643,36.7,938,520000,1,,,
3.41,-8.301,53.3,663,23700000,1,,,
2.92,-6.018,55.6,541,476000,1,,,
2.97,-5.365,34.3,701,225000,1,,,
4.98,-9.301,82.3,569,5710000,1,,,
12.5,-16.117,82.9,408,81100000,1,,,
3.8,-7.297,42.9,683,82300,1,,,
4.38,-6.95,52.8,909,3000,1,,,
7.99,-7.828,72.6,463,817000,1,,,
3.27,-6.676,58.8,282,78600000,1,,,
5.37,-8.07,39.5,892,7970000,1,,,
6.6,-10.397,76.7,592,9950000,1,,,
9.43,-8.173,71.3,794,19700000,1,,,
3.85,-5.894,49.5,754,704000,1,,,
3.36,-7.17,55.4,449,2450000,1,,,
3.87,-9.832,42.3,748,3030000,1,,,
3.83,-3.988,37.3,862,4780,1,,,
4.23,-6.267,65.5,900,4470000,1,,,
2.61,-8.696,66.2,574,29800000,1,,,
2.75,-13.925,42,330,24500000,1,,,
7.88,-10.16,53.5,763,57800000,1,,,
4.39,-8.369,15,843,12700,1,,,
2.79,-7.796,62.1,602,31600,1,,,
3.72,-16.576,7.31,251,90600000,1,,,
10.9,-3.92,36.7,877,108000,1,,,
4.66,-8.457,42.1,784,1500000,1,,,
2.76,-6.938,58.1,576,20700000,1,,,
2.72,-5.912,49,817,8490,1,,,
11.1,-10.754,53.1,849,3890000,1,,,
4.81,-6.317,61.2,761,9790000,1,,,
10.1,-7.711,19,964,549000,1,,,
3.8,-9.418,44.7,551,45200000,1,,,
6.12,-5.024,45.9,931,126000,1,,,
2.88,-10.394,59.6,318,63600000,1,,,
5.85,-9.994,43.1,392,70500000,1,,,
2.97,-5.703,62.4,910,2850000,1,,,
37.4,-6.81,56.1,777,1000000,1,,,
14.8,-10.12,76.7,374,21900000,1,,,
4.34,-4.991,34.6,785,165000,1,,,
3.74,-9.149,55.6,683,10100000,1,,,
3.77,-8.592,61.3,376,9190000,1,,,
4.68,-5.596,40.2,923,370000,1,,,
3.13,-5.624,45.7,902,2170,1,,,
5.08,-4.425,59.3,651,11500,1,,,
4.93,-11.264,70.8,411,45000000,1,,,
13.4,-8.906,76,682,20900000,1,,,
3.41,-6.617,40,428,3960000,1,,,
8.38,-3.259,59.1,947,6500000,1,,,
17,-8.054,80.3,581,2580000,1,,,
3.84,-7.122,41.6,681,971000,1,,,
3.74,-9.67,28.6,907,27700,1,,,
7.03,-11.098,78.3,706,214000,1,,,
3.07,-6.734,39.7,512,24100000,1,,,
3.45,-8.347,49.4,735,401000,1,,,
9.18,-7.632,34.3,718,5850000,1,,,
7.96,-7.839,55.1,860,26200000,1,,,
3.75,-3.423,65.9,754,184000,1,,,
14.3,-7.197,81.1,662,6950000,1,,,
4.42,-7.218,60.9,659,592000,1,,,
3.64,-8.002,55.9,589,18800000,1,,,
3,-8.767,77.6,570,70400000,1,,,
3.05,-9.822,47.2,735,596000,1,,,
5.42,-5.404,42.4,873,20200000,1,,,
3.04,-6.066,65,712,2710000,1,,,
3.3,-11.238,70,418,65500000,1,,,
7.28,-2.666,52.7,922,475000,1,,,
10,-4.261,42.3,984,2290,1,,,
2.88,-11.624,67.3,227,53200000,1,,,
3.22,-8.962,61.4,721,64200,1,,,
3.33,-17.521,29.3,229,99400000,1,,,
3.85,-13.51,50.6,95.2,91000000,1,,,
3.61,-12.698,33.2,707,1200,1,,,
7.03,-3.21,31.5,975,55800,1,,,
4.63,-6.949,23,737,619,1,,,
5.04,-5.914,67.1,756,178000,1,,,
5.79,-5.785,57.1,695,37300000,1,,,
3.61,-10.92,54.1,533,67900000,1,,,
3.06,-6.855,60.7,758,505000,1,,,
3.57,-6.976,34.5,614,3090000,1,,,
10.2,-3.866,47.8,974,26600,1,,,
3.27,-9.258,40.2,597,3850000,1,,,
8.1,-14.436,59.9,316,67900000,1,,,
7.3,-6.273,56.2,537,623000,1,,,
6.81,-3.972,45.8,895,21900,1,,,
4.59,-6.141,62.6,599,1990000,1,,,
32.1,-10.278,71.3,488,28100000,1,,,
20.8,-5.666,49.2,926,323,1,,,
2.88,-8.975,23.6,485,23400000,1,,,
3.83,-3.917,52.9,755,10600000,1,,,
6.24,-11.313,59.5,588,50700000,1,,,
6.39,-8.192,50.1,813,4550000,1,,,
3.57,-10.437,66.9,563,25000000,1,,,
6.64,-9.751,70.7,562,65400000,1,,,
5.1,-11.443,60.4,481,2210000,1,,,
7.59,-8.503,69.4,887,2090000,1,,,
15.8,-2.74,35.7,940,323000,1,,,
4.06,-8.745,54.5,578,1140000,1,,,
3.73,-8.329,62,610,849000,1,,,
4.59,-3.361,46.2,754,843000,1,,,
6.86,-3.348,52.1,855,2230000,1,,,
6.53,-28.013,67.9,111,62300000,1,,,
3.67,-8.154,42.6,538,751000,1,,,
4.33,-4.448,49.5,844,9750,1,,,
,,,,,,,,
