753,-14523,659,166,87700000,2
582,-13458,701,205,95900000,2
1320,-7832,498,824,6410000,2
348,-7313,584,370,86100000,2
366,-22241,467,122,95400000,2
636,-9780,482,333,70500000,2
306,-8307,339,690,388000,2
388,-11864,659,163,76600000,2
920,-7219,474,683,52800000,2
578,-13043,947,419,77800000,2
384,-7198,742,696,29400000,2
411,-11395,638,237,93100000,2
399,-5919,472,813,12000000,2
583,-9372,511,431,68600000,2
1410,-4110,699,688,75500000,2
308,-9110,316,484,33400,2
513,-4033,418,866,381000,2
273,-6802,619,405,39100000,2
263,-9562,487,248,71600000,2
336,-7805,574,691,1420000,2
1580,-6376,483,487,69000000,2
1450,-7951,443,727,26300000,2
600,-13015,687,322,96200000,2
594,-10854,328,893,35300000,2
295,-7179,532,473,64700000,2
646,-11238,650,424,87000000,2
814,-11750,697,407,82900000,2
267,-7337,686,757,70700000,2
294,-10552,341,253,86800000,2
572,-12099,599,42.4,99600000,2
322,-7000,340,491,42800000,2
884,-8296,644,530,78700000,2
485,-9970,533,704,16400000,2
250,-7472,808,532,54300000,2
473,-12138,570,241,94800000,2
1320,-5996,486,873,6940000,2
823,-10005,644,716,5970000,2
320,-9302,420,373,92200000,2
559,-6294,636,918,53100000,2
380,-14095,614,136,91300000,2
242,-4268,744,832,24000000,2
410,-5526,534,649,4380000,2
485,-14207,441,455,62000000,2
344,-9509,695,864,9350000,2
494,-4981,530,814,5410000,2
375,-4474,521,887,2280000,2
381,-6549,681,741,52400000,2
354,-7358,632,575,10500000,2
743,-7132,756,875,35000000,2
339,-9764,678,612,10100000,2
459,-6663,629,229,89300000,2
992,-5220,516,737,2290000,2
1320,-10208,562,481,99500000,2
2900,-9592,706,354,47900000,2
654,-5144,698,774,8870000,2
565,-6606,479,905,76000,2
665,-3880,404,902,57700000,2
300,-5131,782,683,10500000,2
1860,-8806,699,475,94600000,2
772,-6486,329,893,182000,2
884,-4464,621,790,11500000,2
738,-2187,210,860,1210000,2
607,-13115,513,260,93500000,2
363,-9156,656,773,33500000,2
1260,-5801,465,751,27900000,2
289,-9907,404,398,20500000,2
1860,-11483,676,604,29900000,2
574,-12484,809,701,17600000,2
479,-8158,765,636,5630000,2
375,-6844,639,496,71300000,2
442,-8571,723,738,81000000,2
252,-6050,568,574,85800000,2
603,-12424,412,379,32700000,2
610,-8137,580,573,305000,2
596,-13885,489,586,3520000,2
326,-7874,632,933,23600000,2
395,-9428,636,495,4560000,2
391,-9925,559,644,19100000,2
552,-8136,374,542,69900000,2
417,-16397,701,137,99100000,2
281,-6825,674,318,98000000,2
540,-9105,448,605,8400000,2
301,-12227,395,421,11500000,2
382,-15958,723,354,55000000,2
306,-6285,548,640,21000000,2
556,-11141,769,250,71100000,2
348,-6268,294,611,2260000,2
318,-5134,492,736,376000,2
322,-8484,645,455,49000000,2
1950,-17093,561,195,96200000,2
498,-6761,560,705,77200000,2
500,-18260,720,142,94100000,2
356,-12671,413,298,92800000,2
343,-8746,545,448,51800000,2
402,-14248,533,417,60700000,2
375,-6702,807,585,56000000,2
293,-5839,499,395,52100000,2
415,-7213,481,894,602000,2
381,-7851,727,296,64200000,2
521,-2738,475,723,9170000,2
366,-8062,516,842,3040000,2
267,-8725,554,490,73600000,2
278,-6208,629,580,35700000,2
462,-12527,395,458,41900000,2
397,-9327,401,567,34600000,2
1180,-17819,529,216,97900000,2
804,-4631,400,814,28800000,2
346,-7568,644,433,74200000,2
627,-9123,358,682,536000,2
322,-5874,537,823,784000,2
495,-13496,559,201,96600000,2
701,-6088,432,862,13700000,2
373,-12166,737,310,26700000,2
606,-15580,599,161,98200000,2
407,-12445,586,332,71000000,2
459,-15476,591,416,43000000,2
287,-9647,484,475,632000,2
368,-12996,613,520,88900000,2
472,-5322,279,723,1340000,2
458,-6929,535,804,706000,2
387,-7304,516,550,31500000,2
459,-8145,301,813,9490000,2
385,-14546,436,482,6580000,2
442,-9331,601,410,50900000,2
324,-8626,645,740,22300000,2
325,-9478,679,728,7950000,2
335,-13637,677,503,61200000,2
684,-6091,606,679,7500000,2
743,-11225,345,744,2520000,2
631,-15154,621,274,69500000,2
402,-10166,777,292,33600000,2
356,-2673,486,945,24500000,2
696,-7333,406,858,28100000,2
354,-11337,473,281,97000000,2
409,-7509,491,891,656000,2
505,-8242,613,880,20200000,2
515,-10139,632,764,31400000,2
359,-11669,389,208,86100000,2
336,-7737,639,463,72100000,2
626,-16275,623,151,69700000,2
329,-6420,566,570,68800000,2
1300,-4454,543,946,963000,2
834,-7031,579,678,13400000,2
465,-5505,708,565,27300000,2
715,-5154,580,885,10000000,2
417,-10159,454,387,40600000,2
530,-10370,683,347,87100000,2
534,-11129,812,248,98600000,2
356,-10027,612,829,55000000,2
284,-8017,516,401,38800000,2
2220,-2694,494,969,17200000,2
874,-2892,574,882,18300000,2
263,-10107,627,282,18900000,2
335,-8924,491,338,77700000,2
1180,-6287,555,933,43700000,2
393,-9161,689,740,6660000,2
328,-5200,482,845,6120000,2
552,-8872,797,499,11900000,2
937,-11879,462,791,25700000,2
727,-7485,623,845,114000,2
1170,-6019,684,932,12300000,2
422,-6842,382,698,57600000,2
533,-10415,551,616,1790000,2
412,-5459,291,746,192000,2
751,-6935,433,814,3380,2
391,-7379,453,542,97500000,2
362,-5749,511,868,28800000,2
752,-9894,708,248,52200000,2
566,-9946,410,426,78500000,2
496,-3627,471,886,261000,2
456,-10785,635,184,66500000,2
623,-6296,612,584,78800000,2
399,-4706,591,864,4460000,2
775,-12736,495,707,34600000,2
420,-3996,480,641,6940000,2
629,-15418,803,288,86500000,2
430,-11871,598,262,79600000,2
486,-8533,495,710,27500000,2
328,-6685,456,834,22500000,2
4160,-10204,619,839,26500000,2
838,-14501,605,601,95900000,2
1140,-4103,431,892,7680000,2
325,-9495,710,281,46000000,2
470,-19793,572,183,88400000,2
436,-13497,496,141,98900000,2
1250,-11382,785,147,93800000,2
940,-5575,580,843,321000,2
349,-16269,450,347,17700000,2
367,-13179,727,270,84000000,2
338,-14961,472,479,41700000,2
607,-8986,515,500,64400000,2
455,-10569,664,384,48800000,2
723,-6873,250,804,9630000,2
454,-15263,647,204,96400000,2
846,-10517,583,717,44800000,2
751,-12584,523,568,65200000,2
671,-13961,517,381,71700000,2
528,-9235,882,476,45800000,2
317,-6986,591,420,1460000,2
485,-6993,698,609,74300000,2
448,-4654,586,907,35100000,2
341,-7051,786,474,47900000,2
1510,-7961,294,736,28200000,2
317,-9119,688,464,44800000,2
261,-7332,678,551,26600000,2
6580,-10795,454,682,95300000,2
671,-7994,576,570,66500000,2
1660,-4816,556,870,16200000,2
1010,-7305,577,916,44500000,2
1120,-4903,623,675,41400000,2
303,-4896,675,575,73600000,2
1400,-6587,371,891,20900000,2
844,-11315,635,559,33500000,2
285,-10571,739,355,17700000,2
525,-11959,675,311,93000000,2
550,-15774,533,162,99400000,2
395,-4038,492,596,97000000,2
406,-6300,629,748,9240000,2
962,-10862,563,542,70600000,2
463,-5513,601,861,1530000,2
377,-9880,537,695,393000,2
1610,-13662,502,472,59000000,2
558,-8794,482,719,1460000,2
957,-6225,677,608,23900000,2
427,-5604,594,757,11400000,2
629,-15418,803,288,86500000,2
643,-5843,648,758,2330000,2
369,-7143,383,511,16800000,2
358,-11633,659,549,58400000,2
641,-5133,599,906,1580000,2
3140,-7486,553,839,27200000,2
1630,-8197,433,700,84300000,2
994,-11738,601,487,28500000,2
2500,-10912,515,430,81000000,2
458,-8600,537,356,92700000,2
310,-16498,747,162,96400000,2
478,-12798,599,75.7,98700000,2
438,-6731,764,645,3340000,2
810,-9159,779,525,7010000,2
1010,-10653,903,365,16800000,2
609,-4091,553,828,11000000,2
310,-5582,619,779,75800,2
1250,-12060,760,323,98300000,2
286,-8534,535,816,4400000,2
437,-6812,374,849,2310000,2
351,-10298,831,460,54300000,2
565,-6606,479,905,76000,2
317,-9224,535,257,60800000,2
595,-7958,570,567,4580000,2
447,-14158,538,177,91000000,2
358,-12211,392,187,81200000,2
491,-7411,406,700,4250000,2
324,-4061,676,662,1480000,2
286,-8548,482,567,18900000,2
294,-6855,719,591,12200000,2
293,-13454,572,348,43800000,2
615,-10450,776,279,77200000,2
372,-14466,501,440,20200000,2
709,-9353,383,803,8610000,2
758,-5613,383,892,64300,2
377,-11329,504,500,11700000,2
348,-14278,439,326,44800000,2
298,-13250,720,480,15100000,2
662,-7675,799,762,2750000,2
293,-13454,572,348,43800000,2
392,-6949,738,728,39300000,2
370,-5608,520,824,15500000,2
3690,-7644,569,566,12200000,2
605,-8007,682,506,5570000,2
338,-6497,513,689,2610000,2
576,-5377,684,792,50800000,2
341,-5854,437,820,7900000,2
456,-489,408,980,80700000,2
278,-7679,719,665,11800000,2
2740,-4910,301,972,674000,2
1120,-9291,541,674,76100000,2
368,-7004,567,793,32400000,2
394,-10468,702,206,83500000,2
708,-4167,555,927,155000,2
261,-6978,491,684,10300,2
310,-11063,624,368,5010000,2
280,-6826,559,598,35500000,2
407,-15870,425,203,67300000,2
960,-15720,628,156,99500000,2
356,-6531,559,470,56400000,2
639,-10176,388,657,4720000,2
329,-13577,656,396,81700000,2
412,-5459,291,746,192000,2
2140,-6491,357,766,1040000,2
1950,-17093,561,195,96200000,2
405,-10893,504,553,66000000,2
411,-16004,406,136,72200000,2
278,-7600,649,448,78500000,2
360,-16292,540,86,75800000,2
1650,-6623,616,728,20000000,2
292,-5994,574,756,9650000,2
354,-19213,516,157,87600000,2
424,-6716,535,665,34300000,2
443,-3548,644,884,5260000,2
1990,-4585,342,976,14800000,2
481,-13945,632,736,32200000,2
889,-14141,656,551,17100000,2
973,-10882,598,735,44000000,2
273,-13349,596,140,85100000,2
777,-10863,655,291,40900000,2
399,-9577,432,449,1510000,2
350,-18543,472,230,47200000,2
461,-17458,701,292,97800000,2
1550,-4975,328,967,6870000,2
349,-8119,538,381,79700000,2
282,-8662,616,616,104000,2
426,-4572,543,696,60100000,2
848,-6044,611,688,402000,2
373,-7940,472,747,7750000,2
371,-12269,653,44.2,99300000,2
713,-8209,417,872,1220000,2
610,-8137,580,573,305000,2
343,-11802,558,322,75400000,2
850,-12980,657,642,92600000,2
1140,-11867,660,611,23100000,2
355,-3760,437,808,28800000,2
404,-9199,495,472,13800000,2
386,-6018,155,733,1230000,2
657,-10512,670,357,86100000,2
385,-3504,354,689,16000000,2
410,-6203,516,793,34500,2
4020,-8126,653,711,14300000,2
552,-8136,374,542,69900000,2
797,-8003,682,512,28000000,2
346,-4683,615,782,12700000,2
260,-10643,473,461,38100000,2
545,-5373,598,853,13200000,2
913,-8904,561,836,18400000,2
421,-12789,569,249,96000000,2
625,-20880,620,82.7,36800000,2
305,-13498,515,325,76300000,2
462,-7383,724,464,8980000,2
299,-10429,589,372,49600000,2
402,-7788,762,469,68600000,2
284,-5480,380,539,50500000,2
928,-12142,658,121,96600000,2
3610,-7498,728,764,37000000,2
621,-8197,357,658,780000,2
463,-10147,548,874,27900000,2
518,-9503,610,414,67400000,2
411,-9103,770,748,34500000,2
525,-11959,675,311,93000000,2
317,-7258,367,769,32000,2
371,-12964,614,522,89100000,2
374,-16925,593,464,50900000,2
552,-6402,702,633,9210000,2
298,-11211,711,483,43400000,2
2240,-9937,545,640,249000,2
309,-7303,430,852,680000,2
506,-9383,621,400,36700000,2
263,-6109,538,563,50100000,2
325,-6541,686,493,52900000,2
310,-8363,344,560,22200000,2
564,-6945,894,507,22100000,2
406,-3092,584,810,1880000,2
603,-4507,443,760,2950000,2
940,-8536,626,582,16700000,2
308,-9415,666,669,23200000,2
788,-18022,538,81.4,98900000,2
532,-12982,858,160,80000000,2
962,-10862,563,542,70600000,2
404,-8282,547,486,9410000,2
295,-7179,532,473,64700000,2
452,-12504,889,361,3100000,2
733,-12576,469,297,90800000,2
875,-6656,649,710,42400000,2
389,-6660,608,849,371000,2
479,-5576,442,780,700000,2
1430,-5841,260,929,34300000,2
531,-7711,409,849,10200000,2
659,-6668,491,878,25300000,2
928,-10566,583,940,63300000,2
322,-10731,433,242,35300000,2
292,-5629,520,459,31600000,2
327,-11949,555,393,96500000,2
312,-14711,515,308,90700000,2
253,-10105,532,548,9910000,2
298,-17183,566,251,75200000,2
491,-6924,805,737,54400000,2
428,-6975,684,801,64200000,2
609,-4091,553,828,11000000,2
302,-5574,658,569,19500000,2
1210,-9047,726,385,51600000,2
273,-3994,730,679,209000,2
577,-6564,430,844,8000000,2
865,-6532,486,771,11000000,2
386,-8790,739,669,2740000,2
352,-6453,727,665,65300000,2
493,-10908,717,245,66500000,2
363,-9156,656,773,33500000,2
412,-6246,597,702,15600000,2
1600,-5502,749,677,12100000,2
307,-7442,718,676,21900000,2
324,-6742,862,707,9470000,2
393,-9457,635,454,41700000,2
1150,-9241,680,604,38600000,2
344,-9047,670,554,1560000,2
558,-5762,583,532,21200000,2
436,-8551,369,537,81100000,2
403,-7294,753,390,37100000,2
275,-9147,690,494,40700000,2
264,-5158,728,652,51800000,2
895,-4872,573,946,18200000,2
448,-7950,473,766,141000,2
1660,-4816,556,870,16200000,2
298,-11211,711,483,43400000,2
2290,-4692,442,749,56200000,2
1210,-5687,736,709,67100000,2
459,-9245,462,877,14700000,2
345,-9083,345,638,3460000,2
6580,-10795,454,682,95300000,2
2090,-6641,404,727,17600000,2
404,-19432,520,216,78700000,2
391,-5257,436,801,68800,2
432,-5839,182,733,1950000,2
312,-18566,584,278,55000000,2
386,-7197,372,474,10700000,2
613,-9401,719,386,71600000,2
408,-19207,815,106,75300000,2
666,-6820,613,793,3190000,2
464,-4939,410,823,1170000,2
733,-12576,469,297,90800000,2
364,-16981,469,236,40700000,2
403,-17278,499,132,85200000,2
1080,-8446,572,634,33200000,2
479,-11154,791,213,77300000,2
423,-3855,581,950,238000,2
1630,-8197,433,700,84300000,2
305,-8139,720,412,42100000,2
462,-6825,751,732,61200000,2
574,-2349,638,957,5010000,2
440,-12194,538,745,2890000,2
1180,-10761,589,337,59800000,2
377,-10104,454,506,41900000,2
463,-10362,248,349,88500000,2
597,-13615,392,801,8480000,2
336,-5628,589,679,2530000,2
784,-15964,382,330,38500000,2
320,-7058,707,611,47300000,2
439,-7111,643,619,13100000,2
606,-2967,506,921,1900000,2
795,-7983,695,643,12500000,2
774,-8288,599,548,8120000,2
280,-7887,619,624,1130000,2
348,-6268,294,611,2260000,2
389,-15929,509,530,14000000,2
499,-11479,634,241,98700000,2
401,-2879,524,752,10000000,2
609,-6358,586,800,4700000,2
313,-6187,743,619,12800000,2
432,-11377,654,563,8130000,2
2000,-13657,490,338,47200000,2
275,-9875,597,283,90400000,2
1150,-9011,496,653,43400000,2
467,-10286,550,602,68900000,2
305,-11066,393,315,93900000,2
499,-11582,595,525,30000000,2
336,-7805,574,691,1420000,2
381,-6439,775,554,8540000,2
339,-6848,417,608,21300000,2
612,-13965,440,184,86300000,2
417,-15723,561,241,89400000,2
2090,-6641,404,727,17600000,2
657,-8465,848,651,8490000,2
374,-16925,593,464,50900000,2
472,-5322,279,723,1340000,2
392,-8403,623,623,84800000,2
2770,-14734,642,599,1460000,2
636,-9363,562,447,63300000,2
399,-14733,787,255,77700000,2
473,-12138,570,241,94800000,2
586,-16499,575,188,87500000,2
1290,-7491,450,561,82400000,2
357,-4995,376,509,48900000,2
449,-11239,404,612,733000,2
448,-6535,759,852,77400000,2
455,-10513,632,554,53500000,2
702,-17232,730,102,89500000,2
572,-13011,728,193,78600000,2
505,-8996,581,354,73800000,2
561,-5868,167,924,1100000,2
464,-4952,664,928,1650000,2
688,-5162,716,644,68200000,2
275,-7497,502,504,10200000,2
305,-13498,515,325,76300000,2
419,-6350,777,594,10700000,2
471,-8823,345,861,42500000,2
411,-13947,544,340,78500000,2
432,-13499,637,371,56400000,2
430,-9617,745,436,59700000,2
527,-13659,541,283,80500000,2
603,-6188,749,857,7090000,2
287,-7139,644,617,20300,2
353,-8050,610,547,9110000,2
334,-7441,502,383,57300000,2
260,-7809,780,675,37600000,2
1090,-6355,378,799,4080000,2
1290,-6802,826,679,30700000,2
576,-12841,514,726,5950000,2
545,-19991,697,134,86200000,2
559,-12499,569,394,94000000,2
406,-15223,485,166,97100000,2
507,-9134,572,552,51200000,2
379,-6083,604,818,335000,2
278,-5020,511,686,1700000,2
653,-9453,785,430,31600000,2
1120,-9291,541,674,76100000,2
1370,-5695,471,957,498000,2
307,-6775,600,489,13000000,2
445,-13401,629,733,25900000,2
280,-7761,617,593,38500000,2
316,-3374,737,929,5620000,2
297,-8120,490,317,81600000,2
466,-2479,330,826,1230000,2
372,-11627,603,265,80600000,2
1630,-8197,433,700,84300000,2
1400,-12105,441,598,67500000,2
294,-6456,676,648,703000,2
1020,-13328,621,519,83700000,2
1100,-3896,676,944,23800000,2
634,-6883,671,771,42300000,2
385,-11821,427,626,2740000,2
1750,-15305,556,64.3,92700000,2
358,-6800,452,699,70500000,2
753,-16251,639,380,42600000,2
348,-8081,675,308,82400000,2
341,-4652,599,681,11800000,2
600,-4365,431,840,5070000,2
356,-8018,785,363,63500000,2
719,-5304,552,958,397000,2
266,-6042,572,735,183000,2
1790,-8963,648,544,34300000,2
385,-15546,626,503,30600000,2
1610,-6958,568,632,2450000,2
507,-6869,633,862,4430000,2
431,-6522,431,852,56400000,2
308,-13502,379,363,82300000,2
3930,-8105,668,916,87600000,2
346,-2939,380,843,2790000,2
363,-12956,703,268,27600000,2
515,-15719,810,233,98100000,2
443,-9554,493,627,73000000,2
363,-6322,674,611,4150000,2
3110,-12964,717,334,18700000,2
375,-6844,639,496,71300000,2
905,-6271,315,794,2950000,2
809,-1867,92.2,937,6290,2
739,-8610,722,454,80600000,2
962,-10862,563,542,70600000,2
361,-8130,692,623,15000000,2
372,-5343,522,811,2630000,2
2240,-9937,545,640,249000,2
382,-9420,661,525,36900000,2
379,-8741,440,466,55300000,2
534,-6946,679,367,85700000,2
658,-4503,739,790,56700000,2
1270,-6913,762,571,11800000,2
430,-16361,661,342,84400000,2
591,-6813,440,757,28900000,2
2460,-5416,299,936,21000000,2
303,-13312,498,625,2390000,2
422,-5806,604,743,46800000,2
956,-6407,626,689,1560000,2
307,-7540,376,472,4170000,2
503,-20543,611,78.5,96400000,2
379,-8741,440,466,55300000,2
349,-4624,716,667,12700000,2
362,-12438,535,432,84300000,2
1900,-3984,311,775,40400000,2
610,-3838,562,912,2580000,2
363,-8581,551,580,49300000,2
1270,-9223,584,635,21900000,2
515,-4995,562,973,8690,2
568,-6857,636,668,74900000,2
833,-19952,629,19.2,98900000,2
253,-10647,472,406,47600000,2
567,-13898,712,237,87800000,2
389,-6660,608,849,371000,2
442,-16024,792,142,98500000,2
392,-4495,460,858,23300,2
483,-9568,459,670,83600000,2
505,-8077,726,462,3440000,2
353,-6375,936,583,52300000,2
376,-4640,306,745,29500,2
390,-5408,290,756,1140000,2
295,-7179,532,473,64700000,2
327,-11949,555,393,96500000,2
1350,-5182,612,857,846000,2
346,-4552,527,896,772000,2
292,-8378,596,384,74900000,2
1060,-19053,419,200,86800000,2
746,-3417,588,788,37300000,2
473,-12138,570,241,94800000,2
391,-6826,620,439,91600000,2
560,-8271,280,635,6850000,2
393,-14222,621,118,99300000,2
497,-12914,730,211,87200000,2
436,-10951,633,625,49200000,2
1450,-3877,260,997,1740000,2
297,-7988,602,694,30800000,2
621,-5101,454,891,229000,2
381,-9934,353,348,37600000,2
271,-4144,712,709,24200000,2
305,-6799,527,606,1340000,2
420,-9055,554,429,52200000,2
257,-8368,403,394,42600000,2
371,-7447,728,626,1210000,2
337,-3113,371,601,27700000,2
324,-14984,508,151,98600000,2
320,-14209,581,333,94400000,2
449,-13139,648,651,74100000,2
571,-13627,281,725,17300000,2
283,-5721,493,716,8270000,2
372,-5343,522,811,2630000,2
534,-6946,679,367,85700000,2
747,-13065,509,326,4050000,2
382,-6281,493,857,8080000,2
357,-3877,561,720,9950000,2
796,-11598,352,744,556000,2
443,-13075,658,420,36300000,2
365,-11352,565,526,3390000,2
385,-7764,322,519,8030000,2
500,-6348,459,634,58000000,2
487,-13622,821,376,66900000,2
409,-6454,810,511,7780000,2
404,-8368,588,711,11800000,2
290,-5493,629,697,18000000,2
442,-11698,586,382,66400000,2
619,-7838,721,458,75800000,2
386,-8790,739,669,2740000,2
1080,-8446,572,634,33200000,2
373,-10496,302,510,16400000,2
455,-9846,526,710,66200000,2
393,-10462,529,594,55700000,2
516,-5060,329,887,33100000,2
320,-4621,693,683,11100000,2
307,-7091,609,617,9940000,2
474,-5351,379,830,198000,2
318,-6577,532,685,2080000,2
252,-3967,634,491,65900000,2
621,-4812,731,892,12800000,2
269,-11052,599,295,84900000,2
358,-2913,491,695,54800000,2
456,-9110,608,458,78300000,2
272,-8558,612,526,72700000,2
328,-8934,285,613,11300000,2
569,-4968,479,802,4180000,2
312,-8899,798,482,72200000,2
430,-9369,789,377,32600000,2
621,-11640,624,260,90400000,2
385,-10211,554,445,67400000,2
520,-7602,629,456,13800000,2
266,-9062,582,469,38700000,2
824,-13624,246,565,5600,2
298,-11948,469,437,48700000,2
337,-7340,569,564,4960000,2
326,-11580,614,766,58800000,2
286,-8452,469,445,68200000,2
1000,-4500,469,917,29100,2
273,-6919,724,701,3500000,2
914,-13339,686,452,54000000,2
341,-8435,610,506,3320000,2
1640,-7167,284,825,24600000,2
1890,-10411,515,480,65500000,2
321,-18825,393,132,7760000,2
281,-6825,674,318,98000000,2
375,-11708,565,266,89700000,2
545,-5373,598,853,13200000,2
686,-4673,471,944,74400,2
2230,-11063,586,401,12800000,2
281,-6016,605,596,20900000,2
659,-6229,643,913,15000000,2
482,-13671,597,715,44600000,2
490,-8346,668,377,61200000,2
302,-13782,678,493,8820000,2
495,-15150,499,302,75200000,2
1120,-21570,779,155,85600000,2
2500,-10912,515,430,81000000,2
385,-15027,480,349,51500000,2
957,-10376,677,720,22400000,2
410,-7338,613,700,7110000,2
499,-8991,667,467,85100000,2
432,-11452,793,519,12200000,2
462,-17999,643,57.4,99300000,2
369,-7143,383,511,16800000,2
268,-7599,762,685,27500000,2
264,-8132,554,727,28500000,2
1260,-5801,465,751,27900000,2
344,-4512,748,704,7410000,2
3320,-13247,708,324,44200000,2
334,-8151,679,569,3600000,2
2520,-22487,727,99.1,89500000,2
1900,-3984,311,775,40400000,2
465,-4943,608,970,1740000,2
507,-8328,669,724,3360000,2
326,-12223,607,159,87900000,2
457,-12014,769,573,24900000,2
632,-6896,272,832,260000,2
346,-7568,644,433,74200000,2
1430,-12587,600,319,73900000,2
353,-11384,842,384,63800000,2
406,-6300,629,748,9240000,2
454,-4265,592,940,22500000,2
325,-3400,794,619,50400000,2
375,-7606,318,586,38300000,2
309,-7470,619,433,64700000,2
1030,-10096,828,376,82500000,2
298,-11211,711,483,43400000,2
365,-5904,352,534,22100000,2
974,-12693,639,219,92700000,2
513,-4033,418,866,381000,2
576,-12781,611,486,79900000,2
300,-10813,398,423,30600000,2
1290,-7491,450,561,82400000,2
367,-7096,660,696,44800000,2
527,-7992,433,603,4060000,2
2170,-9154,501,417,46900000,2
300,-12645,475,519,2140000,2
313,-8922,608,385,80500000,2
507,-11194,566,374,59600000,2
386,-11222,409,391,10300000,2
592,-3661,586,897,23300000,2
231,-5987,641,646,1660000,2
1670,-13079,765,408,9840000,2
1270,-7679,766,458,44500000,2
304,-8788,690,442,8490000,2
1150,-5682,791,673,37500000,2
767,-4479,524,730,62400000,2
331,-6352,874,649,32600000,2
562,-13397,859,244,76500000,2
410,-5665,691,822,67800000,2
726,-14429,683,507,51700000,2
348,-6268,294,611,2260000,2
386,-9985,478,534,48500000,2
561,-4717,505,908,3710,2
607,-12848,561,398,68600000,2
382,-6916,489,889,1510000,2
380,-22557,728,54,91000000,2
292,-10566,485,248,83700000,2
646,-9607,314,756,175000,2
463,-17218,589,116,99400000,2
385,-15957,554,247,81800000,2
957,-10376,677,720,22400000,2
364,-6782,769,716,16900000,2
320,-8820,326,545,72400000,2
440,-8648,599,444,82000000,2
517,-6625,567,765,28200000,2
540,-9105,448,605,8400000,2
535,-24249,558,57,90900000,2
686,-10047,434,771,14200000,2
762,-13100,622,318,34100000,2
278,-7679,719,665,11800000,2
355,-15276,730,235,52700000,2
439,-11612,715,341,37100000,2
445,-7341,462,568,41900000,2
1510,-7961,294,736,28200000,2
426,-4572,543,696,60100000,2
362,-10662,789,380,35800000,2
440,-5196,509,858,1320000,2
397,-9969,629,466,44600000,2
2600,-7227,853,721,26100000,2
340,-8334,679,608,43400000,2
426,-8453,555,694,10100000,2
440,-23179,394,40.6,96800000,2
340,-4331,596,932,94300,2
547,-9546,723,341,51900000,2
1140,-13052,688,226,97400000,2
495,-6157,287,692,3740000,2
407,-13557,357,408,58200,2
326,-6954,585,741,381000,2
396,-7493,486,586,1860000,2
1790,-8963,648,544,34300000,2
292,-6162,477,670,18300,2
328,-7274,375,531,96200000,2
621,-4812,731,892,12800000,2
710,-10765,663,265,88700000,2
432,-13187,613,279,75700000,2
408,-13609,727,292,90600000,2
276,-5924,759,573,38300000,2
584,-10946,837,165,41900000,2
271,-9563,638,738,3150000,2
366,-10743,534,520,14500000,2
304,-12471,546,256,88200000,2
311,-7460,555,669,4590000,2
1720,-4208,258,978,51900,2
2700,-13072,508,430,80600000,2
690,-7047,395,866,11300000,2
375,-11996,746,713,11800000,2
3690,-16374,668,42.3,80500000,2
447,-6862,523,482,70300000,2
856,-7527,310,887,158000,2
455,-15467,506,659,42300000,2
410,-6975,528,563,70600000,2
339,-7097,341,473,38900000,2
642,-4085,618,928,18400000,2
530,-14655,831,104,92400000,2
390,-11019,336,909,20400000,2
326,-9775,721,620,37900000,2
328,-7414,539,582,818000,2
298,-2915,490,847,3800000,2
568,-6857,636,668,74900000,2
693,-10330,566,657,75100000,2
485,-14207,441,455,62000000,2
1280,-2489,477,979,33100000,2
528,-8196,340,807,65700000,2
384,-13675,480,303,81200000,2
421,-7193,451,438,79400000,2
385,-12813,629,230,58500000,2
348,-8699,572,522,58200000,2
376,-8498,665,470,44400000,2
451,-13331,803,335,57900000,2
4460,-13614,545,237,83900000,2
445,-5860,548,716,47100000,2
657,-13163,855,304,89200000,2
3060,-19872,601,79.3,98900000,2
316,-3374,737,929,5620000,2
343,-4780,569,761,3150000,2
338,-5333,725,497,65300000,2
313,-10497,596,405,64300000,2
339,-7682,580,480,83700000,2
1320,-8306,496,646,33100000,2
354,-9895,612,654,7420000,2
358,-4261,624,849,8620000,2
594,-6050,473,913,2000000,2
287,-8057,696,630,38700000,2
1120,-21570,779,155,85600000,2
787,-4849,484,940,8070000,2
696,-13570,617,265,82000000,2
1270,-8018,658,733,44000000,2
508,-10572,676,334,86200000,2
514,-11036,492,574,43600000,2
464,-5541,267,738,4190000,2
708,-13563,746,418,98400000,2
382,-10767,507,328,48400000,2
1030,-9029,257,669,19700000,2
556,-6399,636,941,27200000,2
1020,-6974,475,890,62200000,2
430,-9617,745,436,59700000,2
298,-11211,711,483,43400000,2
701,-5387,404,924,123000,2
1120,-21570,779,155,85600000,2
998,-4043,424,862,26500000,2
435,-9060,272,546,21800000,2
1330,-5483,705,811,27000000,2
357,-4377,558,820,1460000,2
369,-7143,383,511,16800000,2
453,-12993,609,394,21900000,2
698,-15900,654,159,97900000,2
329,-12229,629,278,66200000,2
310,-13970,345,307,83400000,2
526,-15188,665,313,91700000,2
485,-14207,441,455,62000000,2
2990,-11793,622,417,42000000,2
272,-6991,738,507,22900000,2
453,-6989,749,785,15500000,2
849,-4189,715,920,9290000,2
1060,-6373,466,673,30500000,2
948,-16888,850,212,98700000,2
1060,-7974,834,653,9430000,2
321,-13531,680,393,15300000,2
527,-4074,407,723,89400000,2
305,-13498,515,325,76300000,2
843,-4393,233,951,29900,2
383,-7823,798,598,37800000,2
273,-2600,574,599,52900000,2
317,-6986,591,420,1460000,2
566,-10687,529,555,2650000,2
321,-13367,322,420,65600000,2
961,-7767,502,787,964000,2
491,-12993,778,281,87400000,2
560,-14230,840,412,2170000,2
352,-6875,282,484,37400000,2
541,-11233,718,388,81400000,2
309,-4437,630,896,32500000,2
382,-8896,392,762,1230000,2
351,-11872,571,562,65200000,2
290,-5825,563,871,19700,2
599,-14977,892,191,52200000,2
488,-7715,748,538,1720000,2
438,-16556,549,254,99300000,2
1460,-5659,216,954,28300,2
435,-14204,469,644,15500000,2
448,-13360,436,178,99600000,2
480,-12207,709,62,99500000,2
423,-7702,406,430,67000000,2
551,-5707,459,664,607000,2
355,-12772,386,764,160000,2
676,-11603,706,329,71800000,2
1820,-16254,601,79,86800000,2
411,-7521,396,702,57700,2
348,-8936,617,827,12500000,2
1280,-9543,631,773,36400000,2
303,-15676,620,398,55600000,2
496,-14560,733,261,49400000,2
1960,-6333,527,657,32100000,2
327,-9493,391,397,77300000,2
624,-5515,522,812,26400000,2
706,-3837,310,718,17900000,2
548,-12393,620,683,13900000,2
565,-8028,409,766,14400,2
672,-17690,544,271,76700000,2
570,-7385,579,689,20100000,2
320,-14209,581,333,94400000,2
440,-5196,509,858,1320000,2
358,-9303,916,537,24100000,2
288,-8288,714,596,51100000,2
645,-10778,379,687,16000000,2
710,-4140,255,947,10300,2
304,-11197,629,471,31400000,2
277,-6972,615,510,39700000,2
393,-9215,511,276,74600000,2
325,-9650,701,612,36700000,2
357,-4995,376,509,48900000,2
601,-6918,461,695,16200000,2
448,-6535,759,852,77400000,2
272,-11979,654,568,22600000,2
444,-4298,343,901,336000,2
439,-5170,655,802,10100000,2
1320,-5996,486,873,6940000,2
481,-12256,584,276,91300000,2
358,-6715,355,541,26200000,2
557,-5745,560,801,880000,2
320,-6110,490,720,2510000,2
487,-9536,177,724,7100000,2
317,-7204,470,492,65700000,2
367,-5743,364,747,16600,2
557,-4741,527,906,7960000,2
336,-5393,467,648,51900000,2
330,-13823,538,707,20800000,2
617,-9141,488,721,30900000,2
467,-4888,770,676,30100000,2
391,-9925,559,644,19100000,2
729,-14543,633,194,88500000,2
361,-10432,593,683,14800000,2
653,-9453,785,430,31600000,2
915,-2620,536,969,43000000,2
1100,-7168,448,896,12300000,2
240,-7606,615,416,33400000,2
295,-6048,655,508,27300000,2
685,-6185,447,737,44900000,2
492,-6235,486,750,2170000,2
325,-9662,692,493,9340000,2
316,-9636,490,511,18300000,2
376,-11318,518,449,11800000,2
1320,-7206,233,931,150000,2
386,-11771,555,178,80500000,2
301,-8821,528,398,74800000,2
307,-4978,525,807,1340000,2
1550,-5430,534,867,29100000,2
291,-7202,589,479,1300000,2
1190,-6362,637,948,2280000,2
518,-13947,610,221,97700000,2
501,-11701,571,61.2,89400000,2
964,-12368,756,493,42000000,2
328,-10650,618,830,188000,2
347,-8528,464,528,119000,2
284,-5690,782,846,415000,2
437,-6812,374,849,2310000,2
886,-8036,586,816,29300000,2
392,-4867,411,910,24300,2
873,-5854,724,876,16000000,2
393,-9457,635,454,41700000,2
515,-7296,683,684,25700000,2
377,-7659,715,544,48400000,2
1100,-6082,633,469,47900000,2
479,-7498,602,324,57000000,2
504,-6760,215,832,95800,2
469,-8487,398,494,99300000,2
389,-15929,509,530,14000000,2
598,-11774,476,446,56600000,2
303,-9871,703,606,3920000,2
823,-6754,143,912,733000,2
388,-7671,649,506,64000000,2
867,-4724,698,938,34600000,2
792,-5039,608,822,7570000,2
298,-11948,469,437,48700000,2
663,-5652,763,738,32500000,2
1200,-10040,348,587,2090000,2
623,-8919,492,871,1570000,2
893,-6557,557,843,13700000,2
543,-12208,397,580,51100000,2
1560,-15302,641,108,80900000,2
423,-4467,555,832,2360000,2
679,-8116,492,664,584000,2
4460,-13614,545,237,83900000,2
329,-11839,571,437,89600000,2
374,-7377,500,803,14700000,2
281,-5641,642,814,10800000,2
358,-18890,526,214,75400000,2
368,-4912,424,746,36600000,2
658,-4503,739,790,56700000,2
778,-6795,335,756,44800000,2
469,-11872,796,635,32200000,2
327,-9845,559,639,12600000,2
753,-14523,659,166,87700000,2
321,-14346,476,372,87000000,2
284,-4875,425,618,15900000,2
369,-10964,358,530,652000,2
728,-3378,520,958,16500000,2
300,-7407,723,595,16100000,2
455,-6018,348,799,7810000,2
278,-9068,566,663,9450000,2
1040,-10809,414,413,62800000,2
373,-8035,589,660,27600000,2
446,-14008,486,439,57000000,2
295,-8304,805,684,601000,2
746,-8864,690,584,47000000,2
362,-10375,692,625,88300000,2
606,-15580,599,161,98200000,2
402,-16348,466,368,91900000,2
2480,-9739,469,418,82800000,2
693,-3768,605,988,3340000,2
528,-23822,537,76.5,69700000,2
1130,-6744,294,931,8640000,2
401,-7185,426,352,55000000,2
506,-14453,604,51.8,82000000,2
838,-9510,514,613,510000,2
438,-6599,640,487,83400000,2
433,-7147,749,460,73800000,2
680,-9400,353,829,45000,2
298,-14155,494,264,86800000,2
324,-14984,508,151,98600000,2
339,-11568,456,389,23900000,2
271,-14953,634,368,23600000,2
464,-13074,650,383,50500000,2
407,-8682,635,405,57200000,2
486,-12945,564,192,87400000,2
542,-9764,545,687,3410000,2
1360,-5497,790,838,6850000,2
602,-10713,499,400,86300000,2
382,-7376,381,593,39600000,2
735,-8938,573,494,48000000,2
1480,-15786,583,143,67600000,2
407,-5524,427,850,4930000,2
534,-4175,581,996,35600000,2
434,-5694,646,844,4380000,2
1400,-3000,641,943,8930000,2
387,-12394,716,322,96600000,2
506,-7328,850,761,15400000,2
450,-10233,453,562,13700000,2
362,-6523,559,542,40400000,2
321,-18825,393,132,7760000,2
388,-6291,516,931,28500000,2
471,-9598,393,358,33000000,2
788,-18022,538,81.4,98900000,2
909,-3531,816,742,39300000,2
419,-7980,677,766,625000,2
415,-10936,589,519,75800000,2
865,-4419,773,961,28400000,2
339,-9764,678,612,10100000,2
773,-10620,810,334,97000000,2
406,-15223,485,166,97100000,2
305,-6693,590,551,25000000,2
326,-6881,612,487,76100000,2
353,-14961,448,315,90400000,2
432,-10460,647,620,15100000,2
897,-8191,586,850,55500000,2
303,-9487,670,310,82300000,2
461,-7262,500,638,12500000,2
495,-7000,689,791,54800000,2
317,-8851,591,454,63600000,2
472,-11261,482,402,22800000,2
465,-3646,669,834,7460000,2
525,-3404,512,914,1620000,2
426,-19926,497,315,96800000,2
338,-9132,297,617,26800000,2
422,-17904,513,171,77500000,2
299,-13043,452,207,90600000,2
393,-6499,694,841,22900000,2
339,-4141,458,914,126000,2
250,-6435,732,849,5370000,2
383,-7314,477,795,9580000,2
435,-8628,812,564,39800000,2
346,-14085,587,556,2280000,2
2640,-7183,673,705,32300000,2
318,-3900,401,693,29300000,2
323,-5752,571,852,4180000,2
508,-6357,420,444,48400000,2
499,-11152,740,413,80300000,2
503,-20543,611,78.5,96400000,2
976,-13407,818,341,55800000,2
473,-6915,349,827,4310000,2
301,-9294,542,387,22200000,2
278,-7882,668,614,12700000,2
1630,-14026,707,275,91000000,2
629,-8464,592,339,98400000,2
404,-11323,532,377,3980000,2
319,-6626,657,601,25200000,2
454,-4855,270,700,18200000,2
395,-12092,687,499,66400000,2
1140,-11867,660,611,23100000,2
726,-5962,668,852,15600000,2
1450,-5847,572,868,37400000,2
2890,-7454,798,693,56500000,2
301,-9525,509,491,43500000,2
719,-5304,552,958,397000,2
376,-8505,565,543,8390000,2
311,-6862,657,679,4090000,2
813,-6167,619,697,61800000,2
471,-9113,725,403,72600000,2
344,-4166,550,658,81000000,2
292,-10616,740,407,64600000,2
873,-13805,717,111,93100000,2
334,-6832,650,821,24800000,2
842,-5821,543,938,103000,2
805,-12119,625,319,79000000,2
462,-6475,420,956,11800000,2
430,-16361,661,342,84400000,2
1140,-4103,431,892,7680000,2
572,-13011,728,193,78600000,2
358,-2913,491,695,54800000,2
375,-11996,746,713,11800000,2
1030,-7712,642,706,25900000,2
270,-6228,578,811,14400000,2
588,-9157,527,611,25100000,2
462,-10634,703,437,23700000,2
343,-5068,311,583,84600000,2
581,-5883,448,725,31000000,2
560,-14230,840,412,2170000,2
400,-6251,278,807,1250000,2
317,-12635,546,227,78200000,2
325,-9662,692,493,9340000,2
639,-6305,635,873,54000000,2
435,-8522,451,547,50400000,2
1580,-4115,473,950,1150000,2
1010,-8549,436,679,49000000,2
648,-11317,391,756,41300000,2
313,-7713,359,561,34400000,2
585,-5297,774,696,47900000,2
1470,-9617,508,526,41600000,2
406,-22222,528,70.2,82600000,2
1080,-4724,632,542,75500000,2
772,-9960,619,268,98700000,2
242,-4268,744,832,24000000,2
353,-13793,487,241,91800000,2
279,-5839,629,678,54000000,2
324,-10871,479,763,12200000,2
911,-11486,556,473,34700000,2
1010,-13077,427,573,38200000,2
495,-15150,499,302,75200000,2
3620,-10877,421,596,53600000,2
351,-4113,526,646,15900000,2
594,-9028,410,447,86500000,2
369,-6640,635,705,19400000,2
932,-5419,716,895,2660000,2
352,-6576,527,735,462000,2
328,-9630,414,871,5840000,2
698,-6892,373,800,162000,2
643,-6764,439,698,17100000,2
949,-6122,354,518,68000000,2
1140,-6324,483,808,4070000,2
433,-3040,326,922,910000,2
534,-11252,575,838,2970000,2
686,-5422,602,988,20200000,2
453,-6741,443,868,13500000,2
508,-10572,676,334,86200000,2
415,-20977,646,44.3,97900000,2
855,-4321,441,912,639000,2
380,-22557,728,54,91000000,2
320,-4738,619,631,6600000,2
1770,-15357,612,117,99000000,2
347,-7967,761,465,53400000,2
374,-16925,593,464,50900000,2
669,-12795,454,822,3100000,2
1260,-8852,514,559,56800000,2
345,-9020,384,444,31100000,2
599,-5593,738,695,11800000,2
384,-13675,480,303,81200000,2
396,-7493,486,586,1860000,2
850,-12980,657,642,92600000,2
360,-8779,509,405,31900000,2
678,-13440,578,70.4,81600000,2
472,-5322,279,723,1340000,2
528,-9626,703,525,22000000,2
547,-9051,573,267,97300000,2
272,-6991,738,507,22900000,2
732,-9431,689,715,41900000,2
809,-9593,701,731,708000,2
405,-5528,601,755,5750000,2
739,-9531,814,754,9890000,2
355,-7937,731,647,487000,2
403,-14094,692,301,93800000,2
507,-7859,740,419,76000000,2
301,-9056,675,344,70800000,2
525,-6190,493,621,61900000,2
421,-4834,392,872,16000000,2
1640,-6745,205,917,494000,2
560,-14230,840,412,2170000,2
404,-13595,292,372,35500000,2
355,-9198,492,367,46000000,2
413,-3792,565,970,96000,2
342,-8466,715,593,6900000,2
363,-9995,483,692,10200000,2
321,-14346,476,372,87000000,2
346,-5696,714,435,27600000,2
485,-13192,575,254,94300000,2
574,-5695,443,704,34700000,2
1790,-5573,728,697,18700000,2
748,-4276,589,925,334000,2
444,-6195,588,973,9320,2
399,-11082,487,407,45100000,2
516,-13453,396,899,630000,2
497,-3369,317,924,1750000,2
449,-4579,661,973,736000,2
336,-13073,557,121,92400000,2
374,-18066,477,290,55400000,2
456,-11700,683,419,25000000,2
414,-6984,820,636,13800000,2
607,-8400,561,804,3850000,2
709,-6821,800,370,88400000,2
384,-13289,489,536,65400000,2
362,-9734,379,505,84000000,2
1950,-4858,694,774,21800000,2
250,-7472,808,532,54300000,2
544,-6007,312,772,12300000,2
391,-7031,589,762,945000,2
416,-10582,608,739,1020000,2
330,-9513,561,532,45800000,2
1360,-3235,799,917,14300000,2
1630,-14026,707,275,91000000,2
2000,-13657,490,338,47200000,2
382,-15958,723,354,55000000,2
342,-11856,487,658,70300000,2
780,-11039,735,684,4260000,2
347,-7375,298,726,1410000,2
622,-16605,567,387,44200000,2
327,-2969,337,809,738000,2
487,-16551,588,223,77600000,2
385,-7764,322,519,8030000,2
1200,-3745,351,964,69700,2
610,-8137,580,573,305000,2
455,-10513,632,554,53500000,2
613,-9401,719,386,71600000,2
269,-7309,592,752,33000000,2
861,-6327,530,956,577000,2
339,-14619,502,433,66800000,2
597,-11342,400,450,6190000,2
491,-13596,472,386,54100000,2
713,-4594,523,963,43400,2
395,-4038,492,596,97000000,2
646,-11238,650,424,87000000,2
565,-6406,801,637,16900000,2
981,-4771,447,788,9180000,2
672,-11383,797,208,98500000,2
482,-5522,650,500,97900000,2
465,-10752,582,622,12800000,2
688,-11044,651,451,44700000,2
270,-4028,576,478,72400000,2
594,-4733,741,789,18300000,2
488,-7345,607,802,64500,2
287,-3201,627,719,12800000,2
325,-9478,679,728,7950000,2
475,-9506,705,401,81200000,2
309,-8401,536,718,999000,2
389,-7721,615,560,44200000,2
438,-10917,553,672,21500000,2
307,-5376,657,716,10600000,2
375,-6844,639,496,71300000,2
733,-12576,469,297,90800000,2
527,-11603,792,495,23900000,2
275,-5763,747,580,15900000,2
1190,-2975,371,978,13400000,2
376,-14023,544,376,76600000,2
1210,-8670,460,609,75500000,2
420,-3996,480,641,6940000,2
379,-11057,713,281,13700000,2
494,-4895,692,791,15500000,2
278,-12526,699,502,6070000,2
1620,-3171,421,900,59000000,2
343,-6783,610,636,55200000,2
860,-24372,541,13.2,97900000,2
1610,-11271,598,567,47000000,2
417,-4033,478,714,69400000,2
1790,-3260,429,953,3610000,2
490,-8147,245,893,3010000,2
392,-8689,566,424,66900000,2
418,-4288,325,733,36100000,2
542,-12209,705,483,15000000,2
3870,-7725,597,598,67400000,2
421,-5367,750,763,65000000,2
737,-12299,612,372,47200000,2
388,-8628,534,514,76600000,2
444,-5345,416,790,714000,2
751,-6598,526,791,36800000,2
269,-5938,354,523,51400000,2
595,-19280,729,56.4,99600000,2
336,-5393,467,648,51900000,2
573,-9085,539,483,80000000,2
443,-13749,564,269,99500000,2
448,-6535,759,852,77400000,2
559,-5677,673,605,61000000,2
333,-11426,556,567,5810000,2
233,-6846,616,706,969000,2
436,-10951,633,625,49200000,2
340,-17424,617,167,72700000,2
292,-9186,647,507,11200000,2
2580,-7405,634,745,15900000,2
748,-6619,698,864,71800000,2
363,-9995,483,692,10200000,2
685,-15841,581,159,98900000,2
833,-4577,531,989,164000,2
409,-6228,405,485,78300000,2
1090,-7266,296,924,1520000,2
380,-5124,451,817,1440000,2
571,-8860,408,630,12500000,2
326,-6881,612,487,76100000,2
341,-8435,610,506,3320000,2
349,-8307,610,574,12300000,2
621,-14041,528,592,74700000,2
324,-8626,645,740,22300000,2
451,-7232,406,609,33200000,2
640,-8913,596,545,45600000,2
513,-12265,527,362,77300000,2
281,-9178,412,341,86100000,2
668,-13661,622,284,48900000,2
515,-10607,542,502,19500000,2
415,-8936,715,541,86500000,2
378,-10327,611,675,282000,2
524,-12674,581,647,347000,2
1850,-3781,378,925,2340000,2
525,-11959,675,311,93000000,2
374,-9936,576,693,54600000,2
292,-7785,725,746,2230000,2
415,-7181,775,499,49600000,2
343,-7136,741,435,53800000,2
391,-10142,535,824,62500000,2
439,-2001,601,912,16900000,2
346,-7568,644,433,74200000,2
1300,-6445,495,602,8000000,2
395,-9625,502,753,14200000,2
1030,-7712,642,706,25900000,2
2110,-4519,510,976,54200000,2
1660,-4816,556,870,16200000,2
350,-6046,641,747,39300000,2
506,-16296,606,393,73600000,2
465,-5880,667,757,17400000,2
307,-7949,500,714,47100000,2
422,-5722,636,830,56200000,2
258,-8501,529,481,62700000,2
899,-5156,310,946,2910000,2
710,-4140,255,947,10300,2
334,-8151,679,569,3600000,2
718,-9729,341,816,66400,2
567,-19063,475,157,97600000,2
496,-13240,643,175,98600000,2
644,-8303,353,921,118000,2
686,-6450,708,667,11800000,2
512,-6548,545,908,11500000,2
358,-13908,597,118,96400000,2
346,-12496,722,550,54700000,2
364,-16981,469,236,40700000,2
294,-6456,676,648,703000,2
399,-5059,487,923,14300000,2
339,-9150,484,802,469000,2
530,-10370,683,347,87100000,2
424,-11252,245,531,39400000,2
322,-6202,462,796,38400000,2
1040,-12326,725,474,41600000,2
1200,-8692,372,767,207000,2
362,-10182,423,328,73400000,2
354,-6988,417,510,1370000,2
355,-7937,731,647,487000,2
453,-16345,620,192,98700000,2
2660,-8772,221,826,21900000,2
827,-19986,494,90.5,85500000,2
469,-4225,615,740,20100000,2
304,-6360,558,642,11800000,2
349,-5938,713,800,4910000,2
265,-10810,744,496,43800000,2
388,-8628,534,514,76600000,2
369,-10092,429,455,58700000,2
478,-7069,846,447,61500000,2
804,-4128,395,701,38100000,2
582,-11480,544,381,30700000,2
331,-9745,665,456,80400000,2
637,-7505,662,491,75900000,2
1440,-9760,442,677,51300000,2
1310,-5090,698,763,224000,2
372,-11627,603,265,80600000,2
463,-11325,598,448,82200000,2
492,-8199,398,864,52300000,2
320,-14209,581,333,94400000,2
348,-6268,294,611,2260000,2
352,-5092,464,534,69500000,2
339,-9017,480,382,97600000,2
271,-7304,687,697,42800000,2
481,-5394,336,739,3250000,2
348,-7778,363,380,65000000,2
506,-9383,621,400,36700000,2
451,-8522,498,734,1980000,2
361,-4718,369,759,81500,2
1010,-5308,579,802,46800000,2
556,-6252,567,864,9460000,2
1380,-5080,217,909,1680000,2
475,-6656,564,465,80600000,2
363,-4395,547,686,5290000,2
486,-13444,873,234,96300000,2
391,-7452,475,762,180000,2
412,-9105,395,607,59100000,2
488,-7345,607,802,64500,2
746,-8864,690,584,47000000,2
390,-10716,303,492,19700000,2
515,-15719,810,233,98100000,2
400,-6532,528,336,28400000,2
436,-10951,633,625,49200000,2
426,-12402,364,497,1240000,2
555,-10408,610,548,77500000,2
438,-6406,692,724,53200000,2
282,-9538,492,341,24400000,2
443,-7213,304,730,1440000,2
1390,-10746,468,419,97700000,2
749,-11890,475,541,46600000,2
2080,-9092,652,574,35500000,2
575,-8709,454,623,14700000,2
495,-7000,689,791,54800000,2
263,-9385,639,422,27200000,2
284,-9737,390,407,317000,2
396,-12662,531,315,74300000,2
438,-13589,299,634,437000,2
467,-11610,784,594,9460000,2
347,-5375,814,633,1470000,2
1670,-13079,765,408,9840000,2
533,-7924,434,938,53200,2
375,-11708,565,266,89700000,2
420,-3996,480,641,6940000,2
415,-7181,775,499,49600000,2
254,-7976,714,662,6820000,2
387,-8028,521,734,50700000,2
1100,-6082,633,469,47900000,2
310,-16498,747,162,96400000,2
515,-7296,683,684,25700000,2
348,-13409,508,248,64200000,2
493,-7352,611,660,18300000,2
418,-16936,444,339,66000000,2
963,-3080,333,880,45500,2
884,-8296,644,530,78700000,2
1040,-9841,529,357,33600000,2
341,-4652,599,681,11800000,2
373,-22977,389,80.1,83700000,2
1020,-13328,621,519,83700000,2
419,-9665,736,721,7730000,2
403,-10910,426,751,12200000,2
1230,-13785,536,417,72000000,2
318,-6821,674,493,39700000,2
398,-6124,674,650,18200000,2
1140,-4103,431,892,7680000,2
361,-5628,571,725,1340000,2
466,-4140,527,819,50400000,2
358,-13051,472,608,74600,2
258,-8254,730,799,7420000,2
303,-11777,459,727,614000,2
475,-9506,705,401,81200000,2
1170,-6686,632,388,34100000,2
253,-10647,472,406,47600000,2
751,-11304,670,493,28500000,2
463,-13978,362,507,88400000,2
862,-8833,568,898,2850000,2
292,-7785,725,746,2230000,2
462,-12266,485,286,93400000,2
332,-11272,365,732,2320000,2
618,-14599,615,255,99500000,2
411,-1662,195,910,1030,2
1020,-3502,454,780,14600000,2
334,-8151,679,569,3600000,2
758,-5640,353,921,4880000,2
1080,-7179,343,617,36600000,2
749,-3592,710,914,6020000,2
671,-6121,399,728,1640000,2
363,-9160,397,367,58600000,2
323,-6046,688,756,16400000,2
718,-8531,690,210,76300000,2
528,-23470,578,97.1,94200000,2
416,-7473,502,659,70100000,2
319,-20442,554,483,31700000,2
567,-7761,687,853,8010000,2
355,-15279,434,109,98300000,2
317,-7173,743,448,81600000,2
380,-4673,502,864,35300000,2
719,-16070,498,473,74800000,2
1100,-8579,642,523,77200000,2
347,-8072,743,341,87100000,2
539,-5364,698,747,62400000,2
272,-9293,666,672,7610000,2
293,-8248,800,649,45300000,2
580,-8384,312,627,13700000,2
545,-7532,333,849,10300000,2
324,-8570,596,366,77600000,2
941,-4979,618,819,55500000,2
280,-13451,593,438,88300000,2
468,-11111,508,494,11700000,2
383,-7335,576,485,17500000,2
260,-9649,725,436,50600000,2
762,-13100,622,318,34100000,2
325,-5706,441,503,48100000,2
419,-5338,645,872,10500000,2
355,-7937,731,647,487000,2
482,-8671,710,586,23000000,2
397,-8296,725,600,7180000,2
428,-4732,625,758,5820000,2
368,-7608,538,605,12800000,2
1010,-3488,283,951,84400,2
458,-9381,433,631,19900000,2
254,-5342,684,764,1290000,2
650,-9183,581,752,8100000,2
555,-11031,779,667,61400000,2
457,-13333,575,283,96100000,2
421,-7565,599,721,28300000,2
765,-2616,536,954,3020000,2
375,-6744,635,793,10600000,2
374,-9578,765,312,53300000,2
598,-6555,527,684,29100000,2
327,-8883,744,562,8360000,2
367,-16659,444,63.6,98200000,2
544,-9414,575,756,73500000,2
691,-21207,541,188,97900000,2
454,-5632,340,757,163000,2
607,-14512,419,595,37300000,2
296,-4959,495,537,75400000,2
442,-10241,409,614,15500000,2
288,-8263,736,474,53400000,2
405,-15199,840,393,55700000,2
1090,-6216,285,799,6650000,2
465,-23806,667,61.4,93500000,2
648,-7619,685,727,4310000,2
499,-11582,595,525,30000000,2
438,-4648,757,860,47000000,2
361,-16082,451,58.9,95400000,2
293,-3469,555,897,36100000,2
310,-8501,590,857,12300000,2
568,-6857,636,668,74900000,2
267,-8725,554,490,73600000,2
450,-6236,527,799,3000000,2
362,-5690,560,730,21900000,2
424,-8850,521,542,14900000,2
266,-6418,322,562,28400000,2
745,-4996,515,946,1880000,2
423,-11402,606,301,54500000,2
271,-18669,647,191,92400000,2
362,-5690,560,730,21900000,2
324,-6742,862,707,9470000,2
385,-11821,427,626,2740000,2
465,-23806,667,61.4,93500000,2
469,-4927,525,879,5820000,2
650,-11493,658,710,11800000,2
502,-4505,616,808,124000,2
594,-4733,741,789,18300000,2
717,-13803,441,361,56700000,2
880,-10408,574,580,82400000,2
1430,-10574,729,436,89700000,2
414,-6648,799,730,29000000,2
354,-11337,473,281,97000000,2
432,-8373,488,408,75600000,2
361,-6607,634,779,2550000,2
289,-5693,559,463,38200000,2
260,-4437,630,573,56200000,2
891,-4900,385,832,3130000,2
587,-11186,671,217,49300000,2
287,-5106,562,667,534000,2
423,-3855,581,950,238000,2
567,-18731,493,113,99400000,2
527,-11603,792,495,23900000,2
738,-9655,389,662,34100000,2
549,-5718,669,852,40900000,2
403,-12977,465,350,41000000,2
411,-7807,608,565,68400000,2
310,-7257,616,434,58100000,2
856,-6575,150,828,34700,2
881,-8609,509,386,62400000,2
2150,-3260,311,882,895000,2
597,-9224,576,320,79500000,2
430,-9617,745,436,59700000,2
258,-2818,614,769,34700000,2
408,-12179,256,573,14100000,2
304,-8212,623,633,33600000,2
589,-7153,482,822,344000,2
520,-5437,458,882,253000,2
341,-4652,599,681,11800000,2
992,-3835,392,897,161000,2
385,-11821,427,626,2740000,2
495,-17814,596,308,97700000,2
619,-4656,604,771,27300000,2
367,-8238,578,784,6370000,2
380,-4567,295,674,35400000,2
1460,-5918,561,715,43700000,2
459,-8965,695,620,7830000,2
850,-4209,423,901,25100000,2
345,-9314,620,828,5100000,2
383,-9015,510,683,19000000,2
302,-5219,321,625,49100000,2
771,-13713,563,536,37100000,2
550,-10354,687,580,62800000,2
348,-6268,294,611,2260000,2
284,-6623,815,607,16300000,2
841,-8839,816,241,76400000,2
304,-12998,519,460,95600000,2
560,-6737,668,589,63500000,2
388,-13325,569,17.1,95800000,2
520,-12742,789,526,5510000,2
793,-2693,533,985,592000,2
355,-12476,470,401,29700000,2
1050,-4581,742,775,34700000,2
560,-14230,840,412,2170000,2
543,-13402,642,708,3460000,2
471,-13942,584,350,22800000,2
375,-7429,724,560,8500000,2
865,-12971,468,752,243000,2
265,-8254,386,475,84300000,2
634,-11790,418,387,21600000,2
329,-10174,638,223,85800000,2
332,-5826,635,615,57600000,2
565,-4694,628,576,21200000,2
305,-6077,583,469,74600000,2
5970,-8690,584,906,76900000,2
367,-8163,311,466,1710000,2
473,-12138,570,241,94800000,2
648,-9159,519,779,57300000,2
469,-8487,398,494,99300000,2
836,-14645,626,307,68900000,2
349,-6442,604,743,9710000,2
950,-4030,441,900,1090000,2
421,-14992,679,228,99300000,2
537,-11673,802,455,80300000,2
884,-8296,644,530,78700000,2
571,-6703,458,481,81400000,2
359,-7160,471,687,13600000,2
631,-17853,689,494,15900000,2
272,-7478,509,487,6410000,2
344,-5170,491,648,44300000,2
1640,-9351,749,383,98900000,2
455,-11323,693,496,7630000,2
570,-6685,662,846,3980000,2
481,-5525,698,736,6640000,2
368,-11552,546,311,86200000,2
284,-8017,516,401,38800000,2
314,-7418,344,523,7920000,2
473,-6915,349,827,4310000,2
282,-5554,396,463,37400000,2
1630,-8197,433,700,84300000,2
517,-15208,853,365,17800000,2
494,-8365,571,660,68300000,2
360,-3885,464,941,48800000,2
495,-8483,277,479,58500000,2
1050,-6823,617,570,76100000,2
362,-7045,431,572,5710000,2
543,-6888,426,791,35600000,2
551,-6867,616,908,194000,2
310,-7438,392,519,52600000,2
348,-16015,301,416,2960000,2
576,-12841,514,726,5950000,2
447,-11249,441,490,64200000,2
689,-15120,668,133,98600000,2
1570,-5433,395,787,68400000,2
325,-8748,409,292,92500000,2
289,-3796,687,718,25100000,2
935,-9161,465,566,73600000,2
382,-14063,629,648,2030000,2
1920,-6198,328,757,51500000,2
331,-4577,632,765,31500000,2
505,-10563,647,533,39700000,2
610,-8137,580,573,305000,2
446,-15606,221,372,44200000,2
518,-13947,610,221,97700000,2
416,-7473,502,659,70100000,2
535,-16196,575,170,90100000,2
376,-8498,665,470,44400000,2
1280,-3412,195,941,4860000,2
441,-9888,525,586,45600000,2
497,-6402,305,590,31900000,2
650,-9183,581,752,8100000,2
314,-15385,560,241,59300000,2
359,-6322,383,828,3300000,2
320,-14209,581,333,94400000,2
388,-16204,872,384,41800000,2
436,-4693,715,735,38400000,2
1500,-10252,469,601,23000000,2
512,-6795,303,648,64200000,2
485,-14207,441,455,62000000,2
5140,-7284,579,456,35800000,2
551,-12242,772,451,50100000,2
550,-6211,623,870,7150000,2
867,-4724,698,938,34600000,2
278,-6135,659,782,1360000,2
1320,-8140,490,485,73300000,2
479,-13006,489,398,46100000,2
730,-11471,523,462,88700000,2
657,-17952,694,216,1260000,2
297,-7535,672,534,69900000,2
567,-19063,475,157,97600000,2
341,-8440,601,302,90500000,2
1600,-18928,774,110,86900000,2
451,-7467,735,836,35300000,2
1050,-7451,467,965,1890000,2
465,-12765,608,369,72300000,2
334,-9618,699,392,50200000,2
441,-9566,499,366,1080000,2
418,-12826,569,751,36500000,2
410,-7487,357,757,84300,2
499,-4245,345,852,16000,2
406,-13054,628,195,84800000,2
424,-4465,559,665,7370000,2
544,-4020,565,928,25400000,2
317,-8851,591,454,63600000,2
313,-5731,613,878,777000,2
390,-8117,497,263,35300000,2
1220,-6182,574,627,8460000,2
751,-12584,523,568,65200000,2
411,-11688,721,432,6740000,2
370,-7774,672,835,73200000,2
370,-12429,631,480,87300000,2
331,-4577,632,765,31500000,2
869,-12065,455,298,18400000,2
2850,-8417,453,795,2170000,2
401,-9238,695,636,45300000,2
372,-5343,522,811,2630000,2
2620,-8831,414,708,26000000,2
310,-9764,778,600,29700000,2
1270,-8006,733,451,69800000,2
345,-6338,263,534,17400000,2
828,-4103,771,825,23200000,2
885,-3055,854,846,692000,2
973,-10882,598,735,44000000,2
392,-8689,566,424,66900000,2
943,-7572,485,737,731000,2
325,-16568,535,141,96800000,2
272,-6991,738,507,22900000,2
287,-2603,497,599,77700000,2
973,-10882,598,735,44000000,2
589,-7566,681,778,36800000,2
541,-8192,656,284,74700000,2
1190,-8196,189,997,19300000,2
583,-18501,599,121,99200000,2
351,-4538,643,913,651000,2
423,-5865,731,508,35000000,2
648,-9159,519,779,57300000,2
279,-8553,503,490,32300000,2
719,-6568,571,919,171000,2
505,-14609,547,180,97700000,2
339,-14619,502,433,66800000,2
331,-14600,754,505,24200000,2
610,-11721,692,102,81800000,2
303,-4896,675,575,73600000,2
559,-10804,471,369,73200000,2
818,-12581,434,846,8970,2
1130,-6578,620,613,229000,2
285,-6307,722,624,36300000,2
553,-15073,730,195,85800000,2
294,-11417,442,616,11100000,2
335,-6291,716,693,32700000,2
365,-11352,565,526,3390000,2
728,-16318,627,161,99100000,2
354,-11337,473,281,97000000,2
1170,-16829,664,174,91200000,2
298,-6495,312,562,12300000,2
423,-11402,606,301,54500000,2
484,-9755,703,313,66700000,2
635,-14755,631,282,35000000,2
525,-6566,419,580,22800000,2
501,-11327,705,447,93400000,2
404,-11323,532,377,3980000,2
586,-12360,565,433,90900000,2
419,-4847,439,859,79900000,2
845,-8000,202,839,2050000,2
317,-5659,395,824,5160000,2
1620,-7548,776,795,10300000,2
365,-15172,702,269,62600000,2
562,-15828,284,698,1390000,2
357,-4377,558,820,1460000,2
1510,-7961,294,736,28200000,2
1960,-5482,244,752,2050000,2
891,-4900,385,832,3130000,2
529,-7869,530,629,46000000,2
314,-15385,560,241,59300000,2
523,-8975,732,357,80500000,2
713,-1183,481,981,11900000,2
553,-15073,730,195,85800000,2
369,-8480,725,315,72000000,2
325,-9662,692,493,9340000,2
338,-5017,582,548,77800000,2
431,-7007,596,797,12900000,2
262,-6920,604,612,31400000,2
329,-13577,656,396,81700000,2
992,-12264,765,317,99200000,2
773,-7536,668,796,35200000,2
653,-9453,785,430,31600000,2
2580,-3864,335,959,1170000,2
801,-6748,633,505,74500000,2
554,-1786,504,939,13300000,2
454,-6524,649,905,4730000,2
299,-4650,401,591,252000,2
776,-7957,619,847,137000,2
342,-12661,653,293,48300000,2
1540,-2236,740,958,25100000,2
569,-9803,654,616,7040000,2
713,-5009,393,913,683000,2
352,-11352,577,482,83300000,2
362,-5749,511,868,28800000,2
320,-7829,593,864,6070000,2
630,-9023,471,244,81400000,2
374,-5449,523,684,448000,2
314,-15385,560,241,59300000,2
694,-5764,458,865,1650000,2
238,-8295,575,607,30300000,2
548,-6176,843,631,4010000,2
363,-9100,534,449,77900000,2
495,-17814,596,308,97700000,2
369,-13680,873,338,37400000,2
512,-6795,303,648,64200000,2
397,-8296,725,600,7180000,2
466,-8234,539,228,99200000,2
590,-13862,644,623,38900000,2
486,-13444,873,234,96300000,2
622,-8324,366,825,31000,2
286,-6193,458,758,26200000,2
609,-6358,586,800,4700000,2
565,-6606,479,905,76000,2
400,-6787,650,630,27800000,2
389,-7897,749,732,21700000,2
364,-16981,469,236,40700000,2
383,-14354,539,264,96900000,2
596,-7423,511,820,11700000,2
323,-14654,544,197,94700000,2
312,-8397,719,583,15900000,2
479,-7178,645,496,54100000,2
435,-10549,523,330,92000000,2
298,-8660,773,350,85600000,2
263,-9385,639,422,27200000,2
324,-6742,862,707,9470000,2
403,-5896,549,824,11700000,2
267,-6789,509,504,35100000,2
606,-7171,640,675,4010000,2
495,-8483,277,479,58500000,2
385,-13630,567,268,89000000,2
321,-7445,606,679,1510000,2
339,-5381,671,860,3300000,2
327,-2969,337,809,738000,2
307,-5409,530,691,37400000,2
366,-12101,683,285,99400000,2
503,-20543,611,78.5,96400000,2
499,-4871,557,933,22300000,2
733,-12576,469,297,90800000,2
338,-14112,687,249,83700000,2
834,-3371,606,973,25500000,2
284,-9158,498,391,77300000,2
497,-5247,467,887,178000,2
343,-14908,547,216,92400000,2
513,-13081,575,187,92700000,2
489,-9393,592,714,9480000,2
615,-8917,416,634,53500000,2
484,-8279,799,693,6980000,2
525,-11959,675,311,93000000,2
672,-17690,544,271,76700000,2
3720,-14620,693,175,96200000,2
345,-8708,655,648,10200000,2
277,-6010,558,563,3310000,2
327,-6802,342,828,383000,2
342,-3711,613,934,4060000,2
429,-12212,684,556,3360000,2
506,-7328,850,761,15400000,2
350,-11994,256,423,78800,2
518,-4122,422,918,109000,2
351,-4538,643,913,651000,2
461,-15424,576,327,25500000,2
1060,-4594,408,906,367000,2
310,-7438,392,519,52600000,2
418,-2684,371,760,41100000,2
1290,-7491,450,561,82400000,2
918,-14135,546,389,77700000,2
339,-14619,502,433,66800000,2
401,-3094,310,863,16700000,2
333,-8879,562,466,44100000,2
315,-10048,787,345,57400000,2
372,-5343,522,811,2630000,2
577,-12801,636,701,2740000,2
866,-10914,501,645,57500000,2
310,-5342,429,593,14000000,2
1490,-5016,247,991,1950,2
274,-11640,740,333,253000,2
374,-7630,439,432,53400000,2
511,-5079,430,814,956000,2
353,-6246,633,652,4960000,2
379,-19385,734,143,76500000,2
634,-11790,418,387,21600000,2
290,-4787,280,715,247000,2
320,-4738,619,631,6600000,2
975,-3334,627,859,72200000,2
375,-6448,546,836,19500,2
382,-9420,661,525,36900000,2
790,-5757,748,770,7560000,2
1130,-4400,374,951,1890000,2
317,-7258,367,769,32000,2
966,-8058,372,968,1760000,2
973,-10882,598,735,44000000,2
5790,-8337,468,531,98900000,2
331,-4940,509,467,43600000,2
425,-11384,674,313,28900000,2
534,-6946,679,367,85700000,2
317,-5659,395,824,5160000,2
466,-8768,529,622,314000,2
353,-14497,189,390,25700000,2
336,-9011,651,462,81000000,2
328,-7476,553,408,83700000,2
459,-13572,428,725,18600000,2
644,-5349,512,859,3080000,2
508,-10572,676,334,86200000,2
759,-14700,731,85.1,98600000,2
346,-9264,702,685,45100000,2
574,-12484,809,701,17600000,2
808,-13502,629,736,37500000,2
951,-3722,607,788,48800000,2
1020,-8907,513,377,89900000,2
803,-10069,757,645,49800000,2
327,-14140,679,489,2240000,2
1200,-3745,351,964,69700,2
381,-6183,416,813,12200000,2
645,-5094,760,776,3150000,2
590,-3826,479,939,4170000,2
1160,-2207,428,966,783000,2
356,-9565,413,705,4460000,2
787,-8755,585,716,2140000,2
316,-3374,737,929,5620000,2
349,-8874,593,409,86500000,2
677,-12155,722,785,6590000,2
530,-3789,562,906,54200000,2
785,-11734,604,289,80400000,2
528,-9235,882,476,45800000,2
310,-3995,443,909,3510000,2
344,-11503,353,495,11900,2
478,-7453,542,467,94800000,2
387,-10727,600,624,46800000,2
369,-18663,470,308,82000000,2
396,-10965,661,693,60900000,2
401,-7185,426,352,55000000,2
359,-12439,420,279,76500000,2
498,-11599,632,301,70300000,2
959,-10984,682,586,34600000,2
345,-9507,439,561,260000,2
499,-5338,691,809,23300000,2
530,-10013,327,824,2480000,2
348,-8081,675,308,82400000,2
606,-15580,599,161,98200000,2
1240,-8189,743,803,82200000,2
309,-10889,417,396,63500000,2
349,-8980,535,534,33700000,2
648,-11317,391,756,41300000,2
764,-10516,580,289,60900000,2
265,-5893,404,508,95200000,2
367,-3444,400,767,252000,2
314,-18305,499,149,77100000,2
256,-5957,620,875,1590000,2
1640,-6451,408,560,17300000,2
525,-11959,675,311,93000000,2
541,-16237,476,70.8,99500000,2
332,-6956,658,617,24200000,2
342,-6414,816,771,27600000,2
445,-5860,548,716,47100000,2
523,-7800,751,486,92100000,2
315,-12071,537,356,72100000,2
362,-9386,732,349,71800000,2
412,-5459,291,746,192000,2
308,-12653,641,350,95300000,2
502,-15828,698,572,3840000,2
1260,-5801,465,751,27900000,2
392,-8403,623,623,84800000,2
432,-9896,512,765,30000000,2
557,-14472,599,125,93000000,2
341,-10388,516,374,91500000,2
375,-13696,529,595,2270000,2
511,-6501,563,874,356000,2
312,-13386,384,455,29000000,2
3010,-11087,602,467,15500000,2
357,-15163,425,86.3,96200000,2
474,-4448,626,923,1320000,2
537,-11673,802,455,80300000,2
283,-12101,467,277,89000000,2
370,-6152,515,816,4710000,2
564,-11763,369,303,84800000,2
714,-3333,443,888,71000,2
1460,-6089,553,597,42200000,2
386,-8790,739,669,2740000,2
416,-7473,502,659,70100000,2
287,-5647,420,602,27900000,2
547,-7329,551,710,51400000,2
563,-4677,789,756,11600000,2
758,-5640,353,921,4880000,2
1000,-5623,364,752,7920000,2
513,-12265,527,362,77300000,2
291,-5279,530,751,14400000,2
307,-6232,350,496,38200000,2
313,-12812,529,671,46900000,2
361,-9765,699,532,84400000,2
611,-17640,586,97.6,98900000,2
367,-7096,660,696,44800000,2
568,-8005,295,839,940000,2
336,-8087,597,713,12100000,2
3150,-11386,717,143,94100000,2
550,-6871,736,564,7200000,2
303,-15676,620,398,55600000,2
520,-13633,345,132,86500000,2
283,-7985,664,586,33400000,2
455,-6992,740,702,25000000,2
499,-11582,595,525,30000000,2
458,-10837,563,260,63300000,2
459,-8098,481,799,4510000,2
557,-8237,580,596,48700000,2
462,-17999,643,57.4,99300000,2
407,-8755,621,693,57900000,2
451,-8115,411,367,14200000,2
718,-10887,724,314,81300000,2
608,-7399,548,428,84700000,2
301,-9376,388,410,18300000,2
1400,-11672,570,703,21000000,2
640,-9036,614,545,48300000,2
331,-6720,510,723,3670000,2
373,-7116,377,808,623000,2
286,-12391,556,253,88200000,2
1140,-6984,365,713,59700000,2
374,-7817,573,762,72000000,2
1220,-13652,739,219,94500000,2
428,-26040,641,36.6,87200000,2
345,-10945,393,364,210000,2
918,-4499,566,848,29700000,2
355,-13294,640,459,2820000,2
324,-14984,508,151,98600000,2
658,-4503,739,790,56700000,2
484,-9755,703,313,66700000,2
388,-4841,305,658,25200000,2
484,-10691,464,604,53900000,2
610,-3838,562,912,2580000,2
731,-6432,575,914,39700000,2
454,-15263,647,204,96400000,2
802,-4374,588,841,14400000,2
1040,-9647,674,658,40400000,2
933,-10124,868,578,6550000,2
543,-11296,273,694,24200000,2
823,-7647,423,530,5890000,2
283,-12101,467,277,89000000,2
1050,-9829,599,377,44100000,2
439,-7849,432,667,12700000,2
577,-7904,581,833,757000,2
390,-10716,303,492,19700000,2
379,-14170,568,434,63900000,2
467,-7970,527,939,650000,2
409,-4946,512,780,4710000,2
627,-13090,592,547,30300000,2
