7.53,-14.523,65.9,2
5.82,-13.458,70.1,2
13.2,-7.832,49.8,2
3.48,-7.313,58.4,2
3.66,-22.241,46.7,2
6.36,-9.78,48.2,2
3.06,-8.307,33.9,2
3.88,-11.864,65.9,2
9.2,-7.219,47.4,2
5.78,-13.043,94.7,2
3.84,-7.198,74.2,2
4.11,-11.395,63.8,2
3.99,-5.919,47.2,2
5.83,-9.372,51.1,2
14.1,-4.11,69.9,2
3.08,-9.11,31.6,2
5.13,-4.033,41.8,2
2.73,-6.802,61.9,2
2.63,-9.562,48.7,2
3.36,-7.805,57.4,2
15.8,-6.376,48.3,2
14.5,-7.951,44.3,2
6,-13.015,68.7,2
5.94,-10.854,32.8,2
2.95,-7.179,53.2,2
6.46,-11.238,65,2
8.14,-11.75,69.7,2
2.67,-7.337,68.6,2
2.94,-10.552,34.1,2
5.72,-12.099,59.9,2
3.22,-7,34,2
8.84,-8.296,64.4,2
4.85,-9.97,53.3,2
2.5,-7.472,80.8,2
4.73,-12.138,57,2
13.2,-5.996,48.6,2
8.23,-10.005,64.4,2
3.2,-9.302,42,2
5.59,-6.294,63.6,2
3.8,-14.095,61.4,2
2.42,-4.268,74.4,2
4.1,-5.526,53.4,2
4.85,-14.207,44.1,2
3.44,-9.509,69.5,2
4.94,-4.981,53,2
3.75,-4.474,52.1,2
3.81,-6.549,68.1,2
3.54,-7.358,63.2,2
7.43,-7.132,75.6,2
3.39,-9.764,67.8,2
4.59,-6.663,62.9,2
9.92,-5.22,51.6,2
13.2,-10.208,56.2,2
29,-9.592,70.6,2
6.54,-5.144,69.8,2
5.65,-6.606,47.9,2
6.65,-3.88,40.4,2
3,-5.131,78.2,2
18.6,-8.806,69.9,2
7.72,-6.486,32.9,2
8.84,-4.464,62.1,2
7.38,-2.187,21,2
6.07,-13.115,51.3,2
3.63,-9.156,65.6,2
12.6,-5.801,46.5,2
2.89,-9.907,40.4,2
18.6,-11.483,67.6,2
5.74,-12.484,80.9,2
4.79,-8.158,76.5,2
3.75,-6.844,63.9,2
4.42,-8.571,72.3,2
2.52,-6.05,56.8,2
6.03,-12.424,41.2,2
6.1,-8.137,58,2
5.96,-13.885,48.9,2
3.26,-7.874,63.2,2
3.95,-9.428,63.6,2
3.91,-9.925,55.9,2
5.52,-8.136,37.4,2
4.17,-16.397,70.1,2
2.81,-6.825,67.4,2
5.4,-9.105,44.8,2
3.01,-12.227,39.5,2
3.82,-15.958,72.3,2
3.06,-6.285,54.8,2
5.56,-11.141,76.9,2
3.48,-6.268,29.4,2
3.18,-5.134,49.2,2
3.22,-8.484,64.5,2
19.5,-17.093,56.1,2
4.98,-6.761,56,2
5,-18.26,72,2
3.56,-12.671,41.3,2
3.43,-8.746,54.5,2
4.02,-14.248,53.3,2
3.75,-6.702,80.7,2
2.93,-5.839,49.9,2
4.15,-7.213,48.1,2
3.81,-7.851,72.7,2
5.21,-2.738,47.5,2
3.66,-8.062,51.6,2
2.67,-8.725,55.4,2
2.78,-6.208,62.9,2
4.62,-12.527,39.5,2
3.97,-9.327,40.1,2
11.8,-17.819,52.9,2
8.04,-4.631,40,2
3.46,-7.568,64.4,2
6.27,-9.123,35.8,2
3.22,-5.874,53.7,2
4.95,-13.496,55.9,2
7.01,-6.088,43.2,2
3.73,-12.166,73.7,2
6.06,-15.58,59.9,2
4.07,-12.445,58.6,2
4.59,-15.476,59.1,2
2.87,-9.647,48.4,2
3.68,-12.996,61.3,2
4.72,-5.322,27.9,2
4.58,-6.929,53.5,2
3.87,-7.304,51.6,2
4.59,-8.145,30.1,2
3.85,-14.546,43.6,2
4.42,-9.331,60.1,2
3.24,-8.626,64.5,2
3.25,-9.478,67.9,2
3.35,-13.637,67.7,2
6.84,-6.091,60.6,2
7.43,-11.225,34.5,2
6.31,-15.154,62.1,2
4.02,-10.166,77.7,2
3.56,-2.673,48.6,2
6.96,-7.333,40.6,2
3.54,-11.337,47.3,2
4.09,-7.509,49.1,2
5.05,-8.242,61.3,2
5.15,-10.139,63.2,2
3.59,-11.669,38.9,2
3.36,-7.737,63.9,2
6.26,-16.275,62.3,2
3.29,-6.42,56.6,2
13,-4.454,54.3,2
8.34,-7.031,57.9,2
4.65,-5.505,70.8,2
7.15,-5.154,58,2
4.17,-10.159,45.4,2
5.3,-10.37,68.3,2
5.34,-11.129,81.2,2
3.56,-10.027,61.2,2
2.84,-8.017,51.6,2
22.2,-2.694,49.4,2
8.74,-2.892,57.4,2
2.63,-10.107,62.7,2
3.35,-8.924,49.1,2
11.8,-6.287,55.5,2
3.93,-9.161,68.9,2
3.28,-5.2,48.2,2
5.52,-8.872,79.7,2
9.37,-11.879,46.2,2
7.27,-7.485,62.3,2
11.7,-6.019,68.4,2
4.22,-6.842,38.2,2
5.33,-10.415,55.1,2
4.12,-5.459,29.1,2
7.51,-6.935,43.3,2
3.91,-7.379,45.3,2
3.62,-5.749,51.1,2
7.52,-9.894,70.8,2
5.66,-9.946,41,2
4.96,-3.627,47.1,2
4.56,-10.785,63.5,2
6.23,-6.296,61.2,2
3.99,-4.706,59.1,2
7.75,-12.736,49.5,2
4.2,-3.996,48,2
6.29,-15.418,80.3,2
4.3,-11.871,59.8,2
4.86,-8.533,49.5,2
3.28,-6.685,45.6,2
41.6,-10.204,61.9,2
8.38,-14.501,60.5,2
11.4,-4.103,43.1,2
3.25,-9.495,71,2
4.7,-19.793,57.2,2
4.36,-13.497,49.6,2
12.5,-11.382,78.5,2
9.4,-5.575,58,2
3.49,-16.269,45,2
3.67,-13.179,72.7,2
3.38,-14.961,47.2,2
6.07,-8.986,51.5,2
4.55,-10.569,66.4,2
7.23,-6.873,25,2
4.54,-15.263,64.7,2
8.46,-10.517,58.3,2
7.51,-12.584,52.3,2
6.71,-13.961,51.7,2
5.28,-9.235,88.2,2
3.17,-6.986,59.1,2
4.85,-6.993,69.8,2
4.48,-4.654,58.6,2
3.41,-7.051,78.6,2
15.1,-7.961,29.4,2
3.17,-9.119,68.8,2
2.61,-7.332,67.8,2
65.8,-10.795,45.4,2
6.71,-7.994,57.6,2
16.6,-4.816,55.6,2
10.1,-7.305,57.7,2
11.2,-4.903,62.3,2
3.03,-4.896,67.5,2
14,-6.587,37.1,2
8.44,-11.315,63.5,2
2.85,-10.571,73.9,2
5.25,-11.959,67.5,2
5.5,-15.774,53.3,2
3.95,-4.038,49.2,2
4.06,-6.3,62.9,2
9.62,-10.862,56.3,2
4.63,-5.513,60.1,2
3.77,-9.88,53.7,2
16.1,-13.662,50.2,2
5.58,-8.794,48.2,2
9.57,-6.225,67.7,2
4.27,-5.604,59.4,2
6.29,-15.418,80.3,2
6.43,-5.843,64.8,2
3.69,-7.143,38.3,2
3.58,-11.633,65.9,2
6.41,-5.133,59.9,2
31.4,-7.486,55.3,2
16.3,-8.197,43.3,2
9.94,-11.738,60.1,2
25,-10.912,51.5,2
4.58,-8.6,53.7,2
3.1,-16.498,74.7,2
4.78,-12.798,59.9,2
4.38,-6.731,76.4,2
8.1,-9.159,77.9,2
10.1,-10.653,90.3,2
6.09,-4.091,55.3,2
3.1,-5.582,61.9,2
12.5,-12.06,76,2
2.86,-8.534,53.5,2
4.37,-6.812,37.4,2
3.51,-10.298,83.1,2
5.65,-6.606,47.9,2
3.17,-9.224,53.5,2
5.95,-7.958,57,2
4.47,-14.158,53.8,2
3.58,-12.211,39.2,2
4.91,-7.411,40.6,2
3.24,-4.061,67.6,2
2.86,-8.548,48.2,2
2.94,-6.855,71.9,2
2.93,-13.454,57.2,2
6.15,-10.45,77.6,2
3.72,-14.466,50.1,2
7.09,-9.353,38.3,2
7.58,-5.613,38.3,2
3.77,-11.329,50.4,2
3.48,-14.278,43.9,2
2.98,-13.25,72,2
6.62,-7.675,79.9,2
2.93,-13.454,57.2,2
3.92,-6.949,73.8,2
3.7,-5.608,52,2
36.9,-7.644,56.9,2
6.05,-8.007,68.2,2
3.38,-6.497,51.3,2
5.76,-5.377,68.4,2
3.41,-5.854,43.7,2
4.56,-0.489,40.8,2
2.78,-7.679,71.9,2
27.4,-4.91,30.1,2
11.2,-9.291,54.1,2
3.68,-7.004,56.7,2
3.94,-10.468,70.2,2
7.08,-4.167,55.5,2
2.61,-6.978,49.1,2
3.1,-11.063,62.4,2
2.8,-6.826,55.9,2
4.07,-15.87,42.5,2
9.6,-15.72,62.8,2
3.56,-6.531,55.9,2
6.39,-10.176,38.8,2
3.29,-13.577,65.6,2
4.12,-5.459,29.1,2
21.4,-6.491,35.7,2
19.5,-17.093,56.1,2
4.05,-10.893,50.4,2
4.11,-16.004,40.6,2
2.78,-7.6,64.9,2
3.6,-16.292,54,2
16.5,-6.623,61.6,2
2.92,-5.994,57.4,2
3.54,-19.213,51.6,2
4.24,-6.716,53.5,2
4.43,-3.548,64.4,2
19.9,-4.585,34.2,2
4.81,-13.945,63.2,2
8.89,-14.141,65.6,2
9.73,-10.882,59.8,2
2.73,-13.349,59.6,2
7.77,-10.863,65.5,2
3.99,-9.577,43.2,2
3.5,-18.543,47.2,2
4.61,-17.458,70.1,2
15.5,-4.975,32.8,2
3.49,-8.119,53.8,2
2.82,-8.662,61.6,2
4.26,-4.572,54.3,2
8.48,-6.044,61.1,2
3.73,-7.94,47.2,2
3.71,-12.269,65.3,2
7.13,-8.209,41.7,2
6.1,-8.137,58,2
3.43,-11.802,55.8,2
8.5,-12.98,65.7,2
11.4,-11.867,66,2
3.55,-3.76,43.7,2
4.04,-9.199,49.5,2
3.86,-6.018,15.5,2
6.57,-10.512,67,2
3.85,-3.504,35.4,2
4.1,-6.203,51.6,2
40.2,-8.126,65.3,2
5.52,-8.136,37.4,2
7.97,-8.003,68.2,2
3.46,-4.683,61.5,2
2.6,-10.643,47.3,2
5.45,-5.373,59.8,2
9.13,-8.904,56.1,2
4.21,-12.789,56.9,2
6.25,-20.88,62,2
3.05,-13.498,51.5,2
4.62,-7.383,72.4,2
2.99,-10.429,58.9,2
4.02,-7.788,76.2,2
2.84,-5.48,38,2
9.28,-12.142,65.8,2
36.1,-7.498,72.8,2
6.21,-8.197,35.7,2
4.63,-10.147,54.8,2
5.18,-9.503,61,2
4.11,-9.103,77,2
5.25,-11.959,67.5,2
3.17,-7.258,36.7,2
3.71,-12.964,61.4,2
3.74,-16.925,59.3,2
5.52,-6.402,70.2,2
2.98,-11.211,71.1,2
22.4,-9.937,54.5,2
3.09,-7.303,43,2
5.06,-9.383,62.1,2
2.63,-6.109,53.8,2
3.25,-6.541,68.6,2
3.1,-8.363,34.4,2
5.64,-6.945,89.4,2
4.06,-3.092,58.4,2
6.03,-4.507,44.3,2
9.4,-8.536,62.6,2
3.08,-9.415,66.6,2
7.88,-18.022,53.8,2
5.32,-12.982,85.8,2
9.62,-10.862,56.3,2
4.04,-8.282,54.7,2
2.95,-7.179,53.2,2
4.52,-12.504,88.9,2
7.33,-12.576,46.9,2
8.75,-6.656,64.9,2
3.89,-6.66,60.8,2
4.79,-5.576,44.2,2
14.3,-5.841,26,2
5.31,-7.711,40.9,2
6.59,-6.668,49.1,2
9.28,-10.566,58.3,2
3.22,-10.731,43.3,2
2.92,-5.629,52,2
3.27,-11.949,55.5,2
3.12,-14.711,51.5,2
2.53,-10.105,53.2,2
2.98,-17.183,56.6,2
4.91,-6.924,80.5,2
4.28,-6.975,68.4,2
6.09,-4.091,55.3,2
3.02,-5.574,65.8,2
12.1,-9.047,72.6,2
2.73,-3.994,73,2
5.77,-6.564,43,2
8.65,-6.532,48.6,2
3.86,-8.79,73.9,2
3.52,-6.453,72.7,2
4.93,-10.908,71.7,2
3.63,-9.156,65.6,2
4.12,-6.246,59.7,2
16,-5.502,74.9,2
3.07,-7.442,71.8,2
3.24,-6.742,86.2,2
3.93,-9.457,63.5,2
11.5,-9.241,68,2
3.44,-9.047,67,2
5.58,-5.762,58.3,2
4.36,-8.551,36.9,2
4.03,-7.294,75.3,2
2.75,-9.147,69,2
2.64,-5.158,72.8,2
8.95,-4.872,57.3,2
4.48,-7.95,47.3,2
16.6,-4.816,55.6,2
2.98,-11.211,71.1,2
22.9,-4.692,44.2,2
12.1,-5.687,73.6,2
4.59,-9.245,46.2,2
3.45,-9.083,34.5,2
65.8,-10.795,45.4,2
20.9,-6.641,40.4,2
4.04,-19.432,52,2
3.91,-5.257,43.6,2
4.32,-5.839,18.2,2
3.12,-18.566,58.4,2
3.86,-7.197,37.2,2
6.13,-9.401,71.9,2
4.08,-19.207,81.5,2
6.66,-6.82,61.3,2
4.64,-4.939,41,2
7.33,-12.576,46.9,2
3.64,-16.981,46.9,2
4.03,-17.278,49.9,2
10.8,-8.446,57.2,2
4.79,-11.154,79.1,2
4.23,-3.855,58.1,2
16.3,-8.197,43.3,2
3.05,-8.139,72,2
4.62,-6.825,75.1,2
5.74,-2.349,63.8,2
4.4,-12.194,53.8,2
11.8,-10.761,58.9,2
3.77,-10.104,45.4,2
4.63,-10.362,24.8,2
5.97,-13.615,39.2,2
3.36,-5.628,58.9,2
7.84,-15.964,38.2,2
3.2,-7.058,70.7,2
4.39,-7.111,64.3,2
6.06,-2.967,50.6,2
7.95,-7.983,69.5,2
7.74,-8.288,59.9,2
2.8,-7.887,61.9,2
3.48,-6.268,29.4,2
3.89,-15.929,50.9,2
4.99,-11.479,63.4,2
4.01,-2.879,52.4,2
6.09,-6.358,58.6,2
3.13,-6.187,74.3,2
4.32,-11.377,65.4,2
20,-13.657,49,2
2.75,-9.875,59.7,2
11.5,-9.011,49.6,2
4.67,-10.286,55,2
3.05,-11.066,39.3,2
4.99,-11.582,59.5,2
3.36,-7.805,57.4,2
3.81,-6.439,77.5,2
3.39,-6.848,41.7,2
6.12,-13.965,44,2
4.17,-15.723,56.1,2
20.9,-6.641,40.4,2
6.57,-8.465,84.8,2
3.74,-16.925,59.3,2
4.72,-5.322,27.9,2
3.92,-8.403,62.3,2
27.7,-14.734,64.2,2
6.36,-9.363,56.2,2
3.99,-14.733,78.7,2
4.73,-12.138,57,2
5.86,-16.499,57.5,2
12.9,-7.491,45,2
3.57,-4.995,37.6,2
4.49,-11.239,40.4,2
4.48,-6.535,75.9,2
4.55,-10.513,63.2,2
7.02,-17.232,73,2
5.72,-13.011,72.8,2
5.05,-8.996,58.1,2
5.61,-5.868,16.7,2
4.64,-4.952,66.4,2
6.88,-5.162,71.6,2
2.75,-7.497,50.2,2
3.05,-13.498,51.5,2
4.19,-6.35,77.7,2
4.71,-8.823,34.5,2
4.11,-13.947,54.4,2
4.32,-13.499,63.7,2
4.3,-9.617,74.5,2
5.27,-13.659,54.1,2
6.03,-6.188,74.9,2
2.87,-7.139,64.4,2
3.53,-8.05,61,2
3.34,-7.441,50.2,2
2.6,-7.809,78,2
10.9,-6.355,37.8,2
12.9,-6.802,82.6,2
5.76,-12.841,51.4,2
5.45,-19.991,69.7,2
5.59,-12.499,56.9,2
4.06,-15.223,48.5,2
5.07,-9.134,57.2,2
3.79,-6.083,60.4,2
2.78,-5.02,51.1,2
6.53,-9.453,78.5,2
11.2,-9.291,54.1,2
13.7,-5.695,47.1,2
3.07,-6.775,60,2
4.45,-13.401,62.9,2
2.8,-7.761,61.7,2
3.16,-3.374,73.7,2
2.97,-8.12,49,2
4.66,-2.479,33,2
3.72,-11.627,60.3,2
16.3,-8.197,43.3,2
14,-12.105,44.1,2
2.94,-6.456,67.6,2
10.2,-13.328,62.1,2
11,-3.896,67.6,2
6.34,-6.883,67.1,2
3.85,-11.821,42.7,2
17.5,-15.305,55.6,2
3.58,-6.8,45.2,2
7.53,-16.251,63.9,2
3.48,-8.081,67.5,2
3.41,-4.652,59.9,2
6,-4.365,43.1,2
3.56,-8.018,78.5,2
7.19,-5.304,55.2,2
2.66,-6.042,57.2,2
17.9,-8.963,64.8,2
3.85,-15.546,62.6,2
16.1,-6.958,56.8,2
5.07,-6.869,63.3,2
4.31,-6.522,43.1,2
3.08,-13.502,37.9,2
39.3,-8.105,66.8,2
3.46,-2.939,38,2
3.63,-12.956,70.3,2
5.15,-15.719,81,2
4.43,-9.554,49.3,2
3.63,-6.322,67.4,2
31.1,-12.964,71.7,2
3.75,-6.844,63.9,2
9.05,-6.271,31.5,2
8.09,-1.867,9.22,2
7.39,-8.61,72.2,2
9.62,-10.862,56.3,2
3.61,-8.13,69.2,2
3.72,-5.343,52.2,2
22.4,-9.937,54.5,2
3.82,-9.42,66.1,2
3.79,-8.741,44,2
5.34,-6.946,67.9,2
6.58,-4.503,73.9,2
12.7,-6.913,76.2,2
4.3,-16.361,66.1,2
5.91,-6.813,44,2
24.6,-5.416,29.9,2
3.03,-13.312,49.8,2
4.22,-5.806,60.4,2
9.56,-6.407,62.6,2
3.07,-7.54,37.6,2
5.03,-20.543,61.1,2
3.79,-8.741,44,2
3.49,-4.624,71.6,2
3.62,-12.438,53.5,2
19,-3.984,31.1,2
6.1,-3.838,56.2,2
3.63,-8.581,55.1,2
12.7,-9.223,58.4,2
5.15,-4.995,56.2,2
5.68,-6.857,63.6,2
8.33,-19.952,62.9,2
2.53,-10.647,47.2,2
5.67,-13.898,71.2,2
3.89,-6.66,60.8,2
4.42,-16.024,79.2,2
3.92,-4.495,46,2
4.83,-9.568,45.9,2
5.05,-8.077,72.6,2
3.53,-6.375,93.6,2
3.76,-4.64,30.6,2
3.9,-5.408,29,2
2.95,-7.179,53.2,2
3.27,-11.949,55.5,2
13.5,-5.182,61.2,2
3.46,-4.552,52.7,2
2.92,-8.378,59.6,2
10.6,-19.053,41.9,2
7.46,-3.417,58.8,2
4.73,-12.138,57,2
3.91,-6.826,62,2
5.6,-8.271,28,2
3.93,-14.222,62.1,2
4.97,-12.914,73,2
4.36,-10.951,63.3,2
14.5,-3.877,26,2
2.97,-7.988,60.2,2
6.21,-5.101,45.4,2
3.81,-9.934,35.3,2
2.71,-4.144,71.2,2
3.05,-6.799,52.7,2
4.2,-9.055,55.4,2
2.57,-8.368,40.3,2
3.71,-7.447,72.8,2
3.37,-3.113,37.1,2
3.24,-14.984,50.8,2
3.2,-14.209,58.1,2
4.49,-13.139,64.8,2
5.71,-13.627,28.1,2
2.83,-5.721,49.3,2
3.72,-5.343,52.2,2
5.34,-6.946,67.9,2
7.47,-13.065,50.9,2
3.82,-6.281,49.3,2
3.57,-3.877,56.1,2
7.96,-11.598,35.2,2
4.43,-13.075,65.8,2
3.65,-11.352,56.5,2
3.85,-7.764,32.2,2
5,-6.348,45.9,2
4.87,-13.622,82.1,2
4.09,-6.454,81,2
4.04,-8.368,58.8,2
2.9,-5.493,62.9,2
4.42,-11.698,58.6,2
6.19,-7.838,72.1,2
3.86,-8.79,73.9,2
10.8,-8.446,57.2,2
3.73,-10.496,30.2,2
4.55,-9.846,52.6,2
3.93,-10.462,52.9,2
5.16,-5.06,32.9,2
3.2,-4.621,69.3,2
3.07,-7.091,60.9,2
4.74,-5.351,37.9,2
3.18,-6.577,53.2,2
2.52,-3.967,63.4,2
6.21,-4.812,73.1,2
2.69,-11.052,59.9,2
3.58,-2.913,49.1,2
4.56,-9.11,60.8,2
2.72,-8.558,61.2,2
3.28,-8.934,28.5,2
5.69,-4.968,47.9,2
3.12,-8.899,79.8,2
4.3,-9.369,78.9,2
6.21,-11.64,62.4,2
3.85,-10.211,55.4,2
5.2,-7.602,62.9,2
2.66,-9.062,58.2,2
8.24,-13.624,24.6,2
2.98,-11.948,46.9,2
3.37,-7.34,56.9,2
3.26,-11.58,61.4,2
2.86,-8.452,46.9,2
10,-4.5,46.9,2
2.73,-6.919,72.4,2
9.14,-13.339,68.6,2
3.41,-8.435,61,2
16.4,-7.167,28.4,2
18.9,-10.411,51.5,2
3.21,-18.825,39.3,2
2.81,-6.825,67.4,2
3.75,-11.708,56.5,2
5.45,-5.373,59.8,2
6.86,-4.673,47.1,2
22.3,-11.063,58.6,2
2.81,-6.016,60.5,2
6.59,-6.229,64.3,2
4.82,-13.671,59.7,2
4.9,-8.346,66.8,2
3.02,-13.782,67.8,2
4.95,-15.15,49.9,2
11.2,-21.57,77.9,2
25,-10.912,51.5,2
3.85,-15.027,48,2
9.57,-10.376,67.7,2
4.1,-7.338,61.3,2
4.99,-8.991,66.7,2
4.32,-11.452,79.3,2
4.62,-17.999,64.3,2
3.69,-7.143,38.3,2
2.68,-7.599,76.2,2
2.64,-8.132,55.4,2
12.6,-5.801,46.5,2
3.44,-4.512,74.8,2
33.2,-13.247,70.8,2
3.34,-8.151,67.9,2
25.2,-22.487,72.7,2
19,-3.984,31.1,2
4.65,-4.943,60.8,2
5.07,-8.328,66.9,2
3.26,-12.223,60.7,2
4.57,-12.014,76.9,2
6.32,-6.896,27.2,2
3.46,-7.568,64.4,2
14.3,-12.587,60,2
3.53,-11.384,84.2,2
4.06,-6.3,62.9,2
4.54,-4.265,59.2,2
3.25,-3.4,79.4,2
3.75,-7.606,31.8,2
3.09,-7.47,61.9,2
10.3,-10.096,82.8,2
2.98,-11.211,71.1,2
3.65,-5.904,35.2,2
9.74,-12.693,63.9,2
5.13,-4.033,41.8,2
5.76,-12.781,61.1,2
3,-10.813,39.8,2
12.9,-7.491,45,2
3.67,-7.096,66,2
5.27,-7.992,43.3,2
21.7,-9.154,50.1,2
3,-12.645,47.5,2
3.13,-8.922,60.8,2
5.07,-11.194,56.6,2
3.86,-11.222,40.9,2
5.92,-3.661,58.6,2
2.31,-5.987,64.1,2
16.7,-13.079,76.5,2
12.7,-7.679,76.6,2
3.04,-8.788,69,2
11.5,-5.682,79.1,2
7.67,-4.479,52.4,2
3.31,-6.352,87.4,2
5.62,-13.397,85.9,2
4.1,-5.665,69.1,2
7.26,-14.429,68.3,2
3.48,-6.268,29.4,2
3.86,-9.985,47.8,2
5.61,-4.717,50.5,2
6.07,-12.848,56.1,2
3.82,-6.916,48.9,2
3.8,-22.557,72.8,2
2.92,-10.566,48.5,2
6.46,-9.607,31.4,2
4.63,-17.218,58.9,2
3.85,-15.957,55.4,2
9.57,-10.376,67.7,2
3.64,-6.782,76.9,2
3.2,-8.82,32.6,2
4.4,-8.648,59.9,2
5.17,-6.625,56.7,2
5.4,-9.105,44.8,2
5.35,-24.249,55.8,2
6.86,-10.047,43.4,2
7.62,-13.1,62.2,2
2.78,-7.679,71.9,2
3.55,-15.276,73,2
4.39,-11.612,71.5,2
4.45,-7.341,46.2,2
15.1,-7.961,29.4,2
4.26,-4.572,54.3,2
3.62,-10.662,78.9,2
4.4,-5.196,50.9,2
3.97,-9.969,62.9,2
26,-7.227,85.3,2
3.4,-8.334,67.9,2
4.26,-8.453,55.5,2
4.4,-23.179,39.4,2
3.4,-4.331,59.6,2
5.47,-9.546,72.3,2
11.4,-13.052,68.8,2
4.95,-6.157,28.7,2
4.07,-13.557,35.7,2
3.26,-6.954,58.5,2
3.96,-7.493,48.6,2
17.9,-8.963,64.8,2
2.92,-6.162,47.7,2
3.28,-7.274,37.5,2
6.21,-4.812,73.1,2
7.1,-10.765,66.3,2
4.32,-13.187,61.3,2
4.08,-13.609,72.7,2
2.76,-5.924,75.9,2
5.84,-10.946,83.7,2
2.71,-9.563,63.8,2
3.66,-10.743,53.4,2
3.04,-12.471,54.6,2
3.11,-7.46,55.5,2
17.2,-4.208,25.8,2
27,-13.072,50.8,2
6.9,-7.047,39.5,2
3.75,-11.996,74.6,2
36.9,-16.374,66.8,2
4.47,-6.862,52.3,2
8.56,-7.527,31,2
4.55,-15.467,50.6,2
4.1,-6.975,52.8,2
3.39,-7.097,34.1,2
6.42,-4.085,61.8,2
5.3,-14.655,83.1,2
3.9,-11.019,33.6,2
3.26,-9.775,72.1,2
3.28,-7.414,53.9,2
2.98,-2.915,49,2
5.68,-6.857,63.6,2
6.93,-10.33,56.6,2
4.85,-14.207,44.1,2
12.8,-2.489,47.7,2
5.28,-8.196,34,2
3.84,-13.675,48,2
4.21,-7.193,45.1,2
3.85,-12.813,62.9,2
3.48,-8.699,57.2,2
3.76,-8.498,66.5,2
4.51,-13.331,80.3,2
44.6,-13.614,54.5,2
4.45,-5.86,54.8,2
6.57,-13.163,85.5,2
30.6,-19.872,60.1,2
3.16,-3.374,73.7,2
3.43,-4.78,56.9,2
3.38,-5.333,72.5,2
3.13,-10.497,59.6,2
3.39,-7.682,58,2
13.2,-8.306,49.6,2
3.54,-9.895,61.2,2
3.58,-4.261,62.4,2
5.94,-6.05,47.3,2
2.87,-8.057,69.6,2
11.2,-21.57,77.9,2
7.87,-4.849,48.4,2
6.96,-13.57,61.7,2
12.7,-8.018,65.8,2
5.08,-10.572,67.6,2
5.14,-11.036,49.2,2
4.64,-5.541,26.7,2
7.08,-13.563,74.6,2
3.82,-10.767,50.7,2
10.3,-9.029,25.7,2
5.56,-6.399,63.6,2
10.2,-6.974,47.5,2
4.3,-9.617,74.5,2
2.98,-11.211,71.1,2
7.01,-5.387,40.4,2
11.2,-21.57,77.9,2
9.98,-4.043,42.4,2
4.35,-9.06,27.2,2
13.3,-5.483,70.5,2
3.57,-4.377,55.8,2
3.69,-7.143,38.3,2
4.53,-12.993,60.9,2
6.98,-15.9,65.4,2
3.29,-12.229,62.9,2
3.1,-13.97,34.5,2
5.26,-15.188,66.5,2
4.85,-14.207,44.1,2
29.9,-11.793,62.2,2
2.72,-6.991,73.8,2
4.53,-6.989,74.9,2
8.49,-4.189,71.5,2
10.6,-6.373,46.6,2
9.48,-16.888,85,2
10.6,-7.974,83.4,2
3.21,-13.531,68,2
5.27,-4.074,40.7,2
3.05,-13.498,51.5,2
8.43,-4.393,23.3,2
3.83,-7.823,79.8,2
2.73,-2.6,57.4,2
3.17,-6.986,59.1,2
5.66,-10.687,52.9,2
3.21,-13.367,32.2,2
9.61,-7.767,50.2,2
4.91,-12.993,77.8,2
5.6,-14.23,84,2
3.52,-6.875,28.2,2
5.41,-11.233,71.8,2
3.09,-4.437,63,2
3.82,-8.896,39.2,2
3.51,-11.872,57.1,2
2.9,-5.825,56.3,2
5.99,-14.977,89.2,2
4.88,-7.715,74.8,2
4.38,-16.556,54.9,2
14.6,-5.659,21.6,2
4.35,-14.204,46.9,2
4.48,-13.36,43.6,2
4.8,-12.207,70.9,2
4.23,-7.702,40.6,2
5.51,-5.707,45.9,2
3.55,-12.772,38.6,2
6.76,-11.603,70.6,2
18.2,-16.254,60.1,2
4.11,-7.521,39.6,2
3.48,-8.936,61.7,2
12.8,-9.543,63.1,2
3.03,-15.676,62,2
4.96,-14.56,73.3,2
19.6,-6.333,52.7,2
3.27,-9.493,39.1,2
6.24,-5.515,52.2,2
7.06,-3.837,31,2
5.48,-12.393,62,2
5.65,-8.028,40.9,2
6.72,-17.69,54.4,2
5.7,-7.385,57.9,2
3.2,-14.209,58.1,2
4.4,-5.196,50.9,2
3.58,-9.303,91.6,2
2.88,-8.288,71.4,2
6.45,-10.778,37.9,2
7.1,-4.14,25.5,2
3.04,-11.197,62.9,2
2.77,-6.972,61.5,2
3.93,-9.215,51.1,2
3.25,-9.65,70.1,2
3.57,-4.995,37.6,2
6.01,-6.918,46.1,2
4.48,-6.535,75.9,2
2.72,-11.979,65.4,2
4.44,-4.298,34.3,2
4.39,-5.17,65.5,2
13.2,-5.996,48.6,2
4.81,-12.256,58.4,2
3.58,-6.715,35.5,2
5.57,-5.745,56,2
3.2,-6.11,49,2
4.87,-9.536,17.7,2
3.17,-7.204,47,2
3.67,-5.743,36.4,2
5.57,-4.741,52.7,2
3.36,-5.393,46.7,2
3.3,-13.823,53.8,2
6.17,-9.141,48.8,2
4.67,-4.888,77,2
3.91,-9.925,55.9,2
7.29,-14.543,63.3,2
3.61,-10.432,59.3,2
6.53,-9.453,78.5,2
9.15,-2.62,53.6,2
11,-7.168,44.8,2
2.4,-7.606,61.5,2
2.95,-6.048,65.5,2
6.85,-6.185,44.7,2
4.92,-6.235,48.6,2
3.25,-9.662,69.2,2
3.16,-9.636,49,2
3.76,-11.318,51.8,2
13.2,-7.206,23.3,2
3.86,-11.771,55.5,2
3.01,-8.821,52.8,2
3.07,-4.978,52.5,2
15.5,-5.43,53.4,2
2.91,-7.202,58.9,2
11.9,-6.362,63.7,2
5.18,-13.947,61,2
5.01,-11.701,57.1,2
9.64,-12.368,75.6,2
3.28,-10.65,61.8,2
3.47,-8.528,46.4,2
2.84,-5.69,78.2,2
4.37,-6.812,37.4,2
8.86,-8.036,58.6,2
3.92,-4.867,41.1,2
8.73,-5.854,72.4,2
3.93,-9.457,63.5,2
5.15,-7.296,68.3,2
3.77,-7.659,71.5,2
11,-6.082,63.3,2
4.79,-7.498,60.2,2
5.04,-6.76,21.5,2
4.69,-8.487,39.8,2
3.89,-15.929,50.9,2
5.98,-11.774,47.6,2
3.03,-9.871,70.3,2
8.23,-6.754,14.3,2
3.88,-7.671,64.9,2
8.67,-4.724,69.8,2
7.92,-5.039,60.8,2
2.98,-11.948,46.9,2
6.63,-5.652,76.3,2
12,-10.04,34.8,2
6.23,-8.919,49.2,2
8.93,-6.557,55.7,2
5.43,-12.208,39.7,2
15.6,-15.302,64.1,2
4.23,-4.467,55.5,2
6.79,-8.116,49.2,2
44.6,-13.614,54.5,2
3.29,-11.839,57.1,2
3.74,-7.377,50,2
2.81,-5.641,64.2,2
3.58,-18.89,52.6,2
3.68,-4.912,42.4,2
6.58,-4.503,73.9,2
7.78,-6.795,33.5,2
4.69,-11.872,79.6,2
3.27,-9.845,55.9,2
7.53,-14.523,65.9,2
3.21,-14.346,47.6,2
2.84,-4.875,42.5,2
3.69,-10.964,35.8,2
7.28,-3.378,52,2
3,-7.407,72.3,2
4.55,-6.018,34.8,2
2.78,-9.068,56.6,2
10.4,-10.809,41.4,2
3.73,-8.035,58.9,2
4.46,-14.008,48.6,2
2.95,-8.304,80.5,2
7.46,-8.864,69,2
3.62,-10.375,69.2,2
6.06,-15.58,59.9,2
4.02,-16.348,46.6,2
24.8,-9.739,46.9,2
6.93,-3.768,60.5,2
5.28,-23.822,53.7,2
11.3,-6.744,29.4,2
4.01,-7.185,42.6,2
5.06,-14.453,60.4,2
8.38,-9.51,51.4,2
4.38,-6.599,64,2
4.33,-7.147,74.9,2
6.8,-9.4,35.3,2
2.98,-14.155,49.4,2
3.24,-14.984,50.8,2
3.39,-11.568,45.6,2
2.71,-14.953,63.4,2
4.64,-13.074,65,2
4.07,-8.682,63.5,2
4.86,-12.945,56.4,2
5.42,-9.764,54.5,2
13.6,-5.497,79,2
6.02,-10.713,49.9,2
3.82,-7.376,38.1,2
7.35,-8.938,57.3,2
14.8,-15.786,58.3,2
4.07,-5.524,42.7,2
5.34,-4.175,58.1,2
4.34,-5.694,64.6,2
14,-3,64.1,2
3.87,-12.394,71.6,2
5.06,-7.328,85,2
4.5,-10.233,45.3,2
3.62,-6.523,55.9,2
3.21,-18.825,39.3,2
3.88,-6.291,51.6,2
4.71,-9.598,39.3,2
7.88,-18.022,53.8,2
9.09,-3.531,81.6,2
4.19,-7.98,67.7,2
4.15,-10.936,58.9,2
8.65,-4.419,77.3,2
3.39,-9.764,67.8,2
7.73,-10.62,81,2
4.06,-15.223,48.5,2
3.05,-6.693,59,2
3.26,-6.881,61.2,2
3.53,-14.961,44.8,2
4.32,-10.46,64.7,2
8.97,-8.191,58.6,2
3.03,-9.487,67,2
4.61,-7.262,50,2
4.95,-7,68.9,2
3.17,-8.851,59.1,2
4.72,-11.261,48.2,2
4.65,-3.646,66.9,2
5.25,-3.404,51.2,2
4.26,-19.926,49.7,2
3.38,-9.132,29.7,2
4.22,-17.904,51.3,2
2.99,-13.043,45.2,2
3.93,-6.499,69.4,2
3.39,-4.141,45.8,2
2.5,-6.435,73.2,2
3.83,-7.314,47.7,2
4.35,-8.628,81.2,2
3.46,-14.085,58.7,2
26.4,-7.183,67.3,2
3.18,-3.9,40.1,2
3.23,-5.752,57.1,2
5.08,-6.357,42,2
4.99,-11.152,74,2
5.03,-20.543,61.1,2
9.76,-13.407,81.8,2
4.73,-6.915,34.9,2
3.01,-9.294,54.2,2
2.78,-7.882,66.8,2
16.3,-14.026,70.7,2
6.29,-8.464,59.2,2
4.04,-11.323,53.2,2
3.19,-6.626,65.7,2
4.54,-4.855,27,2
3.95,-12.092,68.7,2
11.4,-11.867,66,2
7.26,-5.962,66.8,2
14.5,-5.847,57.2,2
28.9,-7.454,79.8,2
3.01,-9.525,50.9,2
7.19,-5.304,55.2,2
3.76,-8.505,56.5,2
3.11,-6.862,65.7,2
8.13,-6.167,61.9,2
4.71,-9.113,72.5,2
3.44,-4.166,55,2
2.92,-10.616,74,2
8.73,-13.805,71.7,2
3.34,-6.832,65,2
8.42,-5.821,54.3,2
8.05,-12.119,62.5,2
4.62,-6.475,42,2
4.3,-16.361,66.1,2
11.4,-4.103,43.1,2
5.72,-13.011,72.8,2
3.58,-2.913,49.1,2
3.75,-11.996,74.6,2
10.3,-7.712,64.2,2
2.7,-6.228,57.8,2
5.88,-9.157,52.7,2
4.62,-10.634,70.3,2
3.43,-5.068,31.1,2
5.81,-5.883,44.8,2
5.6,-14.23,84,2
4,-6.251,27.8,2
3.17,-12.635,54.6,2
3.25,-9.662,69.2,2
6.39,-6.305,63.5,2
4.35,-8.522,45.1,2
15.8,-4.115,47.3,2
10.1,-8.549,43.6,2
6.48,-11.317,39.1,2
3.13,-7.713,35.9,2
5.85,-5.297,77.4,2
14.7,-9.617,50.8,2
4.06,-22.222,52.8,2
10.8,-4.724,63.2,2
7.72,-9.96,61.9,2
2.42,-4.268,74.4,2
3.53,-13.793,48.7,2
2.79,-5.839,62.9,2
3.24,-10.871,47.9,2
9.11,-11.486,55.6,2
10.1,-13.077,42.7,2
4.95,-15.15,49.9,2
36.2,-10.877,42.1,2
3.51,-4.113,52.6,2
5.94,-9.028,41,2
3.69,-6.64,63.5,2
9.32,-5.419,71.6,2
3.52,-6.576,52.7,2
3.28,-9.63,41.4,2
6.98,-6.892,37.3,2
6.43,-6.764,43.9,2
9.49,-6.122,35.4,2
11.4,-6.324,48.3,2
4.33,-3.04,32.6,2
5.34,-11.252,57.5,2
6.86,-5.422,60.2,2
4.53,-6.741,44.3,2
5.08,-10.572,67.6,2
4.15,-20.977,64.6,2
8.55,-4.321,44.1,2
3.8,-22.557,72.8,2
3.2,-4.738,61.9,2
17.7,-15.357,61.2,2
3.47,-7.967,76.1,2
3.74,-16.925,59.3,2
6.69,-12.795,45.4,2
12.6,-8.852,51.4,2
3.45,-9.02,38.4,2
5.99,-5.593,73.8,2
3.84,-13.675,48,2
3.96,-7.493,48.6,2
8.5,-12.98,65.7,2
3.6,-8.779,50.9,2
6.78,-13.44,57.8,2
4.72,-5.322,27.9,2
5.28,-9.626,70.3,2
5.47,-9.051,57.3,2
2.72,-6.991,73.8,2
7.32,-9.431,68.9,2
8.09,-9.593,70.1,2
4.05,-5.528,60.1,2
7.39,-9.531,81.4,2
3.55,-7.937,73.1,2
4.03,-14.094,69.2,2
5.07,-7.859,74,2
3.01,-9.056,67.5,2
5.25,-6.19,49.3,2
4.21,-4.834,39.2,2
16.4,-6.745,20.5,2
5.6,-14.23,84,2
4.04,-13.595,29.2,2
3.55,-9.198,49.2,2
4.13,-3.792,56.5,2
3.42,-8.466,71.5,2
3.63,-9.995,48.3,2
3.21,-14.346,47.6,2
3.46,-5.696,71.4,2
4.85,-13.192,57.5,2
5.74,-5.695,44.3,2
17.9,-5.573,72.8,2
7.48,-4.276,58.9,2
4.44,-6.195,58.8,2
3.99,-11.082,48.7,2
5.16,-13.453,39.6,2
4.97,-3.369,31.7,2
4.49,-4.579,66.1,2
3.36,-13.073,55.7,2
3.74,-18.066,47.7,2
4.56,-11.7,68.3,2
4.14,-6.984,82,2
6.07,-8.4,56.1,2
7.09,-6.821,80,2
3.84,-13.289,48.9,2
3.62,-9.734,37.9,2
19.5,-4.858,69.4,2
2.5,-7.472,80.8,2
5.44,-6.007,31.2,2
3.91,-7.031,58.9,2
4.16,-10.582,60.8,2
3.3,-9.513,56.1,2
13.6,-3.235,79.9,2
16.3,-14.026,70.7,2
20,-13.657,49,2
3.82,-15.958,72.3,2
3.42,-11.856,48.7,2
7.8,-11.039,73.5,2
3.47,-7.375,29.8,2
6.22,-16.605,56.7,2
3.27,-2.969,33.7,2
4.87,-16.551,58.8,2
3.85,-7.764,32.2,2
12,-3.745,35.1,2
6.1,-8.137,58,2
4.55,-10.513,63.2,2
6.13,-9.401,71.9,2
2.69,-7.309,59.2,2
8.61,-6.327,53,2
3.39,-14.619,50.2,2
5.97,-11.342,40,2
4.91,-13.596,47.2,2
7.13,-4.594,52.3,2
3.95,-4.038,49.2,2
6.46,-11.238,65,2
5.65,-6.406,80.1,2
9.81,-4.771,44.7,2
6.72,-11.383,79.7,2
4.82,-5.522,65,2
4.65,-10.752,58.2,2
6.88,-11.044,65.1,2
2.7,-4.028,57.6,2
5.94,-4.733,74.1,2
4.88,-7.345,60.7,2
2.87,-3.201,62.7,2
3.25,-9.478,67.9,2
4.75,-9.506,70.5,2
3.09,-8.401,53.6,2
3.89,-7.721,61.5,2
4.38,-10.917,55.3,2
3.07,-5.376,65.7,2
3.75,-6.844,63.9,2
7.33,-12.576,46.9,2
5.27,-11.603,79.2,2
2.75,-5.763,74.7,2
11.9,-2.975,37.1,2
3.76,-14.023,54.4,2
12.1,-8.67,46,2
4.2,-3.996,48,2
3.79,-11.057,71.3,2
4.94,-4.895,69.2,2
2.78,-12.526,69.9,2
16.2,-3.171,42.1,2
3.43,-6.783,61,2
8.6,-24.372,54.1,2
16.1,-11.271,59.8,2
4.17,-4.033,47.8,2
17.9,-3.26,42.9,2
4.9,-8.147,24.5,2
3.92,-8.689,56.6,2
4.18,-4.288,32.5,2
5.42,-12.209,70.5,2
38.7,-7.725,59.7,2
4.21,-5.367,75,2
7.37,-12.299,61.2,2
3.88,-8.628,53.4,2
4.44,-5.345,41.6,2
7.51,-6.598,52.6,2
2.69,-5.938,35.4,2
5.95,-19.28,72.9,2
3.36,-5.393,46.7,2
5.73,-9.085,53.9,2
4.43,-13.749,56.4,2
4.48,-6.535,75.9,2
5.59,-5.677,67.3,2
3.33,-11.426,55.6,2
2.33,-6.846,61.6,2
4.36,-10.951,63.3,2
3.4,-17.424,61.7,2
2.92,-9.186,64.7,2
25.8,-7.405,63.4,2
7.48,-6.619,69.8,2
3.63,-9.995,48.3,2
6.85,-15.841,58.1,2
8.33,-4.577,53.1,2
4.09,-6.228,40.5,2
10.9,-7.266,29.6,2
3.8,-5.124,45.1,2
5.71,-8.86,40.8,2
3.26,-6.881,61.2,2
3.41,-8.435,61,2
3.49,-8.307,61,2
6.21,-14.041,52.8,2
3.24,-8.626,64.5,2
4.51,-7.232,40.6,2
6.4,-8.913,59.6,2
5.13,-12.265,52.7,2
2.81,-9.178,41.2,2
6.68,-13.661,62.2,2
5.15,-10.607,54.2,2
4.15,-8.936,71.5,2
3.78,-10.327,61.1,2
5.24,-12.674,58.1,2
18.5,-3.781,37.8,2
5.25,-11.959,67.5,2
3.74,-9.936,57.6,2
2.92,-7.785,72.5,2
4.15,-7.181,77.5,2
3.43,-7.136,74.1,2
3.91,-10.142,53.5,2
4.39,-2.001,60.1,2
3.46,-7.568,64.4,2
13,-6.445,49.5,2
3.95,-9.625,50.2,2
10.3,-7.712,64.2,2
21.1,-4.519,51,2
16.6,-4.816,55.6,2
3.5,-6.046,64.1,2
5.06,-16.296,60.6,2
4.65,-5.88,66.7,2
3.07,-7.949,50,2
4.22,-5.722,63.6,2
2.58,-8.501,52.9,2
8.99,-5.156,31,2
7.1,-4.14,25.5,2
3.34,-8.151,67.9,2
7.18,-9.729,34.1,2
5.67,-19.063,47.5,2
4.96,-13.24,64.3,2
6.44,-8.303,35.3,2
6.86,-6.45,70.8,2
5.12,-6.548,54.5,2
3.58,-13.908,59.7,2
3.46,-12.496,72.2,2
3.64,-16.981,46.9,2
2.94,-6.456,67.6,2
3.99,-5.059,48.7,2
3.39,-9.15,48.4,2
5.3,-10.37,68.3,2
4.24,-11.252,24.5,2
3.22,-6.202,46.2,2
10.4,-12.326,72.5,2
12,-8.692,37.2,2
3.62,-10.182,42.3,2
3.54,-6.988,41.7,2
3.55,-7.937,73.1,2
4.53,-16.345,62,2
26.6,-8.772,22.1,2
8.27,-19.986,49.4,2
4.69,-4.225,61.5,2
3.04,-6.36,55.8,2
3.49,-5.938,71.3,2
2.65,-10.81,74.4,2
3.88,-8.628,53.4,2
3.69,-10.092,42.9,2
4.78,-7.069,84.6,2
8.04,-4.128,39.5,2
5.82,-11.48,54.4,2
3.31,-9.745,66.5,2
6.37,-7.505,66.2,2
14.4,-9.76,44.2,2
13.1,-5.09,69.8,2
3.72,-11.627,60.3,2
4.63,-11.325,59.8,2
4.92,-8.199,39.8,2
3.2,-14.209,58.1,2
3.48,-6.268,29.4,2
3.52,-5.092,46.4,2
3.39,-9.017,48,2
2.71,-7.304,68.7,2
4.81,-5.394,33.6,2
3.48,-7.778,36.3,2
5.06,-9.383,62.1,2
4.51,-8.522,49.8,2
3.61,-4.718,36.9,2
10.1,-5.308,57.9,2
5.56,-6.252,56.7,2
13.8,-5.08,21.7,2
4.75,-6.656,56.4,2
3.63,-4.395,54.7,2
4.86,-13.444,87.3,2
3.91,-7.452,47.5,2
4.12,-9.105,39.5,2
4.88,-7.345,60.7,2
7.46,-8.864,69,2
3.9,-10.716,30.3,2
5.15,-15.719,81,2
4,-6.532,52.8,2
4.36,-10.951,63.3,2
4.26,-12.402,36.4,2
5.55,-10.408,61,2
4.38,-6.406,69.2,2
2.82,-9.538,49.2,2
4.43,-7.213,30.4,2
13.9,-10.746,46.8,2
7.49,-11.89,47.5,2
20.8,-9.092,65.2,2
5.75,-8.709,45.4,2
4.95,-7,68.9,2
2.63,-9.385,63.9,2
2.84,-9.737,39,2
3.96,-12.662,53.1,2
4.38,-13.589,29.9,2
4.67,-11.61,78.4,2
3.47,-5.375,81.4,2
16.7,-13.079,76.5,2
5.33,-7.924,43.4,2
3.75,-11.708,56.5,2
4.2,-3.996,48,2
4.15,-7.181,77.5,2
2.54,-7.976,71.4,2
3.87,-8.028,52.1,2
11,-6.082,63.3,2
3.1,-16.498,74.7,2
5.15,-7.296,68.3,2
3.48,-13.409,50.8,2
4.93,-7.352,61.1,2
4.18,-16.936,44.4,2
9.63,-3.08,33.3,2
8.84,-8.296,64.4,2
10.4,-9.841,52.9,2
3.41,-4.652,59.9,2
3.73,-22.977,38.9,2
10.2,-13.328,62.1,2
4.19,-9.665,73.6,2
4.03,-10.91,42.6,2
12.3,-13.785,53.6,2
3.18,-6.821,67.4,2
3.98,-6.124,67.4,2
11.4,-4.103,43.1,2
3.61,-5.628,57.1,2
4.66,-4.14,52.7,2
3.58,-13.051,47.2,2
2.58,-8.254,73,2
3.03,-11.777,45.9,2
4.75,-9.506,70.5,2
11.7,-6.686,63.2,2
2.53,-10.647,47.2,2
7.51,-11.304,67,2
4.63,-13.978,36.2,2
8.62,-8.833,56.8,2
2.92,-7.785,72.5,2
4.62,-12.266,48.5,2
3.32,-11.272,36.5,2
6.18,-14.599,61.5,2
4.11,-1.662,19.5,2
10.2,-3.502,45.4,2
3.34,-8.151,67.9,2
7.58,-5.64,35.3,2
10.8,-7.179,34.3,2
7.49,-3.592,71,2
6.71,-6.121,39.9,2
3.63,-9.16,39.7,2
3.23,-6.046,68.8,2
7.18,-8.531,69,2
5.28,-23.47,57.8,2
4.16,-7.473,50.2,2
3.19,-20.442,55.4,2
5.67,-7.761,68.7,2
3.55,-15.279,43.4,2
3.17,-7.173,74.3,2
3.8,-4.673,50.2,2
7.19,-16.07,49.8,2
11,-8.579,64.2,2
3.47,-8.072,74.3,2
5.39,-5.364,69.8,2
2.72,-9.293,66.6,2
2.93,-8.248,80,2
5.8,-8.384,31.2,2
5.45,-7.532,33.3,2
3.24,-8.57,59.6,2
9.41,-4.979,61.8,2
2.8,-13.451,59.3,2
4.68,-11.111,50.8,2
3.83,-7.335,57.6,2
2.6,-9.649,72.5,2
7.62,-13.1,62.2,2
3.25,-5.706,44.1,2
4.19,-5.338,64.5,2
3.55,-7.937,73.1,2
4.82,-8.671,71,2
3.97,-8.296,72.5,2
4.28,-4.732,62.5,2
3.68,-7.608,53.8,2
10.1,-3.488,28.3,2
4.58,-9.381,43.3,2
2.54,-5.342,68.4,2
6.5,-9.183,58.1,2
5.55,-11.031,77.9,2
4.57,-13.333,57.5,2
4.21,-7.565,59.9,2
7.65,-2.616,53.6,2
3.75,-6.744,63.5,2
3.74,-9.578,76.5,2
5.98,-6.555,52.7,2
3.27,-8.883,74.4,2
3.67,-16.659,44.4,2
5.44,-9.414,57.5,2
6.91,-21.207,54.1,2
4.54,-5.632,34,2
6.07,-14.512,41.9,2
2.96,-4.959,49.5,2
4.42,-10.241,40.9,2
2.88,-8.263,73.6,2
4.05,-15.199,84,2
10.9,-6.216,28.5,2
4.65,-23.806,66.7,2
6.48,-7.619,68.5,2
4.99,-11.582,59.5,2
4.38,-4.648,75.7,2
3.61,-16.082,45.1,2
2.93,-3.469,55.5,2
3.1,-8.501,59,2
5.68,-6.857,63.6,2
2.67,-8.725,55.4,2
4.5,-6.236,52.7,2
3.62,-5.69,56,2
4.24,-8.85,52.1,2
2.66,-6.418,32.2,2
7.45,-4.996,51.5,2
4.23,-11.402,60.6,2
2.71,-18.669,64.7,2
3.62,-5.69,56,2
3.24,-6.742,86.2,2
3.85,-11.821,42.7,2
4.65,-23.806,66.7,2
4.69,-4.927,52.5,2
6.5,-11.493,65.8,2
5.02,-4.505,61.6,2
5.94,-4.733,74.1,2
7.17,-13.803,44.1,2
8.8,-10.408,57.4,2
14.3,-10.574,72.9,2
4.14,-6.648,79.9,2
3.54,-11.337,47.3,2
4.32,-8.373,48.8,2
3.61,-6.607,63.4,2
2.89,-5.693,55.9,2
2.6,-4.437,63,2
8.91,-4.9,38.5,2
5.87,-11.186,67.1,2
2.87,-5.106,56.2,2
4.23,-3.855,58.1,2
5.67,-18.731,49.3,2
5.27,-11.603,79.2,2
7.38,-9.655,38.9,2
5.49,-5.718,66.9,2
4.03,-12.977,46.5,2
4.11,-7.807,60.8,2
3.1,-7.257,61.6,2
8.56,-6.575,15,2
8.81,-8.609,50.9,2
21.5,-3.26,31.1,2
5.97,-9.224,57.6,2
4.3,-9.617,74.5,2
2.58,-2.818,61.4,2
4.08,-12.179,25.6,2
3.04,-8.212,62.3,2
5.89,-7.153,48.2,2
5.2,-5.437,45.8,2
3.41,-4.652,59.9,2
9.92,-3.835,39.2,2
3.85,-11.821,42.7,2
4.95,-17.814,59.6,2
6.19,-4.656,60.4,2
3.67,-8.238,57.8,2
3.8,-4.567,29.5,2
14.6,-5.918,56.1,2
4.59,-8.965,69.5,2
8.5,-4.209,42.3,2
3.45,-9.314,62,2
3.83,-9.015,51,2
3.02,-5.219,32.1,2
7.71,-13.713,56.3,2
5.5,-10.354,68.7,2
3.48,-6.268,29.4,2
2.84,-6.623,81.5,2
8.41,-8.839,81.6,2
3.04,-12.998,51.9,2
5.6,-6.737,66.8,2
3.88,-13.325,56.9,2
5.2,-12.742,78.9,2
7.93,-2.693,53.3,2
3.55,-12.476,47,2
10.5,-4.581,74.2,2
5.6,-14.23,84,2
5.43,-13.402,64.2,2
4.71,-13.942,58.4,2
3.75,-7.429,72.4,2
8.65,-12.971,46.8,2
2.65,-8.254,38.6,2
6.34,-11.79,41.8,2
3.29,-10.174,63.8,2
3.32,-5.826,63.5,2
5.65,-4.694,62.8,2
3.05,-6.077,58.3,2
59.7,-8.69,58.4,2
3.67,-8.163,31.1,2
4.73,-12.138,57,2
6.48,-9.159,51.9,2
4.69,-8.487,39.8,2
8.36,-14.645,62.6,2
3.49,-6.442,60.4,2
9.5,-4.03,44.1,2
4.21,-14.992,67.9,2
5.37,-11.673,80.2,2
8.84,-8.296,64.4,2
5.71,-6.703,45.8,2
3.59,-7.16,47.1,2
6.31,-17.853,68.9,2
2.72,-7.478,50.9,2
3.44,-5.17,49.1,2
16.4,-9.351,74.9,2
4.55,-11.323,69.3,2
5.7,-6.685,66.2,2
4.81,-5.525,69.8,2
3.68,-11.552,54.6,2
2.84,-8.017,51.6,2
3.14,-7.418,34.4,2
4.73,-6.915,34.9,2
2.82,-5.554,39.6,2
16.3,-8.197,43.3,2
5.17,-15.208,85.3,2
4.94,-8.365,57.1,2
3.6,-3.885,46.4,2
4.95,-8.483,27.7,2
10.5,-6.823,61.7,2
3.62,-7.045,43.1,2
5.43,-6.888,42.6,2
5.51,-6.867,61.6,2
3.1,-7.438,39.2,2
3.48,-16.015,30.1,2
5.76,-12.841,51.4,2
4.47,-11.249,44.1,2
6.89,-15.12,66.8,2
15.7,-5.433,39.5,2
3.25,-8.748,40.9,2
2.89,-3.796,68.7,2
9.35,-9.161,46.5,2
3.82,-14.063,62.9,2
19.2,-6.198,32.8,2
3.31,-4.577,63.2,2
5.05,-10.563,64.7,2
6.1,-8.137,58,2
4.46,-15.606,22.1,2
5.18,-13.947,61,2
4.16,-7.473,50.2,2
5.35,-16.196,57.5,2
3.76,-8.498,66.5,2
12.8,-3.412,19.5,2
4.41,-9.888,52.5,2
4.97,-6.402,30.5,2
6.5,-9.183,58.1,2
3.14,-15.385,56,2
3.59,-6.322,38.3,2
3.2,-14.209,58.1,2
3.88,-16.204,87.2,2
4.36,-4.693,71.5,2
15,-10.252,46.9,2
5.12,-6.795,30.3,2
4.85,-14.207,44.1,2
51.4,-7.284,57.9,2
5.51,-12.242,77.2,2
5.5,-6.211,62.3,2
8.67,-4.724,69.8,2
2.78,-6.135,65.9,2
13.2,-8.14,49,2
4.79,-13.006,48.9,2
7.3,-11.471,52.3,2
6.57,-17.952,69.4,2
2.97,-7.535,67.2,2
5.67,-19.063,47.5,2
3.41,-8.44,60.1,2
16,-18.928,77.4,2
4.51,-7.467,73.5,2
10.5,-7.451,46.7,2
4.65,-12.765,60.8,2
3.34,-9.618,69.9,2
4.41,-9.566,49.9,2
4.18,-12.826,56.9,2
4.1,-7.487,35.7,2
4.99,-4.245,34.5,2
4.06,-13.054,62.8,2
4.24,-4.465,55.9,2
5.44,-4.02,56.5,2
3.17,-8.851,59.1,2
3.13,-5.731,61.3,2
3.9,-8.117,49.7,2
12.2,-6.182,57.4,2
7.51,-12.584,52.3,2
4.11,-11.688,72.1,2
3.7,-7.774,67.2,2
3.7,-12.429,63.1,2
3.31,-4.577,63.2,2
8.69,-12.065,45.5,2
28.5,-8.417,45.3,2
4.01,-9.238,69.5,2
3.72,-5.343,52.2,2
26.2,-8.831,41.4,2
3.1,-9.764,77.8,2
12.7,-8.006,73.3,2
3.45,-6.338,26.3,2
8.28,-4.103,77.1,2
8.85,-3.055,85.4,2
9.73,-10.882,59.8,2
3.92,-8.689,56.6,2
9.43,-7.572,48.5,2
3.25,-16.568,53.5,2
2.72,-6.991,73.8,2
2.87,-2.603,49.7,2
9.73,-10.882,59.8,2
5.89,-7.566,68.1,2
5.41,-8.192,65.6,2
11.9,-8.196,18.9,2
5.83,-18.501,59.9,2
3.51,-4.538,64.3,2
4.23,-5.865,73.1,2
6.48,-9.159,51.9,2
2.79,-8.553,50.3,2
7.19,-6.568,57.1,2
5.05,-14.609,54.7,2
3.39,-14.619,50.2,2
3.31,-14.6,75.4,2
6.1,-11.721,69.2,2
3.03,-4.896,67.5,2
5.59,-10.804,47.1,2
8.18,-12.581,43.4,2
11.3,-6.578,62,2
2.85,-6.307,72.2,2
5.53,-15.073,73,2
2.94,-11.417,44.2,2
3.35,-6.291,71.6,2
3.65,-11.352,56.5,2
7.28,-16.318,62.7,2
3.54,-11.337,47.3,2
11.7,-16.829,66.4,2
2.98,-6.495,31.2,2
4.23,-11.402,60.6,2
4.84,-9.755,70.3,2
6.35,-14.755,63.1,2
5.25,-6.566,41.9,2
5.01,-11.327,70.5,2
4.04,-11.323,53.2,2
5.86,-12.36,56.5,2
4.19,-4.847,43.9,2
8.45,-8,20.2,2
3.17,-5.659,39.5,2
16.2,-7.548,77.6,2
3.65,-15.172,70.2,2
5.62,-15.828,28.4,2
3.57,-4.377,55.8,2
15.1,-7.961,29.4,2
19.6,-5.482,24.4,2
8.91,-4.9,38.5,2
5.29,-7.869,53,2
3.14,-15.385,56,2
5.23,-8.975,73.2,2
7.13,-1.183,48.1,2
5.53,-15.073,73,2
3.69,-8.48,72.5,2
3.25,-9.662,69.2,2
3.38,-5.017,58.2,2
4.31,-7.007,59.6,2
2.62,-6.92,60.4,2
3.29,-13.577,65.6,2
9.92,-12.264,76.5,2
7.73,-7.536,66.8,2
6.53,-9.453,78.5,2
25.8,-3.864,33.5,2
8.01,-6.748,63.3,2
5.54,-1.786,50.4,2
4.54,-6.524,64.9,2
2.99,-4.65,40.1,2
7.76,-7.957,61.9,2
3.42,-12.661,65.3,2
15.4,-2.236,74,2
5.69,-9.803,65.4,2
7.13,-5.009,39.3,2
3.52,-11.352,57.7,2
3.62,-5.749,51.1,2
3.2,-7.829,59.3,2
6.3,-9.023,47.1,2
3.74,-5.449,52.3,2
3.14,-15.385,56,2
6.94,-5.764,45.8,2
2.38,-8.295,57.5,2
5.48,-6.176,84.3,2
3.63,-9.1,53.4,2
4.95,-17.814,59.6,2
3.69,-13.68,87.3,2
5.12,-6.795,30.3,2
3.97,-8.296,72.5,2
4.66,-8.234,53.9,2
5.9,-13.862,64.4,2
4.86,-13.444,87.3,2
6.22,-8.324,36.6,2
2.86,-6.193,45.8,2
6.09,-6.358,58.6,2
5.65,-6.606,47.9,2
4,-6.787,65,2
3.89,-7.897,74.9,2
3.64,-16.981,46.9,2
3.83,-14.354,53.9,2
5.96,-7.423,51.1,2
3.23,-14.654,54.4,2
3.12,-8.397,71.9,2
4.79,-7.178,64.5,2
4.35,-10.549,52.3,2
2.98,-8.66,77.3,2
2.63,-9.385,63.9,2
3.24,-6.742,86.2,2
4.03,-5.896,54.9,2
2.67,-6.789,50.9,2
6.06,-7.171,64,2
4.95,-8.483,27.7,2
3.85,-13.63,56.7,2
3.21,-7.445,60.6,2
3.39,-5.381,67.1,2
3.27,-2.969,33.7,2
3.07,-5.409,53,2
3.66,-12.101,68.3,2
5.03,-20.543,61.1,2
4.99,-4.871,55.7,2
7.33,-12.576,46.9,2
3.38,-14.112,68.7,2
8.34,-3.371,60.6,2
2.84,-9.158,49.8,2
4.97,-5.247,46.7,2
3.43,-14.908,54.7,2
5.13,-13.081,57.5,2
4.89,-9.393,59.2,2
6.15,-8.917,41.6,2
4.84,-8.279,79.9,2
5.25,-11.959,67.5,2
6.72,-17.69,54.4,2
37.2,-14.62,69.3,2
3.45,-8.708,65.5,2
2.77,-6.01,55.8,2
3.27,-6.802,34.2,2
3.42,-3.711,61.3,2
4.29,-12.212,68.4,2
5.06,-7.328,85,2
3.5,-11.994,25.6,2
5.18,-4.122,42.2,2
3.51,-4.538,64.3,2
4.61,-15.424,57.6,2
10.6,-4.594,40.8,2
3.1,-7.438,39.2,2
4.18,-2.684,37.1,2
12.9,-7.491,45,2
9.18,-14.135,54.6,2
3.39,-14.619,50.2,2
4.01,-3.094,31,2
3.33,-8.879,56.2,2
3.15,-10.048,78.7,2
3.72,-5.343,52.2,2
5.77,-12.801,63.6,2
8.66,-10.914,50.1,2
3.1,-5.342,42.9,2
14.9,-5.016,24.7,2
2.74,-11.64,74,2
3.74,-7.63,43.9,2
5.11,-5.079,43,2
3.53,-6.246,63.3,2
3.79,-19.385,73.4,2
6.34,-11.79,41.8,2
2.9,-4.787,28,2
3.2,-4.738,61.9,2
9.75,-3.334,62.7,2
3.75,-6.448,54.6,2
3.82,-9.42,66.1,2
7.9,-5.757,74.8,2
11.3,-4.4,37.4,2
3.17,-7.258,36.7,2
9.66,-8.058,37.2,2
9.73,-10.882,59.8,2
57.9,-8.337,46.8,2
3.31,-4.94,50.9,2
4.25,-11.384,67.4,2
5.34,-6.946,67.9,2
3.17,-5.659,39.5,2
4.66,-8.768,52.9,2
3.53,-14.497,18.9,2
3.36,-9.011,65.1,2
3.28,-7.476,55.3,2
4.59,-13.572,42.8,2
6.44,-5.349,51.2,2
5.08,-10.572,67.6,2
7.59,-14.7,73.1,2
3.46,-9.264,70.2,2
5.74,-12.484,80.9,2
8.08,-13.502,62.9,2
9.51,-3.722,60.7,2
10.2,-8.907,51.3,2
8.03,-10.069,75.7,2
3.27,-14.14,67.9,2
12,-3.745,35.1,2
3.81,-6.183,41.6,2
6.45,-5.094,76,2
5.9,-3.826,47.9,2
11.6,-2.207,42.8,2
3.56,-9.565,41.3,2
7.87,-8.755,58.5,2
3.16,-3.374,73.7,2
3.49,-8.874,59.3,2
6.77,-12.155,72.2,2
5.3,-3.789,56.2,2
7.85,-11.734,60.4,2
5.28,-9.235,88.2,2
3.1,-3.995,44.3,2
3.44,-11.503,35.3,2
4.78,-7.453,54.2,2
3.87,-10.727,60,2
3.69,-18.663,47,2
3.96,-10.965,66.1,2
4.01,-7.185,42.6,2
3.59,-12.439,42,2
4.98,-11.599,63.2,2
9.59,-10.984,68.2,2
3.45,-9.507,43.9,2
4.99,-5.338,69.1,2
5.3,-10.013,32.7,2
3.48,-8.081,67.5,2
6.06,-15.58,59.9,2
12.4,-8.189,74.3,2
3.09,-10.889,41.7,2
3.49,-8.98,53.5,2
6.48,-11.317,39.1,2
7.64,-10.516,58,2
2.65,-5.893,40.4,2
3.67,-3.444,40,2
3.14,-18.305,49.9,2
2.56,-5.957,62,2
16.4,-6.451,40.8,2
5.25,-11.959,67.5,2
5.41,-16.237,47.6,2
3.32,-6.956,65.8,2
3.42,-6.414,81.6,2
4.45,-5.86,54.8,2
5.23,-7.8,75.1,2
3.15,-12.071,53.7,2
3.62,-9.386,73.2,2
4.12,-5.459,29.1,2
3.08,-12.653,64.1,2
5.02,-15.828,69.8,2
12.6,-5.801,46.5,2
3.92,-8.403,62.3,2
4.32,-9.896,51.2,2
5.57,-14.472,59.9,2
3.41,-10.388,51.6,2
3.75,-13.696,52.9,2
5.11,-6.501,56.3,2
3.12,-13.386,38.4,2
30.1,-11.087,60.2,2
3.57,-15.163,42.5,2
4.74,-4.448,62.6,2
5.37,-11.673,80.2,2
2.83,-12.101,46.7,2
3.7,-6.152,51.5,2
5.64,-11.763,36.9,2
7.14,-3.333,44.3,2
14.6,-6.089,55.3,2
3.86,-8.79,73.9,2
4.16,-7.473,50.2,2
2.87,-5.647,42,2
5.47,-7.329,55.1,2
5.63,-4.677,78.9,2
7.58,-5.64,35.3,2
10,-5.623,36.4,2
5.13,-12.265,52.7,2
2.91,-5.279,53,2
3.07,-6.232,35,2
3.13,-12.812,52.9,2
3.61,-9.765,69.9,2
6.11,-17.64,58.6,2
3.67,-7.096,66,2
5.68,-8.005,29.5,2
3.36,-8.087,59.7,2
31.5,-11.386,71.7,2
5.5,-6.871,73.6,2
3.03,-15.676,62,2
5.2,-13.633,34.5,2
2.83,-7.985,66.4,2
4.55,-6.992,74,2
4.99,-11.582,59.5,2
4.58,-10.837,56.3,2
4.59,-8.098,48.1,2
5.57,-8.237,58,2
4.62,-17.999,64.3,2
4.07,-8.755,62.1,2
4.51,-8.115,41.1,2
7.18,-10.887,72.4,2
6.08,-7.399,54.8,2
3.01,-9.376,38.8,2
14,-11.672,57,2
6.4,-9.036,61.4,2
3.31,-6.72,51,2
3.73,-7.116,37.7,2
2.86,-12.391,55.6,2
11.4,-6.984,36.5,2
3.74,-7.817,57.3,2
12.2,-13.652,73.9,2
4.28,-26.04,64.1,2
3.45,-10.945,39.3,2
9.18,-4.499,56.6,2
3.55,-13.294,64,2
3.24,-14.984,50.8,2
6.58,-4.503,73.9,2
4.84,-9.755,70.3,2
3.88,-4.841,30.5,2
4.84,-10.691,46.4,2
6.1,-3.838,56.2,2
7.31,-6.432,57.5,2
4.54,-15.263,64.7,2
8.02,-4.374,58.8,2
10.4,-9.647,67.4,2
9.33,-10.124,86.8,2
5.43,-11.296,27.3,2
8.23,-7.647,42.3,2
2.83,-12.101,46.7,2
10.5,-9.829,59.9,2
4.39,-7.849,43.2,2
5.77,-7.904,58.1,2
3.9,-10.716,30.3,2
3.79,-14.17,56.8,2
4.67,-7.97,52.7,2
4.09,-4.946,51.2,2
6.27,-13.09,59.2,2
3.62,-15.902,75.3,2
