317,-9451,457,909,160000,1
399,-6475,582,817,170000,1
479,-2023,525,976,6620000,1
606,-5985,210,870,14700,1
1640,-7924,692,799,38800000,1
291,-6253,525,623,24700000,1
694,-7402,445,655,41800000,1
298,-3875,456,754,19500000,1
833,-5854,456,857,157000,1
772,-4353,456,961,28800,1
368,-8413,892,470,75000000,1
288,-5625,558,876,2440000,1
407,-9760,502,758,915000,1
277,-8900,595,714,378000,1
946,-6855,180,915,2240000,1
298,-9447,740,696,52400000,1
1110,-2497,464,919,315000,1
514,-7340,651,801,12300000,1
735,-6136,525,922,16700,1
288,-7193,571,719,274000,1
1030,-7574,373,755,411000,1
317,-5659,395,824,5160000,1
2620,-6401,702,594,15700,1
829,-9788,833,450,8870000,1
612,-5024,459,931,126000,1
617,-4404,342,888,116000,1
452,-9799,600,593,72600000,1
363,-5969,567,914,1060000,1
1100,-14296,801,346,95700000,1
259,-6706,604,594,75700000,1
301,-7481,542,531,330000,1
334,-7118,644,831,13800000,1
316,-10494,415,355,98500000,1
1200,-4563,525,578,1320000,1
898,-7240,417,630,2090000,1
492,-8199,398,864,52300000,1
694,-2919,167,953,4720000,1
513,-8192,772,692,742000,1
384,-3501,575,904,141000,1
594,-3938,472,826,61700,1
347,-14722,653,337,87800000,1
471,-11342,749,547,14700000,1
651,-6147,469,902,617000,1
1200,-4563,525,578,1320000,1
438,-10792,557,320,73900000,1
346,-5466,705,814,115000,1
379,-17167,162,112,95400000,1
2280,-3369,603,946,33500,1
322,-3972,648,564,21600000,1
414,-7196,306,540,62500000,1
368,-9118,815,605,3300000,1
413,-7057,511,698,9580000,1
495,-5628,744,928,40900,1
325,-12437,523,760,10300000,1
415,-4570,472,925,30500,1
512,-4913,575,936,12800,1
323,-7479,584,590,53300000,1
317,-6261,724,603,18300000,1
1570,-3382,406,961,17700,1
561,-9361,533,739,299000,1
471,-8871,455,841,1350000,1
335,-7813,237,658,13600000,1
672,-6345,224,889,1160000,1
910,-6865,529,743,378000,1
615,-5765,536,845,330000,1
3780,-6509,447,544,46600000,1
460,-13283,716,330,19300000,1
777,-3752,252,872,912000,1
823,-10323,605,555,35700000,1
601,-11548,899,763,26200000,1
346,-6667,462,840,5050,1
369,-12814,150,211,79200000,1
423,-9172,447,568,47300000,1
362,-7113,375,661,2290,1
365,-19740,252,147,91100000,1
654,-11948,345,811,6060000,1
299,-9064,431,451,85800000,1
491,-3267,398,920,311000,1
284,-9848,560,399,12800000,1
311,-4551,595,696,4920000,1
529,-21903,277,45.6,98400000,1
310,-12442,589,274,30200000,1
400,-11265,833,716,53300000,1
946,-6855,180,915,2240000,1
1590,-5407,513,956,381000,1
450,-9412,540,746,13000000,1
921,-5962,705,862,8840000,1
1590,-7850,664,503,37700000,1
522,-4609,324,948,885,1
596,-3913,506,832,154000,1
404,-5190,669,932,7610000,1
438,-6135,604,808,1260000,1
274,-11100,515,491,86900000,1
324,-12034,652,515,23900000,1
500,-7348,664,535,46500000,1
363,-6074,435,510,16400000,1
4240,-7438,677,772,30300000,1
773,-5593,552,898,7360000,1
278,-9068,566,663,9450000,1
2000,-10452,875,630,76100000,1
1590,-5407,513,956,381000,1
298,-9647,567,666,2440000,1
358,-10025,724,610,41300000,1
403,-10011,766,806,12400000,1
374,-9670,286,907,27700,1
483,-8334,825,569,6170000,1
287,-8684,550,765,476,1
879,-5140,275,933,6860,1
427,-21361,709,239,94600000,1
381,-11002,634,614,40400000,1
405,-24210,195,83.2,67300000,1
402,-2553,542,872,4950000,1
427,-5009,774,714,388000,1
528,-2945,359,802,687000,1
419,-6886,599,742,4880000,1
331,-9897,767,787,1630000,1
357,-7866,545,823,624000,1
565,-6406,801,637,16900000,1
303,-7066,568,829,21800000,1
396,-8970,545,365,13600000,1
567,-9387,488,775,4350000,1
491,-5436,717,577,70800000,1
317,-6261,724,603,18300000,1
343,-10196,470,913,6590,1
2430,-6211,356,899,755000,1
645,-4818,761,797,12300000,1
380,-19867,300,194,94900000,1
1460,-4330,289,841,582000,1
1280,-3646,616,824,658000,1
678,-9310,688,737,7690000,1
274,-5815,653,875,976000,1
494,-15561,683,470,2680000,1
413,-8118,615,829,18100000,1
860,-12900,747,571,48000000,1
417,-7612,536,704,9320000,1
2190,-3929,541,882,15800000,1
451,-8739,567,631,21600000,1
305,-6644,713,868,206000,1
266,-9083,590,608,20700000,1
610,-4881,167,921,14100,1
609,-4091,553,828,11000000,1
318,-18496,351,129,81900000,1
240,-7943,577,464,9790000,1
380,-4405,758,779,71700,1
391,-7748,466,763,5420000,1
684,-5994,493,711,496000,1
285,-6086,592,800,2250000,1
291,-9051,678,612,79300000,1
336,-7805,574,691,1420000,1
663,-9576,505,255,83100000,1
319,-5457,505,928,19300,1
2870,-9144,535,605,51000000,1
350,-14665,106,116,93300000,1
735,-8007,403,614,118000,1
755,-5209,543,927,34200,1
1480,-5434,428,938,1440000,1
2170,-3686,377,976,10700,1
548,-7287,593,756,4540000,1
312,-8106,280,406,50700000,1
1550,-11812,866,480,20600000,1
492,-11177,415,720,48100000,1
422,-10435,140,641,24300,1
943,-6237,572,747,13000000,1
419,-29161,410,12.3,99300000,1
431,-18188,76.5,52.1,82600000,1
1590,-5407,513,956,381000,1
697,-5634,487,797,9370,1
268,-10322,640,486,56800000,1
343,-9965,226,585,12800000,1
541,-9103,393,649,69000000,1
461,-6745,415,782,110000,1
315,-23738,284,79.1,96700000,1
299,-6188,597,655,473000,1
374,-7516,640,663,20100000,1
4390,-10473,777,693,24600000,1
262,-4797,618,662,280000,1
545,-5373,598,853,13200000,1
581,-9548,793,703,72600,1
376,-12045,478,366,40000000,1
836,-4851,497,970,9040,1
390,-6821,740,606,4970000,1
294,-9199,487,570,20400000,1
655,-6237,410,823,5540000,1
403,-8101,566,686,9780,1
376,-12970,166,391,86000000,1
355,-6126,685,669,72900000,1
499,-6706,378,724,323,1
310,-5130,687,630,5760000,1
361,-5559,590,762,5030000,1
424,-6242,551,885,21200000,1
413,-5443,764,759,903000,1
3570,-7737,859,777,31400000,1
326,-14991,548,161,86100000,1
300,-4124,478,589,12100000,1
351,-8188,504,471,51800000,1
279,-7239,573,642,7340000,1
264,-4275,435,756,3240,1
305,-10624,401,295,87300000,1
386,-3902,499,873,468000,1
332,-3959,475,807,1360000,1
1430,-4523,502,960,28800000,1
387,-4701,282,932,12000000,1
397,-8600,492,553,40600000,1
3090,-7675,837,646,8510000,1
489,-6684,461,955,11100000,1
374,-9192,780,747,37600,1
288,-7730,603,443,53300000,1
363,-5540,553,740,9870000,1
880,-12612,772,435,3330000,1
594,-7863,565,769,1350000,1
289,-7029,610,895,1180000,1
280,-5298,424,830,30700,1
362,-4756,457,804,20600,1
1200,-4352,803,510,23900000,1
439,-13407,536,808,5790000,1
400,-10615,650,600,2780000,1
2360,-4180,687,541,9100000,1
832,-5494,391,958,18100,1
292,-7326,499,491,3110000,1
256,-6730,685,645,18200000,1
295,-9252,421,491,18200000,1
644,-9656,491,817,12900000,1
446,-8573,623,852,2410000,1
344,-4874,519,771,48000,1
394,-4557,481,956,465000,1
562,-6629,385,694,7040000,1
395,-7750,409,717,57800,1
744,-5023,390,972,28700,1
727,-3724,471,888,3060000,1
636,-4314,315,826,64000,1
365,-20924,163,191,93700000,1
931,-1531,369,996,3830,1
313,-9659,663,699,48500000,1
359,-6973,574,857,2680000,1
462,-4744,757,706,3260000,1
440,-5966,545,651,79200,1
299,-9951,413,440,6630000,1
990,-5633,509,933,203000,1
282,-5635,747,875,733000,1
323,-7596,548,532,18600000,1
283,-9560,589,382,56700000,1
354,-7742,632,601,44800000,1
515,-3970,598,911,22200000,1
398,-7195,494,936,1120000,1
385,-6108,616,605,9120000,1
418,-4906,654,784,31400,1
400,-12217,417,586,35800,1
348,-7592,236,582,5840000,1
300,-7898,603,483,59900000,1
554,-4157,344,925,1060000,1
932,-1205,377,991,81000,1
275,-7310,646,669,1480000,1
293,-4509,443,737,149000,1
334,-5780,645,910,18300000,1
613,-8123,721,521,7080000,1
301,-5270,660,578,2480000,1
732,-4436,664,947,2740000,1
358,-23396,152,62.5,61900000,1
444,-23502,76.1,136,57400000,1
299,-8363,544,574,2170000,1
975,-5005,542,923,1100000,1
686,-14680,810,425,63800000,1
330,-17119,184,207,94000000,1
1160,-6055,450,992,25300,1
340,-6894,681,499,5890000,1
838,-18168,703,523,5410000,1
374,-4831,431,782,495000,1
673,-4544,457,930,3090000,1
504,-7637,704,663,3950000,1
470,-8959,565,468,79400000,1
579,-8947,812,725,2770000,1
526,-5428,643,849,3710000,1
1410,-5922,551,831,6400000,1
344,-5682,401,933,744000,1
402,-16515,180,198,29700000,1
258,-9129,360,501,6380000,1
343,-9086,462,753,1360000,1
309,-7814,712,354,38600000,1
2360,-9114,388,449,66800000,1
613,-3974,416,819,13800,1
275,-13766,679,401,34800000,1
432,-7015,338,794,1810000,1
878,-6852,311,632,2060000,1
1130,-8896,726,537,31600000,1
2100,-3874,198,964,24500,1
381,-2776,463,836,41800,1
2740,-8478,833,600,20200000,1
258,-10711,600,613,1040000,1
692,-5707,293,667,1120,1
1190,-6104,444,884,751000,1
317,-4631,501,818,203000,1
1730,-4774,446,778,20100,1
318,-14131,537,376,96000000,1
1440,-6501,325,838,3270000,1
293,-9956,517,432,44900000,1
3010,-7509,782,706,31700000,1
549,-14173,477,615,369000,1
313,-4413,720,747,20400000,1
422,-6069,284,875,752000,1
727,-7999,267,734,186000,1
657,-7570,745,572,578000,1
295,-10156,513,640,13300,1
458,-24913,345,56.2,97900000,1
483,-5986,668,645,1310000,1
258,-5448,678,702,3400000,1
1240,-8764,479,442,85800000,1
1220,-3204,463,926,5550000,1
996,-10668,681,436,17000000,1
845,-3933,738,607,743000,1
458,-8736,595,424,77000000,1
279,-9501,578,374,28100000,1
797,-11184,804,591,19800000,1
299,-6868,413,690,21200000,1
438,-6389,422,809,11800,1
604,-5747,686,751,604000,1
368,-8662,525,902,98900,1
363,-4716,669,819,11000000,1
526,-12526,731,602,49600000,1
490,-4609,392,849,404000,1
370,-7372,611,643,11700000,1
1420,-11738,513,238,85400000,1
578,-3829,735,798,697000,1
1480,-3755,490,963,52000,1
612,-5121,472,811,83900,1
3320,-10353,420,573,54000000,1
539,-2432,349,923,1950,1
582,-5301,676,674,10700000,1
406,-5988,688,779,2210000,1
794,-7401,332,943,198000,1
292,-8647,543,342,50200000,1
676,-6903,674,789,178000,1
661,-4395,232,946,1220000,1
614,-4561,565,877,813000,1
790,-12480,782,515,3390000,1
553,-6918,790,539,31300000,1
528,-7261,590,716,963000,1
546,-5728,329,905,8630,1
1390,-5912,824,846,1230000,1
357,-12806,584,273,85300000,1
379,-5938,620,781,18100000,1
380,-22668,342,21.3,97600000,1
305,-9822,472,735,596000,1
330,-9313,375,600,9660000,1
416,-11248,731,644,2670000,1
423,-10503,341,552,8020,1
1240,-4168,846,451,26300000,1
290,-29399,234,12.9,98500000,1
326,-10114,617,710,18500000,1
314,-4824,619,702,570000,1
406,-4581,341,875,2320,1
284,-5205,502,883,13600,1
358,-8116,449,684,9250000,1
1690,-12593,764,384,18300000,1
524,-9776,481,488,5890000,1
2190,-7182,427,867,11900,1
1590,-7566,529,939,236000,1
426,-6983,710,875,36600000,1
381,-2776,463,836,41800,1
2950,-6562,747,573,26800000,1
413,-5721,550,941,87200,1
287,-9312,476,361,51800000,1
533,-4390,173,872,52000,1
417,-7206,691,864,7660000,1
461,-15931,361,645,278000,1
675,-8489,693,514,972000,1
309,-8559,569,789,562,1
374,-5150,733,671,608000,1
487,-7376,538,770,1580000,1
363,-10558,662,630,63300000,1
923,-3933,470,892,3280,1
1520,-6188,434,974,12700,1
288,-5330,695,928,5910000,1
782,-5582,631,763,227000,1
296,-4460,562,903,18700,1
600,-7521,331,874,31700000,1
247,-7144,534,623,66800000,1
320,-8425,602,477,26800000,1
668,-3341,603,864,5500000,1
555,-3663,357,992,12300000,1
535,-7661,558,658,2980000,1
301,-4724,529,841,4260000,1
494,-8721,718,670,53500000,1
1120,-5284,278,962,229000,1
380,-4528,475,843,59100,1
756,-4864,818,867,7250000,1
481,-12442,504,323,38200000,1
1050,-4541,430,954,26100000,1
433,-6760,598,750,599000,1
1770,-3915,625,815,4760000,1
448,-2896,412,944,7240000,1
1320,-5757,441,752,3500000,1
311,-11077,516,494,40300000,1
636,-9780,482,333,70500000,1
1460,-4281,364,936,62600,1
650,-3917,262,951,430000,1
344,-5603,493,763,5190,1
290,-7778,629,749,69000000,1
565,-4326,545,964,11400,1
340,-6801,400,628,16900000,1
558,-5823,424,691,7850000,1
238,-6574,610,638,6720000,1
326,-10418,701,323,92300000,1
420,-33838,253,11.8,95200000,1
1210,-5219,471,955,485000,1
283,-7431,535,526,4910000,1
712,-6703,708,484,37000000,1
668,-9796,761,679,10200000,1
268,-7611,457,825,3290,1
276,-8574,579,636,8210000,1
1040,-5729,274,947,29100,1
2340,-3645,545,998,1920000,1
799,-4564,392,981,2900,1
351,-7823,588,708,44500000,1
583,-6398,704,810,4820000,1
338,-8544,253,293,30800000,1
310,-8342,680,596,52200000,1
399,-6455,745,471,8480000,1
301,-3641,522,801,820,1
508,-4425,593,651,11500,1
281,-10228,564,368,58700000,1
355,-8265,644,652,9450000,1
504,-2602,147,904,32800,1
1820,-5066,836,726,11900000,1
261,-8971,605,619,42300000,1
316,-5242,588,856,81800,1
409,-5119,469,759,35700,1
661,-10298,523,425,46500000,1
319,-5457,505,928,19300,1
315,-8700,503,759,755000,1
1350,-9638,626,486,25300000,1
483,-5986,668,645,1310000,1
1410,-6778,761,781,6810000,1
328,-5958,184,644,46800000,1
440,-5189,343,732,533000,1
446,-8318,600,510,16000000,1
431,-4040,433,959,91700,1
360,-8475,732,408,74700000,1
320,-7480,570,688,30800000,1
336,-5110,489,649,60300,1
1110,-7397,592,583,18900000,1
375,-6015,395,727,28200000,1
400,-12800,618,215,75900000,1
1770,-5855,439,971,1480000,1
480,-9585,559,460,85600000,1
390,-17834,206,99.9,98200000,1
351,-9255,733,689,4250000,1
399,-11783,390,694,299000,1
303,-5857,487,785,9350,1
475,-5670,593,749,1130000,1
384,-8604,775,863,10200000,1
538,-6954,847,946,101000,1
2610,-9635,633,551,58000000,1
870,-9036,439,882,54100000,1
318,-8276,427,666,2110000,1
740,-6104,293,917,1280,1
410,-6547,700,740,15200000,1
676,-4391,609,880,61000,1
2280,-3369,603,946,33500,1
539,-2626,513,953,1460000,1
292,-7300,653,722,5710000,1
529,-11810,500,451,67400000,1
412,-12255,623,622,168000,1
347,-10966,561,209,89300000,1
343,-5682,637,717,2020000,1
3070,-13350,482,368,34400000,1
414,-7196,306,540,62500000,1
267,-5401,712,710,2770000,1
316,-7071,494,696,15000000,1
2780,-5070,613,962,3400000,1
366,-8200,616,784,6570,1
302,-5325,548,865,171000,1
552,-6554,559,674,681000,1
319,-5497,593,804,10500000,1
312,-17638,401,130,98900000,1
377,-8821,277,663,40900,1
459,-3369,385,949,501000,1
362,-13249,706,316,67900000,1
1030,-5015,364,805,468000,1
514,-12939,275,418,86300000,1
269,-5256,576,751,1250000,1
247,-7144,534,623,66800000,1
327,-11569,594,273,74100000,1
422,-10435,140,641,24300,1
347,-6219,699,670,1470000,1
511,-6198,443,956,5240,1
439,-3886,679,804,8570000,1
502,-4870,552,909,5790,1
386,-7079,323,672,26900000,1
537,-2427,264,800,1950000,1
392,-5559,372,910,101000,1
5150,-11965,619,450,43300000,1
1740,-11856,518,729,46900000,1
369,-9556,472,630,131000,1
617,-7338,562,961,486000,1
692,-5959,432,661,717000,1
713,-7839,521,915,1320000,1
368,-5505,381,502,16000000,1
310,-7495,441,684,37400000,1
514,-3470,594,851,881000,1
352,-6619,496,469,36600000,1
482,-6475,616,902,26700,1
375,-24389,90.6,81.7,96900000,1
525,-4489,551,819,1030000,1
539,-9618,780,990,14400000,1
624,-6237,438,805,255000,1
494,-7853,431,777,20700,1
495,-7378,634,747,33600000,1
1080,-3578,587,947,9000000,1
278,-6390,484,862,610000,1
767,-6038,414,949,49800,1
432,-8924,360,679,531000,1
847,-10180,810,835,36500000,1
2900,-3378,274,984,155000,1
321,-7445,606,679,1510000,1
473,-16375,278,212,88300000,1
621,-5122,495,868,12400000,1
309,-9240,623,614,63800000,1
2660,-8001,801,846,7220000,1
388,-10294,653,668,10600000,1
540,-5653,542,905,172000,1
320,-7064,363,683,1180000,1
1710,-2855,266,946,781000,1
370,-6828,520,807,1290000,1
815,-10024,705,804,18100000,1
2490,-4953,823,844,8680000,1
1650,-6383,818,639,1720000,1
347,-13743,729,356,9160000,1
1130,-9210,836,459,19000000,1
381,-2776,463,836,41800,1
436,-10133,667,510,17600000,1
719,-4174,381,886,2580,1
303,-7968,631,523,45400000,1
304,-15474,562,383,14300000,1
642,-4506,339,725,1210000,1
459,-7227,835,523,536000,1
3720,-10936,531,546,26000000,1
1320,-4838,468,902,3250000,1
446,-5578,741,717,1600000,1
569,-8552,787,422,28700000,1
415,-7289,679,769,15800000,1
423,-4698,446,902,966000,1
644,-3994,516,948,2790000,1
378,-5576,471,877,1930000,1
339,-8281,479,865,3100,1
293,-4807,649,888,1300000,1
1800,-8907,812,616,4400000,1
954,-8270,523,854,47800000,1
315,-8354,693,875,971000,1
489,-6025,531,943,50000000,1
563,-5201,390,830,210000,1
515,-7349,415,790,1920000,1
421,-5590,240,864,11900,1
1500,-5464,589,797,2890000,1
576,-8932,871,341,3110000,1
338,-4777,464,943,247000,1
533,-4138,457,887,18600,1
738,-2696,326,908,1180000,1
1170,-7627,565,645,58800000,1
1260,-5801,465,751,27900000,1
279,-9728,290,386,51000000,1
397,-6010,633,584,973000,1
393,-5059,467,769,3930,1
544,-28958,514,174,96500000,1
308,-9110,316,484,33400,1
271,-8279,546,351,70100000,1
345,-5131,797,542,3900000,1
630,-3125,558,982,2210000,1
436,-18526,85.5,122,94600000,1
396,-8257,430,823,2020000,1
277,-11221,456,513,447000,1
426,-6073,724,616,31200000,1
858,-5845,547,922,619000,1
272,-12503,551,293,48600000,1
407,-9760,502,758,915000,1
1490,-4314,389,767,127000,1
284,-3192,510,693,600000,1
353,-3789,410,439,27300000,1
406,-5639,506,680,45200000,1
405,-6105,380,829,8400,1
295,-9113,379,593,58400000,1
386,-7760,516,651,5370000,1
315,-5176,385,637,4550000,1
338,-5603,502,912,13000000,1
788,-6268,527,790,1600000,1
582,-5301,676,674,10700000,1
740,-5277,855,583,19600000,1
539,-2122,627,819,5260000,1
3430,-11450,695,620,55000000,1
497,-10164,653,519,40600000,1
419,-4530,425,889,11600,1
811,-5420,583,573,20800000,1
571,-7822,641,939,22300,1
1860,-6210,887,855,14600000,1
343,-5854,528,904,83300,1
290,-6174,697,919,694000,1
659,-4724,505,948,18000,1
392,-4657,294,860,3220,1
362,-6746,446,658,209000,1
1990,-4758,348,875,3410000,1
278,-7987,676,515,13500000,1
580,-7239,339,829,737000,1
276,-6427,627,854,22300000,1
1570,-3205,510,818,4390000,1
310,-9357,448,614,6750000,1
302,-4722,660,698,1920,1
323,-5722,644,432,75800000,1
1270,-4075,633,788,1110000,1
308,-8398,558,508,49800000,1
513,-3895,562,862,1040000,1
427,-12436,628,455,14200000,1
676,-6903,674,789,178000,1
350,-9769,320,84.6,85200000,1
453,-9070,266,831,86200,1
315,-8622,675,380,71500000,1
1520,-11889,310,874,41600,1
463,-6625,705,718,940000,1
1160,-6384,510,789,799000,1
342,-7069,432,642,17700000,1
316,-9342,389,476,61900000,1
353,-14178,519,441,2040000,1
347,-3818,706,923,8100000,1
300,-10072,669,848,2730000,1
692,-5669,824,489,30200000,1
365,-8176,616,727,401000,1
355,-6473,694,812,6660000,1
438,-9887,602,711,16600000,1
401,-4437,493,606,420000,1
392,-7150,318,646,521000,1
329,-9087,395,495,49600000,1
849,-5818,479,754,45500000,1
675,-6248,530,970,354000,1
479,-5931,597,457,3740000,1
323,-4837,684,710,25200000,1
297,-5703,624,910,2850000,1
291,-10916,627,468,52200000,1
348,-7592,529,652,60700000,1
782,-7767,736,510,17100000,1
291,-11233,394,348,59100000,1
518,-10434,641,703,39700000,1
434,-4991,346,785,165000,1
430,-14209,494,139,92500000,1
1330,-10390,615,616,3990000,1
385,-11493,550,631,89800,1
380,-9026,314,797,570000,1
317,-8467,509,702,95700,1
355,-7552,578,633,8690000,1
896,-4975,545,780,753000,1
313,-11093,550,123,86000000,1
399,-6475,582,817,170000,1
265,-6843,603,724,135000,1
759,-10210,661,642,43800000,1
437,-3822,640,902,1980000,1
437,-5490,582,744,45900,1
311,-7085,780,653,42000000,1
271,-7496,741,598,14600000,1
1250,-4975,583,931,1740000,1
322,-5852,466,770,596000,1
317,-7393,565,587,5730000,1
299,-14092,322,210,80300000,1
601,-7424,683,631,33500000,1
761,-6506,394,944,178000,1
394,-4557,481,956,465000,1
317,-4816,605,779,27200000,1
267,-11396,543,395,70100000,1
401,-4691,391,742,277000,1
434,-7544,783,706,4930000,1
661,-6842,606,923,67600,1
664,-7616,573,727,13200000,1
2210,-4718,639,815,12300000,1
735,-6136,525,922,16700,1
446,-5317,482,733,3840000,1
324,-5787,413,725,36900000,1
1140,-5383,406,778,154000,1
399,-3943,582,859,20900,1
441,-11060,719,625,11600000,1
853,-7519,594,813,9860000,1
412,-5865,538,802,109000,1
652,-3635,584,876,698000,1
311,-8896,760,652,13700000,1
369,-6785,563,612,4060000,1
340,-12554,340,533,93900000,1
446,-6356,467,848,484,1
483,-13319,593,557,38900000,1
2640,-6174,654,600,110000,1
327,-9258,402,597,3850000,1
312,-18251,551,233,71000000,1
508,-9410,779,546,342000,1
380,-8998,248,850,597,1
654,-7086,589,750,162000,1
648,-3816,385,972,19300,1
300,-12621,731,451,48200000,1
499,-8050,794,705,495000,1
455,-12052,783,929,40600,1
678,-1163,330,963,135,1
426,-4494,340,708,580000,1
443,-7646,627,860,207000,1
1400,-3586,372,940,178000,1
508,-3300,447,927,29700,1
342,-6905,249,660,50400000,1
321,-20796,270,85.3,86000000,1
277,-4385,625,800,271000,1
404,-7998,341,714,35400000,1
344,-5838,383,777,22900,1
1050,-5626,506,948,72700000,1
589,-3241,375,914,55800,1
611,-10464,503,584,166000,1
427,-7087,826,695,11500000,1
468,-5456,398,862,3530000,1
762,-3942,392,979,1630000,1
364,-5315,644,349,20600000,1
350,-6323,568,591,43900,1
641,-6938,618,750,32400000,1
910,-8164,345,484,21900000,1
405,-7390,196,751,252000,1
370,-9053,474,640,2600000,1
692,-7713,756,732,845000,1
392,-6951,638,666,784000,1
762,-7109,837,710,2860000,1
274,-5815,653,875,976000,1
300,-12621,731,451,48200000,1
1910,-5192,535,724,10200000,1
1990,-4758,348,875,3410000,1
553,-4956,982,641,22200,1
246,-6195,590,647,48300000,1
262,-5387,598,591,17900000,1
325,-9407,498,569,34600000,1
293,-10340,544,341,87700000,1
354,-8708,527,871,2290000,1
261,-7930,605,428,68500000,1
256,-7358,597,583,2970000,1
879,-10864,651,409,428000,1
260,-9604,568,324,89600000,1
410,-2719,685,898,434000,1
356,-4569,677,870,19900000,1
318,-9996,451,495,47200000,1
358,-9549,565,545,2890000,1
538,-5015,450,794,38800000,1
647,-6422,615,821,918000,1
452,-3249,438,940,8740,1
1330,-6051,513,970,5750,1
368,-6371,464,815,871000,1
5390,-13825,696,394,5790000,1
456,-5824,319,771,14200,1
559,-5889,720,742,3240000,1
1110,-10754,531,849,3890000,1
360,-6869,545,717,417000,1
227,-7619,650,611,52700000,1
588,-4742,550,872,8640000,1
1030,-3139,176,962,1660,1
1130,-1742,323,982,70600000,1
417,-9973,329,444,5780000,1
441,-3801,352,571,3000,1
249,-6907,530,550,16300000,1
2190,-2874,488,990,494000,1
353,-5619,639,684,966000,1
445,-9941,830,345,37000000,1
342,-20447,95.1,155,86500000,1
354,-8708,527,871,2290000,1
319,-6612,469,825,554000,1
800,-5936,724,755,11400000,1
452,-7327,215,927,27300,1
784,-7399,624,702,8550000,1
277,-7431,589,438,57300000,1
435,-3562,294,675,3150,1
437,-15249,63.5,86.8,98400000,1
783,-5885,209,928,857,1
320,-9930,481,616,13200000,1
2390,-7565,871,610,3070000,1
278,-8522,539,578,9870000,1
483,-7707,304,722,3020000,1
322,-5874,537,823,784000,1
1440,-9149,697,410,41200000,1
515,-3970,598,911,22200000,1
331,-9897,767,787,1630000,1
4960,-4174,670,834,21900,1
550,-6659,551,780,9410000,1
336,-5438,508,776,114000,1
778,-9711,345,727,25200000,1
1230,-6602,449,958,533,1
800,-9027,673,763,667000,1
425,-5316,814,874,22200,1
3760,-3157,623,965,135000,1
462,-7570,887,823,2370000,1
347,-12888,527,636,5990000,1
301,-7481,542,531,330000,1
283,-5186,641,601,29400000,1
264,-8729,569,674,4680000,1
351,-7067,530,759,984000,1
458,-6103,573,929,28200,1
371,-4666,549,867,1080000,1
517,-6912,842,941,13600000,1
276,-9882,465,427,79300000,1
258,-9129,360,501,6380000,1
562,-6952,351,883,3630000,1
973,-4771,400,984,880,1
464,-15895,554,168,92200000,1
1090,-16729,575,318,68300000,1
551,-8948,488,811,159000,1
926,-4210,318,975,562000,1
1350,-6796,918,638,4610000,1
570,-10233,710,461,69400000,1
461,-4122,607,912,4880000,1
308,-5685,391,630,326000,1
311,-5643,525,742,8740000,1
608,-12750,636,458,67900000,1
303,-6613,527,419,32700000,1
2510,-9528,854,467,784000,1
902,-3778,376,947,757000,1
1280,-7853,297,913,1710,1
1620,-7615,543,598,522000,1
337,-5485,468,815,52700,1
434,-4991,346,785,165000,1
3680,-6800,677,826,39500000,1
891,-8118,463,749,796000,1
452,-3602,500,947,4400000,1
448,-8451,435,880,265000,1
302,-9149,695,535,53500000,1
520,-8201,521,808,80500000,1
301,-5284,831,660,36200000,1
328,-4687,696,520,1570000,1
301,-5413,696,598,1460000,1
253,-7369,573,466,354000,1
433,-7700,353,557,33700000,1
340,-9664,712,483,17400000,1
807,-10017,796,825,316000,1
1500,-8201,460,906,2990,1
964,-10345,824,485,14500000,1
329,-6731,381,436,1180000,1
254,-6471,599,729,18100000,1
2120,-4762,639,929,326000,1
311,-5927,511,724,82600,1
2740,-8938,784,539,8180000,1
487,-14392,562,545,76400000,1
1190,-5408,307,791,2850000,1
1470,-3090,441,976,33500,1
484,-9303,658,496,14000000,1
302,-11859,470,320,62400000,1
965,-8744,822,522,49100000,1
1690,-2590,379,966,7670,1
286,-10493,508,251,56200000,1
348,-4262,639,792,1200000,1
987,-5972,446,963,6120000,1
242,-5975,713,506,15000000,1
1660,-10751,606,676,2660000,1
452,-7327,215,927,27300,1
428,-6255,232,719,11800,1
445,-5338,696,979,244000,1
465,-3857,496,871,607000,1
297,-8862,568,636,43100000,1
392,-8954,639,715,2430000,1
1610,-6944,350,782,71100,1
394,-2485,416,944,30200,1
762,-5928,468,971,571,1
4890,-3837,520,967,248000,1
365,-7390,468,839,45900000,1
372,-9935,515,430,970000,1
321,-8583,616,316,64500000,1
329,-6731,381,436,1180000,1
392,-6664,698,901,954000,1
298,-8951,666,501,3420000,1
340,-5581,293,778,1470000,1
526,-8276,764,661,2030000,1
395,-6354,697,667,380000,1
395,-8306,677,763,369000,1
347,-6711,560,825,78500,1
364,-18822,200,293,1330000,1
796,-11494,330,556,20700000,1
613,-8123,721,521,7080000,1
285,-6722,678,368,6580000,1
759,-8503,694,887,2090000,1
1140,-2481,251,962,9370,1
1390,-7109,313,846,1790000,1
405,-21482,366,143,90600000,1
686,-3348,521,855,2230000,1
543,-9150,289,879,1500000,1
362,-4118,413,862,750,1
581,-6112,633,969,1130000,1
595,-11248,754,401,507000,1
456,-5824,319,771,14200,1
327,-6660,580,674,130000,1
266,-9339,736,454,7460000,1
292,-8412,642,604,28100000,1
2250,-7975,611,666,59700000,1
831,-12340,620,560,46100000,1
650,-5929,755,699,864000,1
248,-7794,632,562,44000000,1
2970,-7980,636,611,39100000,1
799,-7828,726,463,817000,1
293,-4041,502,662,322000,1
927,-5399,838,757,5900000,1
291,-6110,643,542,3630000,1
399,-10007,657,732,146000,1
309,-7814,712,354,38600000,1
435,-8721,464,410,9540000,1
332,-7442,497,675,350000,1
525,-4489,551,819,1030000,1
362,-7365,709,692,12600000,1
958,-10429,520,463,60900000,1
1020,-7332,324,938,3200000,1
873,-6577,677,616,45000000,1
613,-5513,530,873,436000,1
313,-3817,241,604,6720000,1
380,-9026,314,797,570000,1
404,-8482,584,754,3150000,1
255,-11908,560,412,795000,1
1070,-8220,629,459,61600000,1
277,-5926,579,740,1640000,1
314,-4886,326,661,1450000,1
344,-5704,554,702,9340000,1
610,-4881,167,921,14100,1
315,-4116,265,801,342,1
426,-6315,581,933,31100,1
428,-8712,762,722,9220000,1
655,-13340,762,651,198000,1
923,-6788,180,916,97500,1
355,-5610,552,883,20900000,1
333,-7949,774,640,74300000,1
358,-7617,572,730,479000,1
287,-5687,751,703,36800000,1
257,-9697,456,527,18500000,1
859,-7051,463,710,14800000,1
1380,-11152,551,573,60400000,1
368,-10740,659,730,8890000,1
297,-3848,600,732,713000,1
553,-4796,635,909,384000,1
657,-8265,350,846,1570,1
3570,-4530,873,886,2410000,1
487,-4202,427,931,915,1
359,-3634,444,932,858000,1
436,-8688,461,750,2430000,1
443,-22761,363,61.2,97700000,1
789,-7714,277,848,421000,1
437,-7684,475,719,5620000,1
505,-9454,665,766,4920000,1
547,-5511,581,934,16900,1
409,-10278,567,311,82500000,1
720,-10814,695,757,182000,1
1110,-2497,464,919,315000,1
457,-5876,500,817,25500,1
267,-8159,563,606,51300000,1
425,-9494,561,372,54100000,1
409,-12668,593,702,200000,1
614,-4344,379,691,114000,1
2190,-8815,689,707,14700000,1
335,-4496,701,821,2760000,1
865,-8358,828,503,6090000,1
277,-7389,760,387,40600000,1
3050,-11127,804,323,30800000,1
2670,-11080,806,690,14600000,1
489,-6102,783,820,54000,1
408,-23791,297,126,99200000,1
365,-10855,693,528,7140000,1
346,-4272,611,743,244000,1
391,-6358,561,614,62100000,1
412,-9885,684,690,512000,1
372,-9214,422,302,62900000,1
301,-16608,379,150,92500000,1
521,-3628,673,923,1070000,1
441,-3310,467,896,7970,1
751,-2218,337,950,94300,1
378,-23323,152,54.2,95600000,1
330,-8387,691,222,80500000,1
317,-7099,765,779,21100000,1
981,-4882,551,858,6210000,1
392,-7150,318,646,521000,1
1070,878,235,977,353000,1
366,-9894,733,726,27800000,1
321,-4353,389,746,63700,1
536,-3910,542,828,175000,1
392,-8954,639,715,2430000,1
675,-6248,530,970,354000,1
505,-3945,237,880,854,1
397,-9765,765,563,42200000,1
1380,-3632,378,953,71900,1
648,-3816,385,972,19300,1
609,-7014,485,970,407,1
462,-9002,641,677,8130000,1
3640,-9755,820,620,3840000,1
461,-6208,725,629,17200000,1
346,-7182,538,767,6270000,1
706,-5086,247,833,2720000,1
652,-13330,745,300,37200000,1
289,-6284,711,665,9870000,1
639,-4409,558,921,2340000,1
763,-5650,383,703,116000,1
3350,-11178,962,253,578000,1
328,-4687,696,520,1570000,1
867,-2713,685,940,11200000,1
367,-5541,413,881,5990,1
303,-7066,568,829,21800000,1
370,-7786,446,572,38200000,1
837,-5625,533,838,2510000,1
356,-4190,535,948,225000,1
453,-13679,751,490,932000,1
394,-4557,481,956,465000,1
275,-7064,694,576,50100000,1
263,-10313,616,461,13500000,1
448,-2896,412,944,7240000,1
1170,-2640,112,978,10800,1
332,-6045,390,565,71700000,1
307,-4166,503,667,104000,1
401,-10659,688,523,89800000,1
337,-8277,571,818,706000,1
296,-11199,466,450,4260000,1
448,-7339,531,976,17500,1
280,-6857,462,545,3010000,1
334,-8898,419,410,87300000,1
519,-4615,606,704,2920000,1
264,-7760,657,716,20000000,1
855,-9121,521,691,52800000,1
852,-4169,526,776,43100,1
614,-9658,755,289,53500000,1
3660,-3567,943,891,4770000,1
1770,-4409,440,904,27500000,1
559,-3658,764,961,17200000,1
998,-7038,273,889,878000,1
380,-11098,415,853,1070000,1
552,-10153,648,577,70300000,1
305,-8576,593,693,2830000,1
723,-3281,117,916,1390,1
3940,-7872,871,397,14000000,1
906,-6514,654,890,204000,1
649,-3278,502,978,16300,1
416,-5576,573,734,79600,1
855,-3435,613,953,148000,1
1020,-6679,398,838,127000,1
248,-5710,596,587,4510000,1
406,-15870,474,96.4,96100000,1
439,-6470,680,611,37400000,1
312,-6912,489,593,35300000,1
384,-12590,684,481,47500000,1
295,-6385,536,608,29900000,1
1350,-10854,266,660,6290000,1
615,-6760,398,930,85400,1
779,-5551,672,706,5780000,1
992,-4850,320,932,240000,1
282,-10131,618,502,20200000,1
535,-4390,535,920,3100000,1
757,-1574,492,942,302000,1
669,-15327,708,307,78300000,1
348,-27538,181,161,93100000,1
323,-7596,548,532,18600000,1
336,-12946,410,270,86700000,1
2990,-13649,512,405,72700000,1
427,-4364,631,792,23000000,1
1470,-3090,441,976,33500,1
430,-5338,443,761,3990000,1
255,-5436,566,796,54100,1
669,-4636,447,923,2910,1
377,-7137,580,755,12300000,1
262,-5552,607,658,1030000,1
651,-6761,166,861,2670000,1
369,-15931,546,460,4840000,1
1710,-8214,345,698,735000,1
479,-9152,489,913,15000,1
762,-3942,392,979,1630000,1
581,-4497,852,927,1090000,1
1090,-3436,385,979,93400,1
570,-4907,509,584,3680000,1
387,-10356,883,405,47900000,1
1020,-4288,490,794,51000,1
390,-5961,577,881,29100000,1
328,-13371,506,220,92200000,1
276,-6490,582,704,98700,1
623,-4152,477,941,287000,1
1240,-3894,924,651,2030000,1
367,-10942,521,765,54800,1
747,-5230,352,911,121000,1
1420,-3553,161,973,657000,1
312,-5623,659,683,51300000,1
700,-6872,581,791,141000,1
2900,-5563,627,940,14800000,1
326,-13664,310,403,7260000,1
461,-5053,633,831,4010000,1
311,-7085,780,653,42000000,1
445,-9677,370,314,91200000,1
598,-5604,489,957,303000,1
784,-5961,779,830,11500000,1
666,-7780,502,526,73500000,1
356,-4190,535,948,225000,1
393,-7455,619,781,2430000,1
275,-7064,694,576,50100000,1
2800,-2930,552,936,31400000,1
434,-10128,883,431,59100000,1
288,-6934,725,695,69700,1
2230,-8584,469,475,21900000,1
343,-23906,201,72.9,96000000,1
390,-6163,618,684,11700000,1
735,-10795,785,448,7860000,1
391,-9531,603,506,21300000,1
407,-9760,502,758,915000,1
415,-8139,693,824,726000,1
284,-3605,722,900,660000,1
1020,-4288,490,794,51000,1
1320,-2130,364,992,18300,1
841,-4245,447,949,28300,1
320,-7305,598,806,18800,1
271,-8269,671,686,59700000,1
270,-8153,792,729,16900000,1
517,-5852,605,722,47000000,1
588,-4350,553,902,286000,1
325,-12437,523,760,10300000,1
364,-4151,552,779,4190000,1
1090,-4238,210,898,3540000,1
320,-10437,688,716,905000,1
1510,-7157,776,680,18600000,1
562,-8937,675,649,33400000,1
332,-9690,721,370,24500000,1
301,-10270,603,494,42800000,1
464,-5826,498,748,5450,1
685,-9478,408,692,23500000,1
423,-9564,358,300,77700000,1
596,-11925,329,806,5650000,1
268,-7343,462,659,52600000,1
367,-7058,710,649,21800000,1
281,-5377,654,828,146000,1
311,-5452,533,876,75400,1
402,-9182,610,662,57000000,1
840,-5590,460,949,141000,1
488,-4758,520,815,172000,1
380,-3524,489,769,135000,1
277,-8049,674,659,156000,1
365,-8329,805,775,70700000,1
663,-4559,557,833,226000,1
377,-8592,613,376,9190000,1
463,-6787,263,733,1900,1
731,-5002,368,769,15300,1
818,-9303,773,483,1660000,1
2170,-6021,727,847,1400000,1
605,-12242,576,494,10600000,1
257,-6361,590,409,18500000,1
482,-4450,698,875,45600000,1
444,-4555,920,914,2220000,1
954,-4365,422,943,7400000,1
406,-6266,517,691,7320000,1
326,-18612,156,138,96500000,1
500,-4651,358,912,336,1
242,-7105,542,626,7890000,1
784,-5533,371,921,1130000,1
370,-10005,425,515,68200000,1
565,-7620,763,525,7100000,1
323,-9852,835,559,31400000,1
316,-5942,580,910,24700000,1
341,-9946,191,376,47000000,1
1270,-2371,462,981,166000,1
365,-10855,693,528,7140000,1
1230,-5683,383,885,2950000,1
1550,-4224,411,889,66400,1
980,-5297,401,904,38500,1
305,-7135,582,502,25500000,1
314,-9424,439,795,407000,1
274,-9536,511,674,11700000,1
462,-10888,740,452,86700000,1
339,-13138,581,348,48000000,1
405,-5763,596,727,481000,1
428,-3124,415,901,987000,1
811,-7937,676,408,57600000,1
488,-8334,367,779,574000,1
298,-4848,686,729,17500000,1
991,-5237,399,975,11400,1
840,-1700,300,998,39000,1
454,-6469,621,962,28200000,1
425,-8685,697,867,739000,1
324,-9171,567,532,19100000,1
284,-3605,722,900,660000,1
620,-4963,327,841,10100,1
501,-9782,687,361,63100000,1
934,-9431,704,657,873000,1
2100,-8906,770,748,217000,1
1830,-4582,792,946,29200000,1
293,-6437,494,805,59500,1
796,-11494,330,556,20700000,1
359,-3323,652,876,3070000,1
1010,-4854,510,759,3400000,1
244,-8955,636,510,6880000,1
434,-6130,424,873,451000,1
335,-6537,546,696,8870000,1
510,-5502,713,735,87900,1
863,-7165,236,823,69900000,1
347,-7144,543,525,22800000,1
407,-9357,881,546,5320000,1
535,-11020,806,600,2510000,1
403,-7533,746,691,18400000,1
1460,-4866,696,830,7170000,1
482,-4450,698,875,45600000,1
762,-4939,229,915,1030000,1
857,-10469,378,764,2110000,1
384,-16843,121,147,93000000,1
608,-4960,572,688,4740000,1
760,-12683,311,775,50600000,1
439,-8124,452,818,13500000,1
418,-5196,533,661,2390000,1
417,-7612,536,704,9320000,1
600,-8089,363,803,1170000,1
1970,-14699,208,564,10200000,1
369,-7327,414,499,819000,1
1450,-12049,458,731,4870000,1
700,-3335,240,956,3390,1
467,-7686,725,916,1420000,1
852,-4169,526,776,43100,1
512,-6170,522,817,32900000,1
289,-12505,628,345,42500000,1
728,-8530,547,647,431000,1
775,-4046,602,905,20200,1
533,-11535,521,818,6860000,1
384,-4364,601,723,34700,1
309,-5924,542,668,22500000,1
266,-9339,736,454,7460000,1
1220,-7902,704,917,9120,1
368,-4845,252,800,12000000,1
397,-7543,494,657,6320000,1
418,-24035,124,71.2,93900000,1
410,-9251,761,273,77600000,1
285,-7805,655,649,34000000,1
447,-7007,753,828,19000000,1
662,-7440,346,594,22800000,1
343,-12766,547,166,83300000,1
1480,-7658,476,731,48400000,1
3200,-3845,281,918,16600000,1
3100,-5660,598,875,4910000,1
765,-5950,324,832,7050,1
419,-5373,343,901,244000,1
545,-5472,696,571,2850000,1
3720,-10936,531,546,26000000,1
647,-4902,436,876,3330,1
494,-9473,469,669,3850000,1
309,-14310,573,304,33200000,1
321,-10254,575,558,5180000,1
1010,-4975,609,868,20500000,1
710,-6355,567,758,1720000,1
321,-4046,550,874,43600,1
288,-7881,578,794,12800000,1
360,-8475,732,408,74700000,1
1280,-4955,736,970,22800,1
309,-7249,407,738,3030000,1
358,-9832,597,404,76700000,1
542,-5243,368,897,186000,1
415,-6301,178,684,5820,1
612,-5024,459,931,126000,1
323,-6261,737,668,405000,1
554,-4157,344,925,1060000,1
1440,-9149,697,410,41200000,1
570,-4907,509,584,3680000,1
285,-7646,405,633,188000,1
556,-6686,493,856,2770000,1
290,-4914,603,797,3330000,1
1010,-7649,359,949,5560000,1
439,-6129,510,718,183000,1
337,-5485,468,815,52700,1
1240,-7078,320,798,33000,1
2730,-11229,763,632,33200000,1
580,-14112,680,246,78300000,1
718,-8564,532,470,77500000,1
269,-5855,523,769,4000000,1
3290,-8622,792,873,402000,1
4290,-10563,747,453,37200000,1
260,-10917,737,409,18000000,1
1020,-7332,324,938,3200000,1
472,-7718,247,764,542000,1
809,-4442,474,956,124000,1
361,-7832,689,687,6740000,1
663,-6827,360,909,34700,1
289,-8220,491,686,2360000,1
501,-3398,443,934,604000,1
439,-5567,364,719,5510000,1
416,-6994,744,872,279000,1
356,-4569,677,870,19900000,1
370,-6739,570,804,611000,1
491,-6183,673,808,1210000,1
1380,-3632,378,953,71900,1
1430,-5487,414,938,125000,1
680,-7837,356,872,417000,1
336,-4569,540,631,316000,1
288,-7730,603,443,53300000,1
336,-5110,489,649,60300,1
617,-7338,562,961,486000,1
662,-8305,382,880,12700,1
583,-2696,504,938,743000,1
515,-4556,649,791,13600000,1
423,-4698,446,902,966000,1
323,-8808,512,883,1330000,1
438,-5543,728,664,973000,1
344,-7258,694,712,4040000,1
245,-9412,488,444,55800000,1
443,-8967,556,849,107000,1
307,-5340,677,791,394000,1
237,-6537,530,396,63700000,1
301,-9487,470,432,64600000,1
435,-5638,383,970,2760000,1
1570,-3205,510,818,4390000,1
474,-3662,717,866,24800000,1
965,-7652,528,511,74700000,1
388,-4025,481,765,381000,1
648,-5734,343,910,136000,1
342,-19926,252,184,71600000,1
345,-8347,494,735,401000,1
282,-9279,356,247,43300000,1
2170,-3496,191,948,2780,1
747,-7655,428,843,5800000,1
310,-12442,589,274,30200000,1
412,-4941,698,675,34800,1
282,-5222,603,827,13800000,1
1170,-3795,360,895,3290000,1
367,-5987,778,552,661000,1
541,-9665,793,656,10200000,1
526,-5007,526,837,9780000,1
787,-4555,551,839,8180000,1
301,-5046,420,776,2650000,1
255,-10879,736,475,292000,1
317,-9451,457,909,160000,1
314,-6342,571,654,55900,1
316,-9342,389,476,61900000,1
436,-6838,619,504,64300000,1
291,-5583,483,659,4420000,1
1290,-6400,158,893,782000,1
716,-5194,502,941,34600,1
636,-9818,623,709,10200000,1
292,-7462,502,631,17500000,1
584,-6281,406,682,41300,1
1440,-8838,393,964,73500,1
552,-10283,256,641,19900000,1
346,-25266,477,61.2,98400000,1
1770,-6679,818,705,836000,1
346,-2940,483,858,5590000,1
1260,-5909,509,733,1650000,1
248,-4173,606,532,9560000,1
321,-9116,580,571,37800000,1
423,-6480,503,685,4210000,1
315,-3534,540,811,519000,1
610,-6235,495,960,2810000,1
411,-25131,468,83.5,95000000,1
293,-4041,502,662,322000,1
487,-6078,421,598,3490000,1
640,-5059,733,944,170000,1
265,-14754,447,210,71500000,1
374,-6087,553,707,2420000,1
1490,-15366,792,747,20200000,1
376,-21350,254,117,96400000,1
371,-7995,592,805,12800,1
303,-6185,586,777,4780,1
479,-9249,504,604,36500000,1
567,-5858,461,872,31500,1
619,-6789,642,820,1280000,1
296,-13680,515,239,71400000,1
384,-9511,432,630,6630000,1
338,-12490,588,379,55700000,1
426,-5404,429,854,120000,1
606,-8526,532,675,968000,1
1460,-7385,764,706,25300000,1
574,-6841,582,539,17400000,1
312,-13153,448,246,90500000,1
266,-5632,512,459,46800000,1
391,-2552,424,944,904,1
979,-7891,572,704,60100000,1
432,-9072,431,927,599,1
315,-3738,472,849,362000,1
632,-4880,615,785,1860000,1
1200,-4563,525,578,1320000,1
422,-6069,284,875,752000,1
392,-11455,607,413,52500000,1
243,-7250,498,731,12800000,1
1130,-8896,726,537,31600000,1
774,-2433,318,919,771000,1
2090,-7638,531,648,71200000,1
390,-3252,288,629,22300,1
983,-10244,699,530,74600000,1
1900,-3203,527,973,75600,1
336,-6455,728,638,24900000,1
577,-7358,603,872,121000,1
1560,-3094,641,880,2190000,1
381,-8041,724,538,4080000,1
333,-9954,696,434,69200000,1
265,-6289,522,530,31500000,1
675,-9954,457,884,2000000,1
316,-8677,296,432,59000,1
364,-28021,414,10.8,97600000,1
948,-5976,536,836,23300,1
333,-14010,479,325,16100000,1
320,-6142,611,568,9060000,1
580,-14112,680,246,78300000,1
437,-4515,509,874,6870000,1
340,-7246,608,759,5690000,1
731,-5002,368,769,15300,1
388,-5617,348,521,25300000,1
276,-9932,587,566,47000000,1
425,-4261,521,935,3610000,1
765,-5598,485,707,33900000,1
450,-5189,523,803,57900000,1
315,-7309,548,543,23400000,1
453,-11109,535,858,10100000,1
416,-4720,484,643,360000,1
426,-5404,429,854,120000,1
540,-5653,542,905,172000,1
442,-21880,544,22.1,99400000,1
569,-7547,478,923,2700,1
529,-9723,721,782,71600000,1
383,-8073,587,573,2080000,1
348,-10043,728,572,24200000,1
734,-11966,434,599,189000,1
898,-7240,417,630,2090000,1
1200,-4563,525,578,1320000,1
455,-6040,632,893,1430000,1
312,-9192,446,373,9490000,1
489,-7081,782,444,904000,1
367,-12275,350,510,4710000,1
352,-28619,222,28.5,99000000,1
388,-7955,596,576,37600000,1
301,-10114,491,696,70700000,1
1250,-4195,586,636,51200000,1
315,-8622,675,380,71500000,1
793,-6622,326,897,930000,1
445,-9886,682,740,28600000,1
1300,-7602,136,945,31200,1
510,-8079,459,698,2940000,1
317,-16099,569,283,74400000,1
505,-3945,237,880,854,1
2240,-6963,812,516,36900,1
321,-8199,597,762,18900000,1
564,-9551,636,241,69100000,1
830,-6954,264,744,15600000,1
948,-9540,811,453,43800000,1
837,-5409,898,544,43700000,1
598,-10142,682,561,42300000,1
438,-4633,696,790,279000,1
1780,-5926,566,873,37100,1
774,-5460,523,724,80000000,1
354,-4235,546,867,2560000,1
1470,-3090,441,976,33500,1
756,-4373,463,908,893000,1
394,-10533,515,447,29100000,1
642,-5158,633,939,64200,1
1130,-3891,492,911,1500000,1
321,-6377,344,821,1640000,1
455,-8303,399,744,8440,1
362,-3498,572,949,14000000,1
812,-6460,657,415,29900000,1
397,-4019,363,810,805000,1
527,-9393,587,968,86900,1
544,-4680,559,952,24200,1
650,-6654,674,831,3150000,1
586,-6698,172,871,1630,1
3450,-6204,489,726,20000000,1
569,-4966,505,839,1110000,1
447,-5503,426,920,11400,1
431,-4599,530,721,470000,1
469,-4876,390,629,1870000,1
337,-6526,460,653,21700000,1
582,-4261,653,964,316000,1
352,-9965,614,663,29000000,1
451,-4168,364,904,341000,1
346,-6667,462,840,5050,1
282,-5232,498,721,13600000,1
255,-7310,501,792,708000,1
290,-7579,500,794,478000,1
728,-8530,547,647,431000,1
525,-5137,546,878,1330000,1
542,-26635,297,203,87300000,1
431,-5750,493,839,11500,1
474,-6121,426,954,144000,1
365,-6461,712,629,1810000,1
589,-5217,533,768,165000,1
337,-7440,596,658,25800000,1
1340,-3631,470,954,15900,1
876,-5545,725,747,2720000,1
308,-6781,549,502,33900000,1
681,-11213,721,485,15800000,1
464,-7390,618,554,2900000,1
671,-4330,451,912,45200,1
554,-10068,564,932,1300000,1
263,-8202,617,588,5340000,1
622,-7380,798,519,37500000,1
366,-8171,503,431,27500000,1
290,-10229,412,348,25500000,1
1450,-3248,400,986,6170,1
301,-7481,542,531,330000,1
783,-4496,587,990,1720000,1
365,-17042,212,239,91900000,1
604,-4612,396,905,2920,1
300,-12621,731,451,48200000,1
371,-17797,180,244,88000000,1
449,-10419,689,657,843000,1
556,-5883,585,842,242000,1
507,-4592,325,865,11100,1
315,-9066,219,386,64300000,1
317,-15432,457,223,98800000,1
585,-8279,684,638,39300000,1
410,-5373,350,828,21700,1
339,-8142,612,789,6870000,1
902,-3778,376,947,757000,1
536,-7523,765,871,7000000,1
268,-11318,750,343,61200000,1
1050,-5426,538,899,94200,1
293,-5565,654,658,33900000,1
266,-9489,586,541,57600000,1
367,-4606,556,920,271000,1
2590,-4714,580,788,1230000,1
672,-4155,690,834,45500000,1
1970,-3642,652,984,258000,1
348,-4487,584,836,13200000,1
1100,-8144,352,927,6900,1
1220,-7091,401,822,14700,1
505,-4633,444,896,37000,1
392,-6487,601,807,20900,1
308,-2815,507,918,1790000,1
1080,-4573,758,954,19600000,1
719,-4818,323,901,3150,1
399,-6887,546,760,629000,1
364,-5162,534,712,12200000,1
558,-4631,658,814,22900000,1
943,-7914,361,910,3380000,1
337,-9412,320,456,63700000,1
273,-9158,494,862,1200000,1
315,-9574,698,514,1870000,1
393,-11770,522,695,90900,1
312,-11381,481,392,36600000,1
968,-4739,470,969,70200,1
251,-7637,548,580,4800000,1
512,-6170,522,817,32900000,1
391,-6099,463,890,13800,1
458,-3780,225,727,514,1
1200,-13461,408,541,54400000,1
697,-8383,583,921,377000,1
1570,-2622,420,988,164000,1
774,-5655,324,967,2780000,1
312,-5048,576,856,1450000,1
579,-4361,567,763,15000000,1
580,-4761,400,906,5120,1
729,-3141,385,947,4720,1
891,-8118,463,749,796000,1
297,-5703,624,910,2850000,1
416,-4325,175,857,550,1
301,-5270,660,578,2480000,1
793,-5861,625,916,3680000,1
580,-6049,258,723,2320000,1
388,-4025,481,765,381000,1
393,-7944,620,684,36900000,1
319,-17301,214,243,91700000,1
262,-7305,581,432,46100000,1
358,-6128,529,835,225000,1
370,-5204,401,650,44700000,1
444,-3175,614,910,956000,1
448,-8216,754,679,465000,1
4440,-9157,637,489,13600000,1
647,-6592,445,886,158000,1
440,-7631,705,633,8470000,1
656,-5166,407,932,1050000,1
3010,-9069,650,518,721000,1
854,-6181,831,815,2730000,1
754,-3348,482,883,8910000,1
2420,-4561,511,934,403000,1
398,-7195,494,936,1120000,1
392,-7302,618,774,44100000,1
467,-4092,641,801,28800000,1
329,-7412,448,460,32100000,1
455,-3526,260,837,172000,1
433,-11618,611,835,535000,1
306,-9965,579,310,51100000,1
268,-6503,546,445,4020000,1
538,-9948,682,780,1140000,1
1130,-1742,323,982,70600000,1
675,-8489,693,514,972000,1
3180,-8535,481,645,8630000,1
319,-5787,483,931,181000,1
354,-6395,414,828,4110000,1
640,-5361,546,853,19800,1
301,-10270,603,494,42800000,1
411,-5403,572,931,103000,1
465,-7759,553,512,56900000,1
281,-6165,392,677,192000,1
475,-4354,636,887,257000,1
495,-4314,601,937,349000,1
344,-6158,584,931,315000,1
352,-5576,743,733,705000,1
969,-8069,765,476,21300000,1
409,-5358,472,965,4400000,1
363,-11241,537,355,35700000,1
396,-11845,736,439,22200000,1
439,-7462,720,572,32600000,1
258,-8101,660,485,24400000,1
336,-4950,485,669,8020000,1
298,-8546,510,385,31200000,1
311,-6762,384,292,62300000,1
568,-11844,471,632,8960000,1
372,-3321,493,898,21900,1
559,-7381,673,704,1540000,1
362,-18450,604,370,83600000,1
347,-6234,409,566,58200000,1
567,-6683,631,883,24200000,1
501,-3398,443,934,604000,1
288,-7030,510,242,54600000,1
1190,1342,615,970,1040000,1
1200,-5231,324,976,11300,1
2520,-5877,586,781,375000,1
430,-6367,402,835,5580000,1
577,-3912,553,905,85200,1
724,-5578,459,953,12100,1
318,-7355,639,544,26100000,1
309,-9391,426,721,2730,1
393,-3340,775,693,2520000,1
365,-8176,616,727,401000,1
873,-8924,542,910,228000,1
1060,-7652,933,539,31800000,1
663,-12691,462,703,35800000,1
530,-6072,274,719,12100000,1
696,-5119,366,940,76900,1
609,-4091,553,828,11000000,1
507,-5143,576,970,21400000,1
339,-8656,275,524,78500000,1
477,-8188,585,404,45800000,1
476,-6622,234,832,275000,1
433,-17859,603,139,97900000,1
330,-8180,637,847,24200000,1
531,-8057,490,784,2350000,1
361,-10505,407,704,3950000,1
317,-4444,804,661,34300000,1
836,-4851,497,970,9040,1
281,-7573,709,685,3550000,1
567,-3622,578,952,566000,1
289,-9296,622,737,3490000,1
298,-4900,552,673,553000,1
525,-8334,434,614,48600000,1
467,-4092,641,801,28800000,1
805,-5260,509,935,2100000,1
303,-4445,726,678,25200000,1
1170,-9142,660,708,10100000,1
485,-8409,514,428,10100000,1
458,-30016,558,25.9,99600000,1
668,-9069,522,817,11800000,1
471,-8016,788,871,2070000,1
871,-5235,386,940,6800,1
332,-7680,491,809,33000000,1
281,-7834,586,718,12800000,1
405,-4921,591,745,1110000,1
575,-6727,797,872,29100000,1
799,-7828,726,463,817000,1
302,-6312,580,709,1820,1
1540,-3292,211,973,150000,1
1260,-9902,803,941,5180,1
656,-8097,670,716,31800,1
345,-24746,467,117,97700000,1
440,-9175,612,860,253000,1
245,-9038,631,515,3390000,1
342,-4798,632,760,245000,1
432,-6195,636,720,8930000,1
288,-9246,553,640,1090000,1
485,-9874,346,944,4160,1
272,-13181,452,507,21500000,1
1310,-9719,470,420,9870000,1
1180,-3501,492,939,247000,1
291,-4982,673,716,8800000,1
419,-32220,158,35.6,97500000,1
405,-23811,448,154,79500000,1
317,-7099,765,779,21100000,1
3330,-8914,837,518,31800000,1
345,-5288,516,923,3470,1
517,-5232,593,931,3220000,1
290,-8288,415,362,72300000,1
512,-4913,575,936,12800,1
546,-5413,498,889,9470000,1
326,-8776,610,678,1250000,1
2110,-5082,558,977,61800,1
397,-24814,218,179,96600000,1
703,-4313,311,884,13300,1
511,-6198,443,956,5240,1
593,-4671,578,894,158000,1
317,-5379,630,842,3270000,1
297,-6838,729,676,27900000,1
334,-7981,616,638,2450000,1
434,-8641,650,729,37000000,1
813,-1101,374,991,38000000,1
324,-5627,464,764,1700000,1
3350,-8979,646,569,1710000,1
862,-6913,291,767,40100,1
919,-4897,368,921,71600,1
613,-5448,626,559,56300000,1
353,-14178,519,441,2040000,1
784,-10581,529,861,29200000,1
500,-4484,754,920,18300000,1
340,-8581,763,648,37500000,1
317,-8155,552,618,48600000,1
314,-7537,589,777,98700,1
715,-7271,396,415,57100000,1
638,-5480,581,847,25900,1
294,-4281,460,889,321,1
563,-10924,573,574,11000000,1
469,-5336,495,931,250000,1
278,-4880,566,872,509000,1
2690,-6352,572,697,83000,1
580,-8965,822,464,19200000,1
458,-5004,682,736,1700000,1
821,-7632,527,704,62600000,1
741,-5955,386,916,10500000,1
540,-9957,419,608,79800000,1
663,-4559,557,833,226000,1
273,-9158,494,862,1200000,1
301,-4957,621,936,1640000,1
1330,-10390,615,616,3990000,1
1130,-9442,593,691,1330000,1
595,-8835,595,633,44900000,1
392,-11040,650,188,88200000,1
444,-4555,920,914,2220000,1
483,-3868,433,854,33600,1
775,-4808,467,958,47900,1
396,-14288,641,101,94100000,1
311,-6708,543,608,11900000,1
296,-7922,563,535,50900000,1
5500,-11584,940,425,21000,1
1230,-8070,508,797,45700,1
351,-11272,362,268,92600000,1
274,-13831,615,518,60400000,1
968,-4739,470,969,70200,1
278,-11842,383,475,706000,1
344,-8106,531,438,44500000,1
711,-11795,675,444,84200000,1
296,-7656,340,579,4140000,1
400,-10264,667,659,72800000,1
266,-8374,744,391,76900000,1
449,-5104,666,723,1510000,1
436,-5900,611,846,509000,1
331,-12074,750,593,7920000,1
762,-3942,392,979,1630000,1
650,-6654,674,831,3150000,1
1460,-4866,696,830,7170000,1
2380,-1226,421,950,66100,1
417,-3027,603,954,53600,1
878,-5823,521,777,1940000,1
764,-5214,442,846,5380000,1
1320,-4838,468,902,3250000,1
295,-7489,474,363,1260000,1
1320,-4109,432,878,315000,1
454,-6869,874,318,3530000,1
367,-7058,710,649,21800000,1
1430,-4114,478,899,12400000,1
2360,-9791,674,597,58700000,1
336,-5110,489,649,60300,1
274,-9510,664,496,5510000,1
290,-6243,654,721,19300000,1
1670,-10308,814,785,14400000,1
274,-7474,553,621,591000,1
280,-6156,666,803,2280000,1
505,-9594,429,914,3210000,1
369,-10728,561,393,86700000,1
1160,-11139,724,523,7450000,1
551,-9066,281,614,8800000,1
454,-7150,505,762,4150000,1
1340,-3631,470,954,15900,1
440,-4698,367,707,806000,1
394,-9938,608,685,101000,1
741,-10620,399,747,3200000,1
465,-11230,772,604,29600000,1
570,-3066,533,967,4260000,1
690,-8643,739,647,8520000,1
904,-4099,583,881,134000,1
286,-6629,516,796,1470000,1
680,-6516,733,762,43300,1
889,-4874,415,940,490000,1
415,-14043,320,545,58600000,1
420,-6916,345,517,2190000,1
377,-8821,277,663,40900,1
338,-5230,510,778,38000000,1
345,-8214,628,860,14600000,1
292,-6472,337,572,923000,1
1830,-5885,381,868,429000,1
418,-6525,632,673,4760000,1
421,-13550,829,388,67500000,1
310,-6849,404,514,137000,1
4890,-3837,520,967,248000,1
356,-4710,785,892,7110000,1
453,-6883,461,755,146000,1
491,-4550,463,957,46900,1
469,-9044,471,490,62500000,1
431,-8065,519,386,78600000,1
327,-8688,653,843,21100000,1
589,-4621,258,889,20400,1
613,-5157,505,947,2070,1
562,-6629,385,694,7040000,1
592,-8726,651,533,13100000,1
843,-7779,720,494,12500000,1
358,-9726,670,707,71400000,1
469,-5336,495,931,250000,1
296,-8921,473,735,6030000,1
293,-4807,649,888,1300000,1
1330,-10329,277,552,4800000,1
443,-7236,602,631,33500000,1
542,-4967,722,850,55400,1
291,-7604,282,648,1200000,1
473,-6758,529,880,15200000,1
832,-6789,700,798,5630000,1
494,-10495,669,733,2050000,1
426,-6144,581,569,4690000,1
310,-8277,634,630,44700000,1
1000,-4261,423,984,2290,1
1090,-16729,575,318,68300000,1
370,-10144,341,470,22600000,1
1490,-9635,408,885,45600,1
915,-7470,804,693,876000,1
4460,-846,447,988,1640000,1
274,-8603,529,455,4240000,1
2920,-9830,796,441,16000000,1
632,-8258,358,845,54900000,1
362,-4236,559,845,757000,1
294,-6345,496,749,36200000,1
703,-9761,769,673,11500000,1
1280,-3600,570,891,478000,1
371,-5692,288,758,616000,1
1400,-3116,481,938,11600,1
352,-9326,618,457,59400000,1
600,-4728,396,770,1840000,1
771,-9978,482,733,5690,1
1930,-6419,457,764,2580000,1
1510,-4881,314,869,373000,1
923,-7634,563,944,112000,1
739,-4439,258,852,69700,1
262,-10769,440,269,91400000,1
514,-3390,325,912,160000,1
700,-5390,586,915,759000,1
451,-7232,406,609,33200000,1
358,-6939,525,620,35900000,1
287,-6926,356,613,14800000,1
648,-7619,685,727,4310000,1
452,-7718,368,715,394000,1
587,-9400,736,502,48100000,1
1570,-4003,562,884,979000,1
290,-4914,603,797,3330000,1
498,-9301,823,569,5710000,1
317,-7294,569,465,63200000,1
295,-9348,358,541,4940000,1
253,-7523,657,507,27800000,1
260,-7154,653,543,8520000,1
1770,-5855,439,971,1480000,1
970,-4851,561,823,290000,1
571,-5759,287,910,4120,1
444,-3175,614,910,956000,1
320,-13723,688,462,22400000,1
329,-4462,552,669,697000,1
307,-9060,491,710,98100,1
1930,-6249,529,491,15400000,1
448,-8098,344,810,170000,1
410,-5373,350,828,21700,1
867,-6239,419,622,48000,1
915,-4465,610,600,30400000,1
288,-8798,488,407,5700000,1
509,-5949,647,896,7090000,1
325,-5903,722,894,4180000,1
888,-12458,365,309,15600000,1
482,-5285,399,910,12500,1
855,-5497,673,722,36400000,1
431,-5490,748,596,2620000,1
395,-5640,568,741,1220000,1
384,-5059,767,694,6290000,1
391,-4011,506,907,1930,1
2410,-12652,468,539,50000000,1
303,-7560,417,569,30200,1
501,-13748,348,450,37000000,1
924,-6606,331,885,20500000,1
2230,-5840,772,583,2420000,1
676,-6094,627,891,12100000,1
274,-8673,601,657,36200000,1
482,-32420,204,3.01,99100000,1
274,-8619,622,693,28800000,1
1150,-6971,530,858,10200000,1
543,-3478,568,971,5180000,1
262,-5991,549,758,2670000,1
511,-6614,599,972,1030000,1
634,-8532,534,868,77600,1
278,-9030,663,434,53900000,1
975,-4063,249,979,20200,1
512,-4913,575,936,12800,1
411,-5403,572,931,103000,1
383,-5996,929,626,4830000,1
1060,-7876,829,631,87500000,1
323,-12488,400,267,74400000,1
230,-7297,620,532,3920000,1
340,-7246,608,759,5690000,1
603,-8247,572,633,16000000,1
262,-7470,529,693,613000,1
649,-3278,502,978,16300,1
643,-8295,712,673,2060000,1
325,-5320,335,776,927,1
563,-4875,741,863,27900,1
726,-3881,291,963,14600,1
470,-8959,565,468,79400000,1
423,-6480,503,685,4210000,1
471,-3955,667,758,2470000,1
720,-9801,613,555,58000000,1
392,-7343,499,650,45800000,1
813,-6454,539,654,2960000,1
591,-3766,470,911,875000,1
334,-7073,709,783,5330000,1
561,-6289,644,919,18100000,1
1280,-7701,304,953,44400,1
439,-3727,668,921,4920000,1
943,-6237,572,747,13000000,1
421,-8536,635,875,72200,1
333,-18788,308,361,94900000,1
862,-6913,291,767,40100,1
878,-6852,311,632,2060000,1
298,-7730,448,595,10500000,1
737,-2189,334,957,3940,1
435,-4089,547,875,78700,1
439,-6129,510,718,183000,1
378,-2815,517,909,45100000,1
461,-5787,606,620,1070000,1
722,-4471,404,926,720000,1
379,-5505,415,407,3970000,1
255,-10492,690,272,32400000,1
369,-12044,561,439,45800000,1
318,-12370,590,372,105000,1
296,-10335,648,528,41900000,1
608,-20892,395,16.3,98400000,1
410,-9972,661,437,33100000,1
630,-4337,544,914,1130000,1
440,-7546,590,853,5810000,1
721,-5084,298,879,28400,1
4000,-7398,697,484,82000000,1
392,-28639,123,37.2,85900000,1
836,-4851,497,970,9040,1
3300,-4109,619,629,4730000,1
263,-8276,625,728,5530000,1
424,-6859,409,503,44200000,1
949,-5732,498,685,1130000,1
358,-7617,572,730,479000,1
341,-9131,525,551,29700,1
330,-5146,552,873,5990,1
4890,-3837,520,967,248000,1
352,-10629,653,573,34400000,1
366,-12373,643,502,67900000,1
319,-11832,516,243,87200000,1
417,-6121,703,691,544000,1
388,-5918,580,963,3110000,1
346,-7870,476,493,17800000,1
407,-7569,500,764,36900000,1
797,-11184,804,591,19800000,1
309,-6013,534,866,21300000,1
687,-6592,508,890,3430,1
1020,-7518,450,923,4730000,1
339,-12156,482,255,78800000,1
837,-3822,472,922,36400,1
381,-5931,617,557,15500000,1
549,-9280,630,551,37300000,1
1980,-8213,714,665,48600,1
399,-20758,266,66.7,97500000,1
295,-19696,528,163,89500000,1
547,-5240,586,709,28200000,1
642,-7207,625,778,921000,1
530,-6710,315,618,3530000,1
705,-10167,201,777,30400000,1
1710,-7931,308,883,185000,1
426,-3075,593,938,189000,1
1030,-3934,623,947,386000,1
770,-5510,767,838,95100,1
600,-11227,476,300,47000000,1
498,-7132,664,664,28400000,1
269,-4396,628,722,3570000,1
251,-6598,662,761,7050000,1
846,-4568,442,978,2930,1
1240,-5213,291,942,198000,1
647,-6149,539,893,6090000,1
449,-4730,348,726,36300,1
1320,-10547,460,405,48700000,1
519,-3366,751,624,11700,1
377,-8821,277,663,40900,1
3040,-4215,466,833,2660000,1
817,-5456,673,782,166000,1
268,-8938,487,582,71500000,1
310,-5651,264,812,1350,1
339,-3529,203,833,2700,1
2740,-3438,537,920,592000,1
341,-3923,813,774,1200000,1
438,-4117,527,851,156000,1
419,-6258,395,764,31600,1
521,-20682,715,88.5,485000,1
286,-7369,619,637,1500000,1
517,-14981,640,651,14200000,1
944,-6900,761,525,44000000,1
532,-9499,789,695,412000,1
402,-20980,417,93.9,98400000,1
319,-11889,617,375,74200000,1
1050,-6730,778,825,588000,1
335,-3237,569,913,90500,1
619,-6094,584,804,96800,1
311,-6708,543,608,11900000,1
362,-6914,550,683,3610000,1
294,-5667,630,768,35300000,1
285,-6818,667,757,15500000,1
580,-8965,822,464,19200000,1
373,-4083,675,638,4130000,1
440,-7539,429,668,20800000,1
1050,-6212,779,727,5200000,1
449,-6023,507,828,711000,1
332,-6301,713,677,30200000,1
277,-8209,743,673,23000000,1
648,-7857,631,503,32700000,1
858,-8984,778,399,7510000,1
599,-4924,513,889,45700000,1
556,-6853,838,730,923000,1
537,-7273,342,587,648000,1
908,-4603,529,726,4260000,1
3670,-5274,401,918,1490000,1
419,-6161,438,905,944,1
344,-5682,401,933,744000,1
264,-5589,649,798,13600000,1
332,-9111,552,485,51700000,1
285,-16917,575,282,91400000,1
335,-8823,590,521,40400000,1
891,-9744,849,744,23600000,1
277,-6908,487,678,8140000,1
289,-9104,557,433,48600000,1
256,-10493,595,456,32500000,1
4220,-6594,815,729,909000,1
3800,-8400,574,688,2560000,1
2210,-7414,712,908,12800000,1
623,-9180,404,720,5590,1
422,-10131,353,725,681000,1
284,-5061,589,676,9760000,1
397,-5917,556,885,283000,1
523,-3822,214,840,2780000,1
310,-8417,324,798,5180000,1
522,-8520,554,915,105000,1
505,-14927,587,493,42300000,1
707,-8973,832,704,20100000,1
4890,-3837,520,967,248000,1
317,-8311,622,521,49200000,1
471,-5346,345,913,6460,1
338,-6711,638,862,32600000,1
461,-5787,606,620,1070000,1
613,-12430,768,690,1290000,1
388,-7955,596,576,37600000,1
458,-2740,703,874,1410000,1
593,-4671,578,894,158000,1
319,-13104,546,572,7010000,1
3050,-6245,613,721,9220000,1
523,-6731,556,563,4000000,1
258,-5444,729,740,226000,1
289,-6544,802,725,22100000,1
4020,-6477,594,689,43100000,1
543,-5407,526,895,6030000,1
589,-3241,375,914,55800,1
760,-4463,512,733,20900000,1
332,-10740,699,622,10700000,1
445,-6696,633,766,791000,1
341,-3923,813,774,1200000,1
490,-5691,300,915,194000,1
304,-3154,686,902,575000,1
344,-7768,708,683,122000,1
282,-5216,590,685,6580,1
455,-6199,649,914,573000,1
259,-8672,505,497,14200000,1
347,-7563,361,795,3480000,1
556,-7418,434,926,45100,1
670,-5511,685,697,16600000,1
322,-12806,601,520,47600000,1
522,-8905,684,691,45300,1
466,-5242,439,863,96400,1
818,-7615,813,649,10800000,1
703,-5846,606,781,14200000,1
306,-18604,436,277,97700000,1
464,-4643,367,938,520000,1
341,-8301,533,663,23700000,1
292,-6018,556,541,476000,1
297,-5365,343,701,225000,1
498,-9301,823,569,5710000,1
1250,-16117,829,408,81100000,1
380,-7297,429,683,82300,1
438,-6950,528,909,3000,1
799,-7828,726,463,817000,1
327,-6676,588,282,78600000,1
537,-8070,395,892,7970000,1
660,-10397,767,592,9950000,1
943,-8173,713,794,19700000,1
385,-5894,495,754,704000,1
336,-7170,554,449,2450000,1
387,-9832,423,748,3030000,1
383,-3988,373,862,4780,1
423,-6267,655,900,4470000,1
261,-8696,662,574,29800000,1
275,-13925,420,330,24500000,1
788,-10160,535,763,57800000,1
439,-8369,150,843,12700,1
279,-7796,621,602,31600,1
372,-16576,73.1,251,90600000,1
1090,-3920,367,877,108000,1
466,-8457,421,784,1500000,1
276,-6938,581,576,20700000,1
272,-5912,490,817,8490,1
1110,-10754,531,849,3890000,1
481,-6317,612,761,9790000,1
1010,-7711,190,964,549000,1
380,-9418,447,551,45200000,1
612,-5024,459,931,126000,1
288,-10394,596,318,63600000,1
585,-9994,431,392,70500000,1
297,-5703,624,910,2850000,1
3740,-6810,561,777,1000000,1
1480,-10120,767,374,21900000,1
434,-4991,346,785,165000,1
374,-9149,556,683,10100000,1
377,-8592,613,376,9190000,1
468,-5596,402,923,370000,1
313,-5624,457,902,2170,1
508,-4425,593,651,11500,1
493,-11264,708,411,45000000,1
1340,-8906,760,682,20900000,1
341,-6617,400,428,3960000,1
838,-3259,591,947,6500000,1
1700,-8054,803,581,2580000,1
384,-7122,416,681,971000,1
374,-9670,286,907,27700,1
703,-11098,783,706,214000,1
307,-6734,397,512,24100000,1
345,-8347,494,735,401000,1
918,-7632,343,718,5850000,1
796,-7839,551,860,26200000,1
375,-3423,659,754,184000,1
1430,-7197,811,662,6950000,1
442,-7218,609,659,592000,1
364,-8002,559,589,18800000,1
300,-8767,776,570,70400000,1
305,-9822,472,735,596000,1
542,-5404,424,873,20200000,1
304,-6066,650,712,2710000,1
330,-11238,700,418,65500000,1
728,-2666,527,922,475000,1
1000,-4261,423,984,2290,1
288,-11624,673,227,53200000,1
322,-8962,614,721,64200,1
333,-17521,293,229,99400000,1
385,-13510,506,95.2,91000000,1
361,-12698,332,707,1200,1
703,-3210,315,975,55800,1
463,-6949,230,737,619,1
504,-5914,671,756,178000,1
579,-5785,571,695,37300000,1
361,-10920,541,533,67900000,1
306,-6855,607,758,505000,1
357,-6976,345,614,3090000,1
1020,-3866,478,974,26600,1
327,-9258,402,597,3850000,1
810,-14436,599,316,67900000,1
730,-6273,562,537,623000,1
681,-3972,458,895,21900,1
459,-6141,626,599,1990000,1
3210,-10278,713,488,28100000,1
2080,-5666,492,926,323,1
288,-8975,236,485,23400000,1
383,-3917,529,755,10600000,1
624,-11313,595,588,50700000,1
639,-8192,501,813,4550000,1
357,-10437,669,563,25000000,1
664,-9751,707,562,65400000,1
510,-11443,604,481,2210000,1
759,-8503,694,887,2090000,1
1580,-2740,357,940,323000,1
406,-8745,545,578,1140000,1
373,-8329,620,610,849000,1
459,-3361,462,754,843000,1
686,-3348,521,855,2230000,1
653,-28013,679,111,62300000,1
367,-8154,426,538,751000,1
433,-4448,495,844,9750,1
