330,-11476,240,313,79100000,5
2070,-2563,445,968,1290,5
3760,-3660,510,989,12400,5
405,-8872,498,833,16500,5
598,-4633,471,925,25400,5
712,-5697,463,962,76100,5
340,-4318,557,954,45400,5
716,-7322,247,899,248,5
751,-8069,447,954,2350000,5
539,-4111,446,973,1560000,5
652,-4850,468,932,26000,5
680,-5223,419,894,70000,5
756,-4373,463,908,893000,5
875,-4130,308,916,2020,5
307,-6839,312,634,117000,5
886,-5878,261,977,15200,5
815,-8241,494,805,9930,5
1290,-5941,111,744,3820,5
520,-6132,494,966,3910,5
746,-5248,552,938,298,5
663,-2908,197,956,7610,5
1370,-4646,312,987,35100,5
773,-4597,195,983,168,5
426,-9748,376,674,197000,5
314,-7635,501,690,572000,5
712,-4683,558,981,2970,5
652,-7056,439,930,5000,5
434,-6842,588,755,4970000,5
739,-4215,414,944,4610,5
337,-6347,633,846,81900,5
1020,-1382,326,998,234000,5
416,-5915,211,920,542,5
915,-5772,199,913,23000,5
1060,-3604,419,932,171000,5
1350,-8770,329,974,85200,5
993,-3141,475,997,7870,5
477,-7200,314,863,127,5
652,-12697,170,980,248,5
505,-6632,533,954,966,5
498,-4196,557,886,59500,5
1050,-10080,278,834,11300000,5
758,-5613,383,892,64300,5
840,-7687,329,941,376000,5
616,-4702,536,849,318000,5
711,-5032,489,942,38400,5
613,-5773,694,765,1650000,5
676,-4028,484,991,28900,5
1160,-3695,523,984,1860,5
553,-4262,695,876,99600,5
591,-7580,401,868,52100,5
973,-10327,607,878,26400,5
611,-7856,306,935,6880,5
1280,-6044,336,987,214,5
337,-5087,614,929,37800,5
428,-4336,462,855,806,5
2740,-3991,282,996,668000,5
364,-6898,375,682,152000,5
1010,-5920,171,902,2700,5
1240,-2514,261,963,1720,5
469,-4802,217,807,1190,5
1770,-5135,352,936,5380,5
617,-6334,470,974,29000,5
1330,-4793,574,913,6100000,5
2340,-4136,337,984,69400,5
1330,-3183,433,989,7020,5
843,-3148,493,935,431000,5
448,-4635,294,859,519000,5
360,-24661,417,88.9,92600000,5
375,-8034,489,686,287000,5
546,-5650,424,892,895000,5
1770,-5135,352,936,5380,5
940,-2722,315,961,3090,5
872,-3562,393,937,105000,5
316,-12288,480,347,65800000,5
1150,-4931,375,958,72200,5
372,-11541,555,422,40500000,5
1220,-5676,350,985,876000,5
537,-3605,446,933,2550,5
517,-6651,539,783,147000,5
2050,-4451,193,976,6430,5
831,-3982,590,857,4670,5
1510,-2756,472,993,97800,5
896,-4297,479,987,2420,5
288,-7611,441,831,92800,5
402,-5954,485,945,330000,5
1340,-4175,259,952,19000,5
980,-7289,202,891,2500,5
530,-5870,599,816,154000,5
1130,-7105,341,969,636,5
4730,-2318,252,957,268000,5
676,-4822,419,917,76100,5
1800,-4055,256,961,2500,5
285,-6831,503,667,98400,5
962,-4795,523,982,3470,5
897,-4660,414,945,33300,5
402,-4100,516,858,45700,5
460,-6215,402,710,41100,5
525,-7691,472,880,84800,5
1560,-6501,213,979,255,5
993,-1626,449,981,189000,5
1350,-3754,438,992,10300,5
509,-5003,393,810,1370,5
333,-8601,314,311,87100000,5
579,-7815,562,782,1660000,5
912,-9336,536,841,112000,5
486,-4153,527,971,2740,5
665,-5580,526,754,4450000,5
1200,-4244,576,974,127000,5
1360,-3899,496,984,3410,5
1150,-3434,474,992,16900,5
668,-11022,564,630,10700000,5
377,-5772,527,907,8390,5
794,-4835,483,988,45500,5
527,-6652,254,929,677,5
544,-6970,283,847,50300,5
1260,-4880,429,978,22700,5
1200,-5439,409,920,719000,5
964,-3973,247,981,9380,5
602,-4793,498,946,12100,5
798,-7925,373,964,15200,5
1130,-3397,311,988,2830,5
489,-6230,228,850,223000,5
1310,-4322,396,968,5490,5
542,-6250,624,857,2080000,5
347,-16497,466,143,89200000,5
2050,-2521,454,993,104000,5
2050,-4986,475,992,827,5
2160,-2851,412,995,9190,5
689,-3892,477,905,7120,5
311,-7293,448,661,41500,5
2780,-5218,201,977,927,5
1530,-3689,301,921,51000,5
678,-3407,295,924,4020,5
1040,-5078,367,960,9370,5
453,-6146,515,925,37700,5
814,-3092,471,983,659,5
808,-8804,232,931,413000,5
1080,-3725,366,956,29300,5
614,-7185,356,937,221000,5
279,-9211,598,676,13000000,5
1130,-3169,474,984,30100,5
570,-2665,503,968,2580,5
1630,-4182,263,970,338000,5
620,-5657,450,941,45800,5
1230,-645,287,991,657000,5
1150,-3684,476,987,133,5
687,-4697,587,932,257000,5
932,-4380,312,994,966000,5
314,-13259,651,372,75900000,5
565,-4941,433,863,148000,5
1020,-4090,532,953,11300,5
810,-5142,292,927,12600,5
449,-4824,418,835,233,5
645,-6238,365,851,9640000,5
1730,-4361,227,995,40500,5
501,-3686,220,848,4290000,5
857,-3865,514,955,43400,5
398,-5657,335,829,531,5
1500,-4294,458,984,644,5
309,-4690,513,880,9590,5
460,-7070,512,875,161000,5
425,-7900,454,865,252000,5
451,-6113,532,788,35000,5
2080,-4366,456,955,6060000,5
1300,-4291,446,987,868,5
342,-11147,550,530,80900000,5
765,-6301,349,936,2920,5
556,-3404,182,911,687,5
1480,-4669,541,958,54500,5
1610,-4790,487,984,43900,5
409,-5441,535,857,1190000,5
473,-11751,489,884,2590,5
2500,-2583,200,985,5200,5
950,-6129,197,875,267000,5
1350,-2680,532,992,79400,5
424,-7247,490,872,24700,5
2040,-3380,353,994,20000,5
487,-3072,607,938,228000,5
1100,-4016,486,975,177000,5
534,-6046,610,824,1360000,5
529,-5114,541,910,433,5
3550,-4125,429,996,204000,5
446,-7763,568,890,4600,5
1680,-3026,354,982,23700,5
616,-4293,452,862,15300,5
506,-13927,569,499,16600000,5
514,-5796,504,941,13300,5
1260,-4387,530,946,10500,5
905,-5364,410,992,28500,5
799,-5229,220,913,2720,5
383,-9275,447,973,3390,5
529,-5114,541,910,433,5
788,-7920,148,864,5290,5
1350,-4920,267,1000,1600000,5
1310,-6029,230,913,893000,5
413,-5843,495,842,1380,5
527,-7427,503,903,2180000,5
348,-9259,437,776,15300,5
362,-5575,153,329,1250000,5
298,-11956,387,314,45000000,5
423,-8593,515,805,7580,5
945,-6546,133,895,1470,5
564,-5542,582,692,14400,5
1210,-4369,536,987,1940,5
509,-4650,444,958,1680,5
581,-5933,597,920,3680000,5
1370,-4978,425,971,715000,5
360,-6436,334,829,5760,5
762,-3045,415,928,6070,5
430,-7754,487,948,66200,5
460,-11183,509,569,7570000,5
311,-17360,410,305,10100000,5
656,-9303,189,999,4130,5
1100,-9003,255,914,5820,5
1210,-3912,220,982,5850,5
353,-5920,588,698,2600000,5
904,-10661,329,885,2420000,5
1250,-3433,530,981,2790,5
575,-7443,465,979,1080,5
518,-4871,414,827,2350,5
500,-6135,521,929,1030,5
992,-4845,464,932,123000,5
565,-5959,228,966,2700,5
607,-5201,524,937,18900,5
540,-5997,344,911,5050,5
647,-6028,666,793,219000,5
863,-4586,510,830,4340,5
3190,-4832,392,994,232000,5
471,-9168,487,835,247000,5
1010,-3680,251,977,6430,5
1750,-3967,343,990,71300,5
379,-4090,410,950,133000,5
769,-11514,429,631,7850,5
723,-6693,442,937,368000,5
778,-5189,517,971,570000,5
1080,-3323,497,916,32300,5
458,-6446,356,907,51000,5
293,-4130,584,854,99900,5
501,-9380,409,982,3640,5
309,-8368,473,617,16100000,5
731,-7819,115,758,10500,5
347,-5544,392,751,21300,5
1670,-2898,417,989,6670,5
838,-5708,146,947,7680,5
1430,-7070,64.6,995,7390,5
574,-7080,307,909,13500000,5
684,-6960,165,946,1710,5
689,-5759,413,921,4190,5
832,-5965,472,821,5520,5
1520,-4162,302,989,15600,5
1210,-3912,220,982,5850,5
470,-3211,515,974,2610,5
548,-12085,474,907,3620,5
298,-8691,577,828,213000,5
530,-5669,535,865,4770,5
1200,-2584,369,995,7600,5
1070,-2968,364,912,10400,5
623,-3543,348,923,3260,5
649,-6264,586,917,9010,5
1050,-2322,645,979,1600000,5
732,-7017,132,951,12200,5
897,-4660,414,945,33300,5
1510,-4830,438,987,8160,5
284,-10608,558,428,6500000,5
558,-3770,442,954,7910,5
993,-3141,475,997,7870,5
530,-8837,190,810,57100,5
1120,-6639,206,971,445,5
1180,-5472,286,982,842,5
993,-3095,326,998,205000,5
448,-2492,425,953,31800,5
1180,-6059,307,778,30100,5
557,-6196,340,911,161000,5
531,-4760,526,900,914000,5
1200,-4743,508,936,1000000,5
1230,-4926,380,980,7340,5
412,-2894,505,932,115000,5
537,-4533,475,818,40000,5
532,-3522,408,947,108000,5
806,-3796,102,875,382,5
713,-3052,419,996,136,5
1960,-3666,345,986,20900,5
331,-8194,525,483,389000,5
895,-5467,437,940,616000,5
385,-4838,508,782,271000,5
1710,-6590,365,941,22000,5
336,-4819,513,875,13900,5
414,-9456,646,905,5120,5
493,-7759,500,850,40600,5
343,-4553,255,848,1590000,5
965,-5123,285,973,470,5
859,-4858,492,985,1600,5
1170,-4946,434,952,3230,5
566,-6576,476,929,203,5
542,-5924,506,948,885,5
502,-3855,520,982,134000,5
526,-7043,568,877,357000,5
912,-4159,681,912,75700,5
373,-5123,498,845,138000,5
1780,-3951,138,951,2220,5
1020,-3878,462,973,333000,5
269,-5462,637,830,2280,5
866,-4545,270,964,3280,5
685,-4030,469,920,302000,5
1300,-4338,558,842,371000,5
804,-8008,430,704,15500,5
670,-3383,111,917,436,5
446,-5194,663,835,390000,5
838,-5806,682,764,265000,5
353,-5077,544,924,2510000,5
802,-5240,208,909,65200,5
791,-4063,419,965,7630,5
397,-7954,277,571,664000,5
1380,-4996,441,943,50600,5
681,-4810,493,847,23600,5
1600,-4667,435,987,19500,5
295,-13302,361,314,32000000,5
328,-12486,590,742,455000,5
2110,-6367,154,946,37200,5
342,-7069,432,642,17700000,5
556,-12103,291,758,91800,5
285,-9300,563,660,2370000,5
1420,-5218,522,967,31300,5
1200,-5719,580,930,1280000,5
462,-3981,576,864,2000000,5
1100,-5272,405,983,270,5
301,-10715,358,400,1150000,5
295,-5822,598,760,1070000,5
406,-5804,518,830,6630,5
1490,-8108,209,951,34600,5
1720,-5157,143,954,10200,5
498,-7687,477,648,2540000,5
442,-7383,430,887,273000,5
857,-6973,478,900,69400,5
519,-4763,527,944,10500,5
507,-4357,504,939,9360,5
355,-12871,428,420,14500000,5
477,-11260,666,798,848000,5
464,-6898,362,885,101,5
545,-6398,596,951,155000,5
575,-7443,465,979,1080,5
1050,-7566,486,977,680,5
873,-3548,678,967,251000,5
442,-7383,430,887,273000,5
1380,-5623,193,948,749000,5
1200,-3339,501,988,6020,5
302,-6557,282,656,1050000,5
2460,-3894,472,932,64000,5
1310,-4489,181,949,268,5
401,-9884,546,667,27200,5
2180,-6499,452,952,442000,5
765,-11503,332,769,367000,5
1320,-5778,176,974,41900,5
666,-4435,364,935,38600,5
579,-4096,417,932,22100,5
547,-2792,364,968,692,5
579,-6875,407,936,228,5
383,-4461,562,912,320000,5
409,-9564,272,508,3550000,5
984,-4167,423,958,6060,5
510,-7393,462,900,158000,5
321,-9166,419,573,26000,5
363,-4612,504,741,94100,5
1050,-3423,399,974,28100,5
747,-8134,183,873,511,5
462,-9569,451,813,1800,5
408,-8128,214,682,3910,5
2460,-1446,304,994,1460,5
752,-5468,453,978,2690,5
349,-6579,514,926,230,5
359,-4722,319,866,142,5
642,-5205,551,918,1500000,5
698,-6314,365,978,16000,5
884,-3348,370,933,11500,5
465,-6227,480,817,652000,5
1240,-7690,326,957,5400,5
300,-5197,548,904,42900,5
1810,-4385,335,949,14600,5
624,-5825,552,951,14400,5
1090,-5298,239,900,51900,5
723,-6693,442,937,368000,5
985,-5339,175,979,1800,5
857,-5664,362,961,2400000,5
988,-3932,334,965,21800,5
613,-5773,694,765,1650000,5
738,-4154,245,922,253,5
346,-6293,158,572,92600,5
704,-4183,525,914,2640,5
520,-4629,627,910,1800000,5
364,-5175,502,890,14700,5
510,-5871,260,901,1600,5
1040,-7592,260,922,303,5
870,-8876,562,470,17400000,5
371,-6514,733,726,37900000,5
840,-5824,235,927,17300,5
326,-12244,289,238,4210000,5
1640,-5454,474,978,309000,5
328,-5798,560,801,30700,5
1180,-6305,261,922,6230,5
563,-4530,310,825,356000,5
327,-8439,206,668,22900000,5
339,-8326,299,545,14300,5
319,-7329,423,738,35900000,5
340,-8015,430,644,4450000,5
417,-8761,443,650,222000,5
346,-11102,443,332,49600000,5
455,-6353,436,862,62500,5
385,-6283,640,922,369000,5
300,-5197,548,904,42900,5
603,-5805,281,914,66800,5
339,-7575,559,875,15700,5
1680,-5573,412,939,4710000,5
594,-3705,537,960,17500,5
556,-5378,225,926,1270,5
1780,-8165,283,891,678000,5
741,-2629,362,968,656,5
415,-6317,387,959,13800000,5
458,-7056,524,840,297000,5
362,-5078,354,867,4640,5
1120,-4190,348,958,395,5
816,-6106,560,946,146000,5
1380,-4671,291,963,128000,5
330,-11476,240,313,79100000,5
786,-5685,435,916,5300,5
1350,-4612,502,991,17300,5
904,-10661,329,885,2420000,5
595,-5006,480,970,3720,5
1050,-4802,570,915,27300,5
1200,-3768,304,979,992,5
814,-7053,220,884,170,5
335,-11421,412,402,79500000,5
783,-8275,274,924,753,5
473,-9797,546,847,30100,5
399,-6340,517,795,310000,5
874,-4824,429,991,629,5
904,-5368,496,896,24000,5
1280,-7628,69,980,590,5
1970,-3485,243,988,6170,5
732,-7637,517,887,24400,5
348,-6999,456,776,4230000,5
756,-4835,428,921,659000,5
894,-4581,512,919,4030,5
664,-3387,434,908,12400,5
1260,-4930,303,975,2410,5
936,-5416,402,927,6370,5
806,-4008,548,954,5490,5
591,-3585,163,977,3640,5
366,-4719,585,881,2270,5
2450,-5343,462,943,3640000,5
501,-4653,374,920,1620,5
313,-9878,489,522,85600000,5
725,-4618,390,950,4410,5
712,-7508,335,913,817000,5
449,-4824,418,835,233,5
854,-4806,510,917,540000,5
678,-10138,221,861,17400,5
912,-2750,246,992,912,5
1590,-4219,432,988,5600,5
1170,-4946,434,952,3230,5
508,-2557,509,928,1470,5
522,-4886,531,939,45600,5
1300,-5869,234,972,289000,5
848,-3280,467,974,474,5
929,-5399,405,943,7950,5
550,-4117,467,942,2950,5
487,-6751,437,794,181000,5
353,-4910,450,872,180000,5
536,-4151,413,873,26400,5
820,-5996,573,929,218000,5
1300,-6659,432,884,1270000,5
2600,-1516,441,992,38800,5
831,-6581,399,986,1950,5
774,-3594,209,979,4520,5
545,-6398,596,951,155000,5
760,-5147,248,881,4760,5
620,-5937,344,891,10700,5
445,-5444,542,869,21200,5
766,-5266,377,874,4630,5
2430,-5333,303,961,253000,5
387,-5309,521,881,493,5
391,-6889,469,790,14800,5
544,-5705,521,915,1690,5
1330,-2115,405,963,91100,5
965,-5319,245,970,121000,5
1890,-4496,239,987,44300,5
312,-4173,485,835,96900,5
265,-7458,496,620,386000,5
1390,-4459,365,923,103000,5
1210,-3106,188,971,29700,5
444,-7814,199,824,665,5
721,-7136,262,925,305000,5
1330,-4547,621,963,388000,5
440,-2059,624,972,103000,5
1080,-5522,466,953,66300,5
688,-4406,417,902,3220,5
1070,-3064,661,978,2470000,5
815,-14630,326,442,24500000,5
1850,-3984,337,988,57600,5
517,-7383,544,739,392000,5
469,-3570,390,899,26700,5
565,-7514,187,980,1420,5
1470,-2834,302,974,27500,5
1490,-5984,388,980,2280,5
393,-11148,659,359,61100000,5
325,-4332,570,871,101000,5
579,-5709,522,872,23600,5
898,-2050,392,971,795000,5
1070,-4621,528,961,14900,5
419,-7823,345,842,114,5
465,-9025,532,941,57900,5
474,-6462,435,889,2380,5
1560,-3689,576,965,20900,5
1040,-4119,382,996,208000,5
1830,-3717,458,990,28500,5
473,-5467,382,900,671000,5
437,-6625,299,703,27600000,5
1050,-5983,493,830,30800,5
1470,-4380,326,995,9410,5
988,-3535,509,988,1060,5
341,-7771,383,515,39400000,5
799,-8394,98.1,882,10000,5
929,-5399,405,943,7950,5
752,-3958,452,995,10300,5
410,-6560,463,939,357,5
1380,-9257,454,886,869,5
899,-5992,470,987,583,5
337,-8780,233,619,5940,5
354,-8133,425,437,7320000,5
485,-3857,486,959,20300,5
504,-3836,300,884,55300,5
1240,-6351,276,938,347,5
1660,-3997,335,953,18400,5
914,-5602,343,872,2070000,5
298,-8432,572,567,177000,5
399,-5590,356,849,25600,5
736,-5192,438,951,4630,5
1240,-6008,117,976,776,5
1130,-3492,135,964,3180,5
391,-8802,497,947,8210,5
1880,-5251,423,958,2460,5
717,-5060,123,916,106,5
818,-3755,267,924,23700,5
392,-6800,406,819,1340000,5
2120,-2448,257,984,20900,5
440,-6091,303,737,51900,5
2610,-2693,451,889,167000,5
510,-4119,562,982,40400,5
798,-3696,389,926,1310000,5
645,-5661,470,978,278000,5
334,-6677,495,722,14100,5
1470,-2409,269,948,15700,5
1290,-4944,268,964,5910,5
343,-6649,607,755,2040000,5
1250,-6916,289,863,22800,5
1690,-2772,210,994,4380,5
1670,-4501,490,977,638,5
688,-3715,474,974,226,5
4920,-812,428,979,95800,5
751,-6056,437,926,58600,5
1070,-5542,210,948,85500,5
430,-6888,332,841,3340,5
641,-3287,504,907,133000,5
471,-7521,428,849,37100,5
810,-4858,413,969,2630,5
691,-2796,247,942,408000,5
523,-5275,500,962,115000,5
578,-4072,271,866,4890000,5
606,-7635,448,780,55800,5
1050,-5458,454,957,10400,5
1220,-5191,242,972,3610,5
317,-7749,448,504,1710000,5
917,-4441,378,947,66800,5
613,-9060,457,759,73600,5
1130,-7795,264,904,10700,5
302,-8512,567,714,120000,5
493,-3965,557,978,39300,5
1070,-5079,145,977,1120,5
329,-8182,385,673,18300,5
913,-4963,324,977,3240,5
547,-3902,458,948,254,5
265,-7637,538,835,3240,5
401,-6737,546,916,28200,5
2850,-3023,379,996,457000,5
1200,-5683,259,964,5050,5
478,-7614,270,692,262000,5
663,-2908,197,956,7610,5
1560,-3498,299,990,73200,5
760,-4509,252,915,5720,5
382,-5332,565,768,2770000,5
722,-6067,533,942,3900,5
1120,-4758,514,980,16400,5
1550,-2801,322,971,3490,5
1450,-1821,513,977,50900,5
309,-13618,311,389,49700000,5
265,-12441,533,411,1200000,5
1440,-4391,136,957,218,5
1540,-6162,317,990,2720000,5
1430,-4405,348,977,93600,5
1770,-2913,263,890,220000,5
825,-6623,383,909,262,5
861,-3735,375,938,148000,5
530,-4292,488,964,7310,5
557,-10068,621,834,77900,5
618,-3897,433,885,427000,5
1050,-10080,278,834,11300000,5
663,-6422,553,977,1440,5
1190,-3908,417,934,27800,5
515,-3951,520,948,4360,5
724,-6548,364,935,858,5
636,-5516,505,971,123,5
1190,-3908,417,934,27800,5
586,-9290,280,907,10400,5
470,-5678,310,700,1100000,5
2120,-2969,414,986,1180,5
1330,-3333,170,989,3800,5
638,-3931,534,849,208000,5
1590,-4214,523,979,2620,5
1650,-3548,273,991,13600,5
2150,-4192,362,979,1260000,5
840,-4001,436,985,172,5
724,-3926,578,937,96300,5
540,-4599,450,925,4220,5
474,-5717,523,810,67600,5
1390,-4353,429,995,301000,5
415,-8504,557,718,8880000,5
427,-5016,508,924,165000,5
2170,-4407,569,985,63900,5
538,-6406,414,897,40200,5
458,-2641,579,975,1060000,5
1020,-1382,326,998,234000,5
234,-5713,684,659,2700000,5
413,-6227,292,818,69700,5
724,-6548,364,935,858,5
342,-4692,229,704,13500,5
1310,-4489,181,949,268,5
469,-6231,462,884,1890,5
805,-6222,430,926,447000,5
442,-6635,492,944,5110,5
568,-5467,546,919,5310,5
479,-12181,299,914,107000,5
367,-6894,559,875,769,5
812,-8007,444,912,269000,5
747,-5753,279,963,696,5
442,-7683,393,904,527,5
1750,-3190,476,994,24700,5
313,-10551,379,452,22400000,5
2270,-3765,480,985,41100,5
320,-10820,275,658,2420000,5
933,-4670,480,879,8870,5
411,-5298,484,741,2280000,5
963,-4296,608,885,258000,5
2090,-5273,569,969,127000,5
1160,-4793,419,966,5910,5
524,-4809,446,892,2450,5
1350,-5605,408,973,2440,5
818,-3755,267,924,23700,5
558,-8185,187,913,22400000,5
1350,-3754,438,992,10300,5
404,-7550,322,878,646000,5
884,-5316,280,951,978000,5
833,-5379,219,919,400,5
434,-7091,350,797,15400,5
771,-5451,495,944,2490,5
2610,-1846,307,992,32100,5
642,-9239,350,939,8740,5
655,-5391,431,992,3450,5
571,-3063,410,935,2310,5
346,-11654,508,723,544000,5
442,-5242,521,895,5540,5
424,-6752,668,788,7480,5
1700,-3601,291,987,4720,5
754,-4770,560,903,132000,5
610,-4464,279,928,211,5
395,-7734,313,631,5250000,5
335,-8414,559,552,888000,5
2070,-1343,506,993,13800,5
686,-5428,290,994,55800,5
1440,-5492,298,944,50400,5
424,-6752,668,788,7480,5
413,-10549,669,656,113000,5
442,-8052,387,942,854000,5
1220,-3604,417,958,592000,5
571,-6036,427,943,435,5
862,-7941,149,908,1710,5
485,-7215,452,953,1320,5
1520,-5300,394,940,7170,5
835,-6696,275,947,1080,5
1600,-2844,260,998,72800,5
701,-5701,345,965,1740,5
444,-4196,527,936,279,5
430,-3374,210,621,1880000,5
1120,-6482,226,964,1480,5
298,-8691,577,828,213000,5
739,-6387,245,972,141000,5
1450,-5028,339,991,24900,5
457,-10075,547,571,53600000,5
1180,-7282,251,981,6270,5
1050,-7566,486,977,680,5
1090,-5040,409,975,267,5
625,-3619,390,967,445,5
454,-6697,506,947,17700,5
1090,-4362,420,985,4740,5
1220,-4794,323,932,6660,5
581,-4186,500,941,574000,5
326,-10883,273,688,9480,5
378,-10101,407,668,298000,5
796,-3613,172,962,107,5
1970,-6613,366,987,47600,5
860,-4560,556,939,12600,5
377,-4582,478,628,24500,5
278,-8649,543,643,448000,5
390,-7516,530,898,165000,5
313,-7952,312,543,3040000,5
866,-4545,270,964,3280,5
343,-4781,549,790,6550000,5
561,-5594,480,929,67300,5
2840,-2633,474,992,46000,5
1530,-3663,408,987,12500,5
1210,-5327,272,947,122000,5
384,-10527,294,613,23500000,5
798,-4217,487,949,42900,5
460,-10965,625,524,4050000,5
1090,-5570,332,992,337,5
587,-5452,610,891,80500,5
569,-14121,595,457,61100000,5
588,-5734,551,911,1400,5
1320,-4045,499,931,2160,5
419,-7905,364,911,3850000,5
349,-14446,630,448,25400000,5
606,-6371,534,887,43900,5
1540,-3243,259,971,128000,5
1850,-4439,428,957,1250,5
641,-7126,394,912,4440,5
531,-7361,333,820,28800,5
1070,-2189,392,976,10700,5
723,-4444,512,849,701000,5
1070,-3389,485,984,20400,5
556,-5550,464,955,19400,5
639,-5008,417,914,848,5
425,-8634,650,533,118000,5
551,-5659,284,900,8810,5
412,-6655,440,834,1760,5
1200,-5439,409,920,719000,5
1620,-2466,303,969,9030,5
284,-12226,448,585,60400,5
828,-2785,576,974,2020000,5
2720,-1549,384,995,51900,5
302,-9600,553,631,614000,5
551,-3163,477,923,46200,5
593,-3373,594,925,86000,5
401,-4860,272,747,39300,5
687,-6858,346,948,172000,5
297,-4434,568,920,24800,5
698,-5244,488,903,10300,5
329,-15705,668,317,72100000,5
385,-6283,640,922,369000,5
998,-5906,654,929,4680000,5
968,-6251,253,951,86200,5
584,-5870,556,864,958000,5
1020,-5059,264,986,410,5
1160,-5919,339,959,8370,5
2120,-2448,257,984,20900,5
484,-6353,588,897,656000,5
1390,-6123,538,863,495000,5
642,-5143,248,931,2420,5
904,-10661,329,885,2420000,5
357,-6556,532,833,195000,5
818,-4710,486,986,66200,5
511,-4633,623,881,247000,5
1120,-6091,440,984,284,5
730,-5312,553,941,22600,5
747,-6637,617,901,158000,5
869,-12297,162,777,340,5
1230,-3572,460,984,4980,5
964,-4244,392,961,2060,5
1430,-7605,458,965,22700,5
265,-14071,508,330,25900000,5
3020,-5218,754,759,15300000,5
348,-9943,589,358,75200000,5
824,-4836,449,994,10600,5
1060,-4196,508,989,1450,5
598,-7860,510,709,1250000,5
1960,-3421,523,983,124000,5
1240,-3865,469,850,1330000,5
1250,-5384,529,885,2720,5
429,-8676,494,878,876,5
1120,-4940,538,966,378,5
1260,-5478,494,960,3930,5
586,-4831,172,904,5370,5
520,-5877,353,898,2230,5
452,-3775,540,959,81700,5
4000,-7823,147,996,18200,5
718,-5599,483,941,33800,5
539,-4122,418,929,13100,5
1070,-2968,364,912,10400,5
534,-5693,383,978,448000,5
1430,-6456,481,981,14800,5
522,-6161,544,944,266000,5
612,-5562,686,932,1800000,5
505,-6632,533,954,966,5
363,-10796,173,872,60200,5
705,-4601,285,908,3180000,5
661,-3839,376,941,3040,5
335,-7527,430,581,1720,5
886,-7049,200,869,322000,5
1300,-6659,432,884,1270000,5
1550,-5017,220,972,16200,5
298,-5015,447,742,56900000,5
421,-4942,404,727,65100,5
1240,-6489,357,977,1600,5
764,-3079,548,965,9530,5
405,-6439,410,819,20700,5
2240,-5581,190,971,15200,5
1240,-7294,279,975,8830,5
375,-6761,381,539,2500,5
246,-4786,643,810,62600,5
682,-2462,447,975,18700,5
742,-7449,394,852,533000,5
1360,-2602,238,967,21300,5
371,-4860,509,837,43500,5
650,-9927,234,943,296,5
430,-6888,332,841,3340,5
335,-7790,380,691,156000,5
1410,-4888,434,956,3020,5
725,-4657,514,950,1090,5
1280,-1858,504,990,3380,5
403,-5684,570,919,194000,5
1450,-3259,427,993,131,5
509,-5110,320,887,6640,5
1490,-3634,352,956,7510,5
339,-6908,539,762,15800000,5
511,-3941,524,945,10400,5
487,-6751,437,794,181000,5
445,-5061,437,885,347,5
500,-6278,510,900,569000,5
490,-6416,242,870,521,5
718,-5599,483,941,33800,5
1910,-4451,151,992,2940,5
683,-6466,486,986,3550,5
571,-1558,473,963,104000,5
776,-2974,363,971,710,5
866,-6282,454,900,45500,5
767,-3129,433,970,105000,5
1460,-5821,495,974,1700,5
697,-4658,523,988,572,5
397,-8544,489,950,1500,5
1290,-4826,399,960,684,5
1780,-2985,401,973,73300,5
3020,-1986,206,988,45400,5
2260,-3883,408,953,532000,5
903,-4155,348,941,327,5
629,-5756,159,946,2350000,5
504,-5602,524,940,33700,5
1510,-2756,472,993,97800,5
526,-5200,670,864,9010000,5
562,-7152,450,939,7000,5
287,-7634,272,281,38800000,5
529,-3495,241,923,44600,5
966,-3661,499,934,4680000,5
1350,-4534,227,982,30600,5
1050,-4228,501,963,15300,5
1120,-5494,470,862,504000,5
1170,-5702,292,971,34300,5
802,-11786,497,909,2080,5
528,-8644,369,897,3060,5
709,-6081,459,923,9190,5
608,-6784,436,907,49300,5
1290,-5247,408,943,580000,5
318,-3677,649,903,84100,5
1370,-6033,175,972,2230,5
987,-3645,534,979,292000,5
679,-1884,139,912,16700000,5
952,-5161,368,993,966,5
1320,-3312,473,985,8910,5
619,-7552,508,855,60200,5
422,-5743,491,833,4690,5
803,-5619,440,975,3100,5
1560,-3868,584,976,432000,5
768,-3161,525,968,10500,5
838,-3229,480,988,3170,5
267,-6252,328,553,15600000,5
700,-3524,657,960,169000,5
496,-5655,302,686,2340000,5
426,-3479,573,981,40100,5
318,-6588,296,533,1190000,5
993,-5491,577,974,5180,5
1300,-6759,454,970,102000,5
444,-10614,344,955,540,5
925,-5584,296,892,129000,5
676,-4028,484,991,28900,5
432,-4683,507,873,561000,5
708,-4644,302,907,78400,5
540,-10709,475,728,144000,5
987,-4756,411,946,280000,5
387,-6611,405,621,2560000,5
650,-11546,367,856,6980,5
1260,-4054,238,946,14700,5
912,-4234,323,947,10200,5
1160,-5249,396,954,13500,5
731,-4369,445,980,2450,5
354,-4235,509,844,4500000,5
1040,-5394,487,953,20300,5
1770,-5135,352,936,5380,5
701,-11064,403,943,6170,5
1710,-3621,413,994,116000,5
363,-10027,516,824,6950000,5
415,-8728,245,861,25600,5
948,-5666,470,966,6440,5
660,-5459,593,949,5310,5
624,-5825,552,951,14400,5
353,-9700,459,580,872000,5
384,-7946,297,642,32000000,5
1590,-4214,523,979,2620,5
388,-6162,159,785,344,5
1000,-4654,259,976,1170,5
704,-6652,486,938,1790,5
1130,-1836,458,992,35000,5
1000,-4239,453,971,1690,5
1070,-5940,373,948,2430,5
531,-4399,546,945,31100,5
863,-8148,245,933,3430,5
461,-5243,563,937,11100,5
1140,-5605,508,986,17000,5
561,-7531,183,877,993,5
672,-6832,462,883,5280,5
1180,-6483,416,968,2680,5
806,-2802,512,971,2960,5
711,-4123,219,927,2270000,5
381,-7984,365,706,2100000,5
347,-8693,600,716,773000,5
723,-6693,442,937,368000,5
512,-7445,233,706,46000000,5
885,-3642,270,952,6510,5
448,-4998,564,947,781,5
452,-4148,550,960,884,5
1050,-4882,350,907,3080,5
382,-5270,540,789,414000,5
1350,-5776,413,973,3460,5
552,-3924,486,944,5250,5
1020,-4011,517,980,197,5
882,-3662,499,983,12300,5
752,-5468,453,978,2690,5
804,-8008,430,704,15500,5
511,-7765,494,958,3610000,5
1200,-9305,455,912,2570000,5
866,-6282,454,900,45500,5
773,-3080,568,993,2570000,5
479,-3011,461,961,639,5
369,-5139,310,832,2900,5
810,-13122,382,881,1280,5
646,-3589,220,970,1700,5
385,-6283,640,922,369000,5
491,-6163,219,829,670000,5
1490,-8108,209,951,34600,5
397,-5723,509,732,5510000,5
1150,-3779,170,982,1570,5
327,-3674,445,856,20200,5
1850,-3790,235,989,1910,5
658,-3635,187,938,2250,5
361,-5048,510,911,27600,5
587,-7006,411,801,111000,5
3010,-4818,123,983,1680,5
629,-3271,553,977,46800,5
528,-4918,189,872,3160,5
1050,-4481,362,974,4400,5
531,-6489,591,963,8740,5
1020,-5545,411,955,20100,5
1990,-1952,303,975,39600,5
1040,-3084,292,971,29800,5
787,-7246,679,768,25400000,5
870,-4197,252,884,19000,5
706,-6912,469,975,287,5
1090,-5509,280,908,3270000,5
734,-5063,463,965,960,5
1900,-6529,597,894,2370,5
804,-5181,339,959,15600,5
666,-7104,407,967,31600,5
3100,-2863,378,988,1670000,5
420,-10091,310,584,82700,5
598,-5294,310,921,1270,5
285,-6831,503,667,98400,5
1140,-9455,282,905,27800,5
357,-3413,700,937,21500,5
944,-5200,467,809,50600,5
825,-6470,490,940,700,5
738,-2970,504,911,512000,5
429,-3783,409,916,35800,5
588,-11849,204,912,1310,5
1050,-6526,493,938,4700,5
1350,-5303,371,973,64100,5
545,-6492,494,967,24500,5
499,-8735,499,898,2060,5
812,-7150,263,893,391,5
340,-9392,536,796,297000,5
405,-5881,297,872,11900,5
253,-10507,601,439,43000000,5
1570,-3636,401,969,24600,5
1070,-4230,396,981,13300,5
382,-5462,366,888,75900,5
545,-11458,393,850,47300,5
623,-5708,569,893,610000,5
311,-5653,287,716,3810000,5
1110,-3463,301,959,2540,5
1660,-3482,409,996,611,5
469,-4193,556,812,1710000,5
403,-4341,559,878,47100,5
399,-5834,419,775,4740,5
880,-5308,271,960,20700,5
493,-3965,557,978,39300,5
324,-9036,329,676,3660000,5
740,-5393,654,794,20300,5
1690,-4304,281,960,40500,5
1960,-5902,153,994,2600000,5
1190,-3127,472,989,5480,5
1140,-5566,416,921,2970,5
638,-4446,269,924,7570,5
1020,-6039,490,965,475,5
908,-4787,360,981,2380,5
3750,-10798,281,958,195000,5
291,-8256,180,364,46400000,5
469,-2188,427,946,11800,5
469,-2188,427,946,11800,5
890,-3226,530,984,411000,5
738,-2970,504,911,512000,5
682,-5229,638,912,30400,5
1090,-2977,367,979,704,5
558,-2623,265,920,18500,5
1400,-5335,141,999,385,5
1460,-7556,313,969,156,5
1750,-5956,367,903,4770000,5
790,-5443,499,956,7290,5
1340,-12757,215,805,129000,5
1050,-5000,331,917,8130,5
1230,-3572,460,984,4980,5
1220,-3244,483,993,15100,5
1540,-4330,424,980,85500,5
1270,-5909,498,961,7750,5
781,-12672,433,947,549000,5
791,-7873,476,795,10500,5
1040,-3084,292,971,29800,5
303,-10433,571,376,87400000,5
335,-9166,382,641,11400000,5
882,-5447,511,943,6290,5
1690,-6027,247,961,188,5
1080,-6237,404,903,12300,5
446,-5253,361,800,2200,5
492,-5086,277,881,5340,5
1550,-4058,420,959,209000,5
1970,-4724,349,974,843000,5
352,-6785,572,859,2940,5
1510,-4168,422,919,24500,5
527,-5403,431,776,2210,5
541,-4106,477,973,188000,5
363,-3537,473,898,734,5
2820,-5493,445,964,3700000,5
1890,-6214,420,949,18100,5
656,-2963,457,964,10000,5
342,-14292,482,330,83600000,5
1890,-4024,263,984,6220,5
1210,-5168,359,968,20900,5
459,-7670,338,673,344000,5
753,-2061,355,922,13000,5
721,-5863,559,931,318000,5
1600,-4335,259,965,61200,5
354,-6229,432,777,2380,5
1670,-4272,515,973,2110,5
562,-5145,457,967,40400,5
684,-3664,414,986,150000,5
769,-5238,574,943,3690,5
904,-5660,457,890,102000,5
1080,-5411,484,957,833,5
1110,-5083,433,971,2150,5
678,-5006,262,880,2550,5
695,-2684,481,970,1230,5
2510,-2572,419,992,32700,5
532,-7386,505,855,71300,5
1050,-4487,559,975,5690,5
586,-7007,533,841,1090,5
498,-5975,472,848,39600,5
441,-6481,215,752,71700,5
1720,-5259,429,995,258000,5
783,-4496,587,990,1720000,5
510,-6856,168,813,36100,5
376,-4006,641,956,37000,5
1160,-7070,189,995,286,5
595,-5006,480,970,3720,5
538,-6895,424,820,484000,5
319,-10403,501,652,2620000,5
439,-6891,478,834,138000,5
1070,-5104,311,959,50500,5
949,-7235,375,925,2060,5
423,-11142,586,726,35400000,5
2570,-3570,243,995,4070,5
2130,-5631,358,956,1450000,5
1450,-3220,542,990,324000,5
1240,-3128,179,978,273,5
378,-6935,443,858,84300,5
266,-5319,568,626,16200,5
377,-4277,443,781,1330,5
513,-5224,527,941,102000,5
4360,-4060,118,964,12000,5
469,-4193,556,812,1710000,5
1570,-6085,289,934,12100,5
2140,-5724,211,949,222000,5
1060,-5662,481,900,1100,5
281,-9367,322,280,46800000,5
938,-5648,359,847,27700,5
1090,-4362,420,985,4740,5
568,-6522,396,909,61500,5
839,-6823,441,936,898,5
2540,-5913,533,972,41000,5
544,-8237,486,750,1410000,5
567,-4336,473,957,52600,5
1210,-6803,575,943,69700,5
3220,-5943,290,955,66500,5
498,-7687,477,648,2540000,5
595,-2827,150,859,201000,5
544,-4120,395,756,1740,5
1550,-3415,459,926,2390000,5
493,-7759,500,850,40600,5
456,-3486,644,939,15700000,5
553,-7767,345,924,376000,5
854,-6453,293,998,22200,5
1280,-6013,195,884,3810,5
4730,-2318,252,957,268000,5
316,-7626,425,643,44600,5
523,-7787,357,905,395000,5
886,-5290,528,926,4300,5
420,-4726,396,956,8000,5
439,-5840,253,847,195000,5
503,-6556,481,928,187000,5
3030,-4432,286,977,99100,5
1200,-9305,455,912,2570000,5
1560,-4089,402,924,21000,5
265,-12441,533,411,1200000,5
412,-14268,524,752,3500,5
1500,-6951,475,953,29100,5
676,-13840,391,851,403000,5
398,-8764,246,605,3350,5
1710,-2103,241,973,10400,5
626,-4272,477,887,7680,5
439,-7141,464,972,7640,5
1620,-3490,366,969,3410,5
314,-15763,581,468,2510000,5
680,-4749,396,920,81600,5
705,-8907,568,928,135000,5
1220,-3918,533,960,153000,5
1250,-6366,332,995,3520,5
1300,-3436,497,990,77800,5
1160,-6629,464,957,98200,5
553,-4262,695,876,99600,5
1570,-3636,401,969,24600,5
1630,-4093,80.9,993,5490,5
661,-3839,376,941,3040,5
667,-7205,409,915,444000,5
2470,-2785,225,967,16800,5
825,-4490,374,903,75000,5
1070,-6172,554,918,2860,5
347,-8836,445,768,1270000,5
470,-9313,390,799,792000,5
490,-9291,413,758,5850,5
886,-7049,200,869,322000,5
1680,-3695,487,976,1120000,5
2590,-5361,491,961,9580,5
311,-5653,287,716,3810000,5
534,-4606,422,874,16600,5
493,-3965,557,978,39300,5
422,-5743,491,833,4690,5
1230,-5385,375,927,11100,5
902,-3630,566,886,34800,5
1200,-5439,409,920,719000,5
363,-8718,416,466,406000,5
680,-9096,324,843,125000,5
1000,-5773,363,940,13100,5
4080,-6907,224,938,157000,5
634,-8055,244,816,33500,5
399,-7210,445,776,237000,5
2070,-2949,456,985,23500,5
1220,-3918,533,960,153000,5
1510,-4254,354,994,3380,5
766,-3167,540,968,429000,5
1620,-3490,366,969,3410,5
915,-4755,439,984,625,5
1300,-6659,432,884,1270000,5
460,-5607,425,852,1750000,5
447,-4972,482,909,17900,5
278,-8649,543,643,448000,5
1160,-4793,419,966,5910,5
589,-7182,436,950,52100,5
1840,-3963,168,979,844,5
353,-9090,246,431,804000,5
966,-3661,499,934,4680000,5
2140,-4701,229,969,19200,5
1020,-8753,289,914,158,5
745,-2654,562,991,3730000,5
1670,-4501,490,977,638,5
707,-6725,673,911,36700,5
660,-5459,593,949,5310,5
397,-5861,344,856,317,5
553,-7767,345,924,376000,5
503,-4759,452,949,9190,5
1680,-6952,278,937,53500,5
497,-6046,549,920,105000,5
351,-6537,498,745,16700,5
823,-8258,464,965,1110,5
1760,-2492,503,967,3160,5
279,-5658,555,798,254000,5
723,-6693,442,937,368000,5
1090,-4083,483,941,2660,5
2720,-6622,458,937,111000,5
500,-6135,521,929,1030,5
716,-4818,348,973,45700,5
619,-2293,334,982,9110,5
447,-5314,553,937,258000,5
594,-5618,511,912,2470000,5
2110,-3290,466,965,112000,5
511,-3181,409,916,24800,5
427,-8639,546,724,27300,5
986,-6309,524,955,1900,5
2190,-5725,381,975,2300000,5
1420,-3138,573,949,7570,5
1060,-3657,371,964,10600,5
695,-8151,105,756,58500,5
397,-5064,648,813,13100000,5
857,-5664,362,961,2400000,5
1320,-4142,373,992,2700,5
343,-11406,458,377,57500000,5
385,-5773,510,944,5680,5
1070,-4549,473,953,3970,5
360,-6726,521,760,165000,5
773,-4182,359,938,364000,5
566,-6342,424,856,4140,5
473,-4557,482,916,3510,5
618,-2722,478,969,2060,5
1960,-3421,523,983,124000,5
530,-6067,329,864,18800,5
332,-5488,660,760,60100,5
1450,-3753,374,982,113000,5
660,-5446,447,876,35900,5
1600,-578,472,996,687000,5
1580,-8325,426,649,3880000,5
1870,-2348,473,927,415000,5
311,-5497,485,802,24300,5
555,-9120,225,689,46900000,5
491,-3912,520,950,678,5
1420,-4997,437,995,783,5
350,-4760,503,681,35900000,5
519,-4763,527,944,10500,5
320,-7243,402,647,281000,5
1200,-3880,278,961,5850,5
855,-4205,306,883,1210,5
1070,-6586,325,980,0,5
484,-4880,383,952,991,5
3110,-12731,694,647,26800000,5
1010,-2642,427,992,1630,5
642,-5205,551,918,1500000,5
381,-5132,460,540,3240000,5
1370,-5177,381,960,2310,5
590,-4564,479,963,30600,5
591,-9138,426,932,13800,5
487,-5122,344,920,634000,5
515,-4534,510,939,306000,5
304,-6873,520,761,59600,5
330,-7594,668,867,66600000,5
436,-7422,267,671,3140,5
727,-4478,730,907,11100,5
443,-5950,417,857,39800,5
1560,-4751,780,919,3890000,5
1510,-3325,365,940,72700,5
1290,-2148,504,956,27400,5
1050,-6526,493,938,4700,5
487,-8931,286,638,6000000,5
1030,-3952,446,997,9440,5
611,-8247,584,692,42500,5
1770,-6648,476,971,10000,5
313,-6707,419,830,249000,5
633,-5554,282,903,4250,5
518,-7040,198,756,229000,5
867,-6550,154,923,293,5
1850,-5143,447,994,142,5
467,-6310,520,709,7690000,5
434,-6731,386,911,16300,5
410,-3830,584,913,6630000,5
405,-8872,498,833,16500,5
862,-5153,390,893,280000,5
631,-6655,422,901,9220,5
1260,-5478,494,960,3930,5
880,-8604,543,851,605000,5
544,-5705,521,915,1690,5
795,-4860,391,940,645000,5
1780,-3578,509,993,1010,5
425,-5336,514,823,27300,5
844,-3389,693,871,358000,5
920,-6882,168,917,0,5
515,-5928,538,743,3430000,5
560,-4351,522,977,524,5
810,-5959,465,957,11100,5
1590,-2861,590,972,180000,5
341,-11633,486,487,44500000,5
383,-5861,522,853,7440,5
953,-3951,170,986,789,5
732,-7337,356,937,2470,5
1800,-3020,236,903,6050,5
673,-4324,579,934,46900,5
1250,-5777,603,898,835000,5
989,-10531,259,915,2140000,5
1560,-3689,576,965,20900,5
912,-4159,681,912,75700,5
520,-5877,353,898,2230,5
1820,-4621,484,987,21200,5
589,-8062,505,924,5600,5
2000,-5728,117,983,291,5
708,-6097,527,960,11500,5
1040,-7469,226,908,9010,5
499,-5239,364,962,742,5
424,-8824,362,797,328000,5
1230,-3323,333,972,27300,5
704,-5426,530,893,27000,5
363,-10661,520,274,84300000,5
555,-2332,496,947,14800,5
303,-4733,571,853,3370,5
568,-6514,307,748,21200000,5
3750,-10798,281,958,195000,5
1420,-6881,302,963,1260,5
272,-7052,438,471,455000,5
1280,-5462,502,976,1170,5
1700,-8582,601,831,86000,5
1030,-6696,309,805,1300,5
986,-6352,547,922,211000,5
784,-6373,501,986,48900,5
2140,-5724,211,949,222000,5
524,-14959,320,553,491000,5
916,-4092,413,987,53100,5
2670,-4853,334,971,4090,5
554,-10068,564,932,1300000,5
506,-6300,460,969,4330,5
818,-4677,486,972,68500,5
915,-6686,399,940,1700,5
645,-4198,468,977,499,5
816,-5820,462,974,2940,5
1480,-5716,287,950,2650,5
1710,-2997,291,974,1770000,5
474,-5717,523,810,67600,5
540,-8516,606,853,170000,5
637,-4184,566,909,5810,5
1700,-3601,291,987,4720,5
409,-7540,474,872,52100,5
1350,-2924,284,948,17300,5
520,-5877,353,898,2230,5
740,-6274,468,982,763,5
1280,-6820,133,996,40200,5
429,-20968,506,251,70600000,5
625,-4039,592,870,4620,5
708,-3405,656,932,347000,5
853,-4179,526,955,194000,5
424,-7247,490,872,24700,5
1110,-6719,486,763,154000,5
1120,-5772,496,948,10800,5
677,-5512,319,945,12800,5
535,-4570,385,927,1670,5
1020,-4115,593,979,2430,5
1430,-3298,393,977,9780,5
697,-5078,311,879,2260,5
1010,-5193,175,972,395,5
1430,-3323,380,961,74400,5
1310,-2307,428,978,28600,5
449,-11541,274,726,21200,5
1160,-2838,499,970,68300,5
1660,-3927,220,964,493,5
477,-3777,490,951,2020,5
1400,-6191,200,968,73400,5
1560,-4089,402,924,21000,5
653,-4483,474,925,384,5
287,-7634,272,281,38800000,5
769,-11514,429,631,7850,5
699,-3382,535,980,189000,5
502,-3068,483,937,33700,5
755,-4864,314,955,574,5
377,-5148,396,781,158000,5
1160,-2782,599,979,42500,5
439,-7141,464,972,7640,5
1650,-3613,508,988,8450,5
1220,-3918,533,960,153000,5
540,-4016,659,880,403000,5
394,-4930,572,838,22300,5
1890,-4205,587,923,74000,5
503,-6486,283,869,1750,5
470,-9715,657,535,32900,5
775,-3492,392,937,85500,5
783,-4568,395,962,1360,5
977,-5888,170,818,169000,5
358,-7448,477,843,429000,5
1040,-3084,292,971,29800,5
652,-5869,529,960,4980,5
1350,-5303,371,973,64100,5
1040,-1960,290,971,3680000,5
752,-5468,453,978,2690,5
515,-6243,350,835,424000,5
356,-6678,225,880,23900,5
582,-5566,393,874,3110,5
1230,-8067,339,971,39500,5
315,-5286,446,852,28900,5
1020,-4115,593,979,2430,5
460,-7070,512,875,161000,5
992,-5134,284,951,18900,5
584,-6424,526,845,1160,5
379,-7801,562,671,873,5
1310,-4322,396,968,5490,5
3610,-3133,408,967,1040000,5
403,-3458,426,881,110000,5
1470,-7164,224,936,310000,5
1220,-4172,450,977,426,5
285,-6831,503,667,98400,5
1880,-4488,335,931,11200,5
1020,-4050,511,996,4220,5
551,-4842,447,913,1020,5
380,-6237,377,758,4590000,5
292,-8513,448,526,690000,5
1180,-1761,454,993,18200,5
840,-4676,530,990,96800,5
831,-4887,479,931,263000,5
1530,-4157,478,972,114000,5
665,-7016,330,850,242000,5
279,-5658,555,798,254000,5
587,-5580,585,969,131000,5
820,-5996,573,929,218000,5
613,-9060,457,759,73600,5
626,-4272,477,887,7680,5
529,-7041,585,871,231000,5
530,-5870,599,816,154000,5
2810,-6823,428,781,6750000,5
725,-5723,359,830,21700,5
650,-4221,141,938,7680,5
1180,-4129,447,979,89300,5
794,-6481,336,699,33400,5
283,-7560,396,415,84600000,5
1530,-4149,526,972,31800,5
1370,-3620,512,988,556,5
322,-3226,458,783,34600000,5
712,-5697,463,962,76100,5
430,-3876,471,900,92200,5
335,-10636,660,836,5320000,5
612,-5232,540,934,3260,5
412,-4612,320,909,1620,5
1920,-5561,248,924,2000,5
733,-3610,575,959,31800,5
1610,-5137,166,995,3520,5
1030,-4867,471,932,245000,5
939,-6313,342,926,3960,5
737,-8683,506,882,65500,5
415,-13169,352,650,254000,5
802,-4777,298,934,41400,5
447,-6383,499,794,68700,5
362,-5078,354,867,4640,5
677,-3873,458,951,10500,5
281,-7086,506,724,11400,5
1050,-5983,493,830,30800,5
450,-5942,484,913,13000000,5
515,-4543,508,958,514,5
445,-4376,614,955,2530000,5
852,-4843,585,931,119000,5
995,-4141,290,955,26600,5
877,-6812,186,922,11300,5
270,-4649,615,883,17200000,5
1190,-5520,224,956,5980000,5
874,-2154,186,943,680000,5
1030,-3435,477,940,21100,5
748,-4410,569,883,8070,5
1670,-2898,417,989,6670,5
1730,-6361,433,985,44100,5
516,-5215,333,938,49300,5
510,-5273,149,738,395000,5
607,-12229,567,627,678000,5
2090,-4186,448,990,52400,5
336,-5015,372,599,12600000,5
932,-2215,421,949,18900,5
1020,-4002,160,949,217,5
314,-9338,415,530,209000,5
256,-10025,524,613,1350000,5
442,-3521,498,903,229000,5
921,-4936,376,956,7250,5
1640,-4102,486,991,2090,5
626,-2672,503,960,9250,5
418,-5621,554,850,60000,5
644,-5518,349,934,15200,5
590,-6218,377,867,1360000,5
530,-2930,535,950,17200,5
950,-6129,197,875,267000,5
398,-6117,444,911,1390000,5
1280,-6664,428,874,33700,5
579,-5709,522,872,23600,5
673,-4483,433,943,1460,5
591,-4871,489,940,22700,5
837,-5601,449,920,286000,5
1240,-8977,170,816,48200000,5
1460,-4111,332,988,7650,5
454,-13873,807,189,69400000,5
1300,-3798,439,975,10500,5
1000,-8505,219,908,192,5
938,-9754,169,550,1150000,5
1870,-3790,211,983,651,5
544,-5197,569,901,555000,5
1930,-2583,207,977,1410,5
871,-6123,389,921,43200,5
913,-3144,414,978,26800,5
290,-10057,307,433,38800000,5
1200,-4084,368,981,2020,5
450,-5503,472,851,8430,5
661,-3304,525,931,238000,5
546,-4643,220,903,566000,5
571,-4446,529,943,5110,5
894,-2795,262,928,8080,5
431,-8261,449,854,4620,5
724,-9914,324,683,1740000,5
1980,-3823,326,962,128000,5
268,-11788,462,441,52100000,5
410,-7036,468,769,14000,5
673,-5827,441,955,6570,5
1910,-2627,363,994,1680,5
649,-4264,367,983,949,5
1060,-3757,492,954,33300,5
690,-2135,271,987,585000,5
2610,-2693,451,889,167000,5
1340,-3174,351,995,17700,5
330,-8441,407,638,2870000,5
910,-5467,495,980,17700,5
787,-2555,552,988,10800,5
649,-6142,553,924,50100,5
532,-6332,435,841,19000,5
1560,-3868,584,976,432000,5
586,-3209,402,873,484000,5
756,-3761,409,952,1230,5
403,-3638,518,950,29900,5
507,-5370,634,871,100000,5
765,-9701,415,908,437000,5
552,-5510,574,989,28100,5
1020,-3362,479,979,2680,5
1590,-2832,483,974,11400,5
399,-6979,209,662,1470000,5
932,-2215,421,949,18900,5
917,-6223,425,938,254000,5
853,-4845,478,971,98700,5
295,-9145,536,592,118000,5
553,-4262,695,876,99600,5
755,-4024,467,901,45000,5
557,-4222,525,890,135000,5
520,-6709,364,752,710000,5
590,-4564,479,963,30600,5
4730,-2318,252,957,268000,5
798,-3459,395,973,454,5
1430,-4405,348,977,93600,5
511,-7396,276,836,266000,5
435,-7152,305,800,90800,5
1270,-4197,428,987,53400,5
405,-4069,464,848,37100,5
376,-5788,600,849,1740000,5
1020,-6713,515,926,70500,5
592,-4495,539,982,1420,5
1370,-5699,270,970,10900,5
724,-7223,472,832,95800,5
1060,-3902,363,976,1590,5
673,-8588,442,949,6890,5
497,-5371,488,875,737000,5
631,-2593,402,971,66200,5
616,-6608,286,728,17400,5
1100,-3166,505,978,16300,5
1300,-9518,89.5,853,575,5
669,-5352,97.5,897,188,5
1200,-7486,358,893,2220000,5
484,-6353,588,897,656000,5
2350,-2158,468,998,40500,5
1290,-5059,511,955,40000,5
465,-9025,532,941,57900,5
1120,-9116,168,974,3050,5
712,-5697,463,962,76100,5
314,-7982,439,655,2830,5
1120,-4508,406,974,17900,5
727,-4231,173,929,177000,5
1550,-3245,477,965,70600,5
355,-3836,452,915,951,5
881,-5023,551,953,67900,5
292,-7961,354,626,2230000,5
803,-5619,440,975,3100,5
1010,-6009,392,977,3780,5
1080,-5436,526,978,122000,5
295,-11931,577,676,89500,5
1480,-4669,541,958,54500,5
537,-4043,501,971,899000,5
293,-8957,564,615,17400000,5
585,-9354,499,905,18600,5
4770,-4700,277,991,181000,5
289,-9314,323,515,48400000,5
700,-3524,657,960,169000,5
1280,-8555,425,937,8180,5
305,-6350,626,721,140000,5
1080,-6999,506,991,1910,5
429,-3694,435,901,30300,5
701,-11233,203,881,868,5
477,-3825,380,988,1620,5
1100,-5030,513,946,3350,5
862,-7941,149,908,1710,5
557,-5848,341,872,169000,5
485,-6228,518,920,1920,5
1820,-2115,303,982,26300,5
703,-8854,379,822,30800,5
385,-5840,538,910,120000,5
324,-6003,492,678,221000,5
1070,-5371,75,929,451,5
302,-10535,517,734,31300,5
614,-3890,195,960,93300,5
508,-5978,250,976,525,5
2360,-3849,363,987,836,5
712,-5697,463,962,76100,5
774,-9124,411,885,42500,5
876,-6093,506,966,29600,5
1730,-4902,214,968,4730,5
536,-4151,413,873,26400,5
673,-9020,343,928,282,5
3200,-2653,261,992,10100,5
787,-4928,554,949,31800,5
263,-11218,553,362,4580000,5
1590,-3334,457,962,51500,5
353,-9110,543,836,64700,5
498,-11883,263,679,20200000,5
1560,-6742,534,976,58200,5
1210,-4544,271,933,28000,5
1180,-7228,131,975,161,5
331,-7344,527,789,220000,5
826,-4240,455,965,67600,5
1090,-5509,280,908,3270000,5
1340,-4716,270,991,2660,5
744,-6262,432,949,1430,5
353,-4910,450,872,180000,5
817,-8666,414,852,30700,5
313,-8970,348,668,275000,5
652,-3785,483,893,1800000,5
1160,-5468,391,984,15100,5
401,-7116,467,851,364000,5
415,-7193,496,739,2110000,5
324,-7262,581,791,835000,5
634,-5787,109,904,435,5
1730,-5552,255,950,829000,5
585,-9631,515,687,116000,5
420,-9234,563,784,10000000,5
330,-4276,505,954,39500,5
986,-5411,317,898,1930,5
1210,-5792,443,991,719,5
400,-3977,572,825,7130,5
1700,-6904,207,993,5590,5
831,-9724,449,797,530000,5
837,-5214,619,871,33700,5
292,-8513,448,526,690000,5
1360,-3387,193,994,1410,5
1380,-2642,462,972,285000,5
663,-2908,197,956,7610,5
1090,-4839,468,977,2600,5
2090,-3615,195,991,1400,5
662,-5263,385,920,1200,5
333,-8723,534,634,188000,5
2550,-2535,339,984,9590,5
1330,-4793,574,913,6100000,5
339,-3668,553,853,68400,5
351,-6537,498,745,16700,5
271,-6660,595,489,49700000,5
471,-11674,276,639,1780000,5
804,-8008,430,704,15500,5
1140,-3234,522,992,58500,5
672,-5917,459,973,71800,5
300,-6493,274,606,962000,5
380,-6215,768,852,21400000,5
657,-6515,437,916,2370,5
1430,-3179,175,993,5810,5
1360,-3712,250,946,963000,5
946,-5970,355,928,21900,5
568,-4682,366,894,3450,5
660,-2859,426,961,766,5
769,-5238,574,943,3690,5
414,-3720,511,970,560,5
759,-3542,375,991,2120,5
414,-13954,112,404,87100000,5
956,-6835,457,911,11000,5
900,-3937,159,978,267000,5
1880,-4488,335,931,11200,5
300,-9850,407,395,84400000,5
798,-4469,430,962,105000,5
325,-6368,342,938,1870000,5
540,-9267,312,777,9640,5
401,-4860,272,747,39300,5
500,-3835,566,963,61800,5
315,-6308,400,718,138000,5
402,-10043,349,816,16200,5
591,-12019,464,612,11600000,5
768,-4669,100,804,684,5
676,-4028,484,991,28900,5
672,-6147,518,858,563000,5
590,-4564,479,963,30600,5
832,-4632,175,945,22600,5
390,-7689,402,860,143,5
572,-3339,392,969,664,5
1190,-3031,308,984,3930,5
895,-5640,242,998,812,5
920,-8816,615,477,5580000,5
705,-6351,98.6,861,255,5
601,-6939,404,961,675,5
418,-5531,462,821,1200000,5
564,-5542,582,692,14400,5
1160,-3980,323,983,14700,5
493,-3965,557,978,39300,5
1180,-13019,95.1,978,89000,5
1710,-3358,603,933,591000,5
658,-3882,520,954,73600,5
1580,-3922,555,946,11600,5
1660,-3997,335,953,18400,5
613,-9328,171,713,251,5
1210,-5246,227,996,2920,5
535,-9601,688,375,28600000,5
426,-9251,460,756,3710000,5
717,-5997,424,885,91500,5
862,-6289,566,939,173000,5
557,-10068,621,834,77900,5
527,-7427,503,903,2180000,5
561,-4332,436,951,123000,5
303,-10478,309,499,6030000,5
1380,-5050,465,936,8840,5
317,-6219,572,835,17100000,5
745,-4633,437,932,234000,5
495,-9372,654,744,44900000,5
387,-8625,477,859,33300,5
657,-6288,230,950,17300,5
492,-10531,271,707,2160000,5
336,-10490,424,215,95800000,5
370,-4773,494,881,1110000,5
730,-4608,543,937,20600,5
769,-2473,514,963,11200,5
314,-11064,508,292,86000000,5
1000,-3203,306,995,2980,5
354,-6410,523,909,298000,5
333,-6113,568,905,8050,5
1950,-2485,211,993,4010,5
1030,-7719,184,954,1220,5
942,-5606,180,931,147,5
1670,-9859,309,931,2160,5
741,-4627,517,977,4970,5
254,-7699,521,721,348000,5
1550,-3245,477,965,70600,5
584,-5558,282,963,65100,5
562,-8030,156,901,1990,5
1300,-8113,504,964,253,5
858,-4615,489,953,2000000,5
286,-2135,428,599,6650000,5
1700,-5846,205,911,57200,5
1290,-3237,261,985,18700,5
802,-4043,463,984,7710,5
851,-3490,355,938,40100,5
466,-7049,285,825,82600,5
764,-8279,295,833,1400000,5
2920,-2216,450,993,3450,5
950,-6359,192,978,603,5
596,-3685,503,979,102000,5
992,-4589,538,984,14900,5
688,-3715,474,974,226,5
576,-6604,451,926,114000,5
398,-7275,574,764,535000,5
427,-7857,226,653,10100000,5
1560,-3868,584,976,432000,5
1350,-8770,329,974,85200,5
943,-5362,336,969,1490,5
541,-5034,295,878,112000,5
407,-6769,218,749,1790,5
4730,-2318,252,957,268000,5
514,-4869,305,884,3850000,5
1860,-4403,244,969,5410,5
888,-2315,492,979,36700,5
2150,-6128,231,988,3510,5
429,-7809,332,715,2720000,5
584,-3675,418,907,10100,5
2330,-1437,300,993,53400,5
918,-2530,428,995,2060,5
296,-14216,474,369,2910000,5
397,-11565,358,471,39100000,5
580,-4266,439,970,5650,5
1050,-5000,331,917,8130,5
466,-7049,285,825,82600,5
926,-6105,147,888,5180,5
624,-12476,238,759,40700,5
737,-4596,355,867,6600000,5
885,-1752,426,980,7400,5
895,-5640,242,998,812,5
302,-6074,354,581,20300000,5
1080,-3374,355,942,9870,5
621,-5282,531,921,23600,5
553,-9100,373,924,11000,5
1570,-3928,214,942,35900,5
447,-5857,402,892,174,5
1000,-4070,228,969,27500,5
2500,-2583,200,985,5200,5
564,-5927,489,953,4000,5
753,-4993,574,850,312000,5
810,-4170,736,811,132000,5
454,-2387,520,886,128000,5
319,-7329,423,738,35900000,5
1290,-4204,474,977,35000,5
324,-7339,622,812,8530,5
987,-3645,534,979,292000,5
866,-3740,383,945,175000,5
3160,-3769,310,991,13200,5
935,-11251,622,791,6110000,5
631,-2940,169,956,127000,5
374,-6156,506,880,2540,5
546,-3802,618,915,63400,5
849,-6233,472,915,112000,5
505,-6632,533,954,966,5
764,-7161,459,934,2630,5
672,-6832,462,883,5280,5
723,-8175,380,753,80100,5
568,-5165,565,968,1330,5
2020,-4470,411,977,44900,5
1500,-4671,552,947,65200,5
1480,-3481,438,947,92700,5
579,-5709,522,872,23600,5
358,-16129,606,457,9870000,5
567,-5665,570,945,17000,5
880,-4457,476,984,1400,5
645,-4352,466,919,30200,5
966,-7128,418,939,12900,5
1260,-3907,370,985,8580,5
631,-4691,418,967,1560,5
918,-3374,294,960,3050,5
1710,-4310,377,975,1340,5
1000,-5689,446,972,126,5
1020,-4787,585,907,7210,5
1630,-3851,431,978,348,5
347,-4728,423,808,80900,5
828,-5220,167,932,1570,5
1570,-2706,469,993,1060,5
579,-3686,509,904,2610,5
498,-6048,247,897,27900,5
738,-4425,410,959,359,5
1130,-1547,533,977,162000,5
411,-28353,307,24,83100000,5
463,-3974,491,966,9120,5
1410,-3367,166,988,1130,5
954,-9648,189,950,371000,5
966,-3935,423,991,8390,5
1650,-3144,401,989,1060,5
1230,-3323,333,972,27300,5
476,-5267,187,777,66900,5
564,-4556,502,912,2550,5
1080,-2869,525,989,21600,5
924,-4519,315,895,216000,5
1240,-5858,110,969,321,5
1450,-3220,542,990,324000,5
1660,-2364,366,994,191000,5
1140,-6897,197,962,70000,5
569,-5858,477,972,5240,5
875,-4130,308,916,2020,5
279,-5658,555,798,254000,5
1000,-5773,370,963,3050,5
350,-6951,365,538,39000,5
402,-3736,600,833,3680,5
331,-5492,546,882,4660,5
274,-5342,477,721,663000,5
895,-5236,544,985,106000,5
412,-4612,320,909,1620,5
408,-12876,531,378,2270000,5
427,-11030,591,564,1260000,5
412,-6956,398,667,147000,5
869,-10671,473,783,1250000,5
2410,-3474,233,971,57900,5
1340,-3790,445,995,209000,5
256,-7408,493,636,6290000,5
267,-6252,328,553,15600000,5
409,-5145,652,894,404000,5
637,-5055,556,929,7360,5
242,-8096,525,619,12700000,5
874,-3139,358,959,364000,5
1090,-10595,261,935,2260,5
987,-3720,426,888,45500,5
1250,-3186,529,983,2410,5
1290,-4204,474,977,35000,5
556,-9439,290,717,2710,5
687,-7521,317,905,63900,5
813,-4335,220,985,1580000,5
442,-5242,521,895,5540,5
1610,-4995,184,964,3700,5
316,-12343,639,701,69900000,5
935,-11521,523,706,3070000,5
1460,-5847,223,992,161,5
1210,-4846,416,954,4790,5
1720,-3366,356,995,326,5
269,-5146,596,857,26100,5
1090,-4473,597,952,873000,5
1170,-2990,558,982,171000,5
1480,-4739,242,973,2570,5
390,-9902,467,688,2590000,5
380,-4124,481,909,1560,5
673,-2278,406,945,4950,5
1970,-4250,263,965,1420,5
915,-6686,399,940,1700,5
368,-5726,523,891,34700,5
738,-6307,281,944,12700,5
832,-3463,541,980,17200,5
447,-6383,499,794,68700,5
407,-6297,331,904,629000,5
3150,-4615,317,954,2600,5
557,-10068,621,834,77900,5
976,-6960,226,880,30400,5
477,-2652,396,947,115000,5
384,-8477,342,712,494,5
951,-7683,354,906,35800,5
351,-7886,236,819,7840,5
850,-4300,596,909,22400,5
567,-14667,231,904,1020,5
1430,-3347,214,931,70500,5
368,-5726,523,891,34700,5
582,-3289,128,991,1110,5
869,-10671,473,783,1250000,5
435,-3314,497,886,929000,5
432,-5519,475,908,3370,5
1310,-2544,334,968,2930,5
1790,-4744,364,953,2010,5
1140,-2100,512,996,5630,5
1710,-3621,413,994,116000,5
1090,-4362,420,985,4740,5
1030,-6539,247,963,249000,5
484,-4880,383,952,991,5
750,-4936,458,951,25400,5
511,-9951,328,903,4030,5
718,-5599,483,941,33800,5
723,-5546,131,945,310,5
1290,-3237,261,985,18700,5
442,-5242,521,895,5540,5
493,-7759,500,850,40600,5
755,-4802,602,935,84400,5
408,-4921,504,839,8920,5
585,-5310,626,974,19600,5
1500,-4294,458,984,644,5
2920,-2216,450,993,3450,5
939,-6880,101,952,0,5
316,-5209,409,788,321,5
531,-6489,591,963,8740,5
334,-10391,364,729,2050,5
1700,-3675,413,987,40300,5
751,-1026,460,949,26000,5
937,-11394,409,730,7060,5
633,-4992,455,997,836,5
324,-16163,396,495,22100000,5
442,-7383,430,887,273000,5
1920,-3334,298,953,37500,5
325,-3600,418,886,112000,5
522,-5405,529,908,2460,5
385,-14298,230,333,84300000,5
1170,-11399,431,950,10900,5
280,-11101,466,648,230000,5
656,-6982,253,845,142000,5
716,-4155,479,929,1090000,5
831,-4234,486,961,22000,5
1240,-4561,372,935,1650,5
560,-14943,477,529,63000000,5
449,-4485,511,947,63900,5
457,-6104,384,790,518000,5
587,-5452,610,891,80500,5
2140,-5724,211,949,222000,5
1450,-3848,270,957,52500,5
1230,-4413,366,929,8190,5
404,-7550,322,878,646000,5
1010,-7263,209,927,182,5
582,-3289,128,991,1110,5
865,-1719,225,948,137,5
1310,-3341,511,993,32600,5
487,-6336,556,955,191000,5
1610,-3175,515,984,184,5
1190,-10208,492,729,6930000,5
405,-7537,578,826,2160,5
1560,-7368,503,943,2770,5
974,-3318,268,962,1030,5
427,-4567,545,903,3500,5
466,-12190,550,591,81700,5
362,-9751,185,468,69400000,5
2690,-4377,233,967,48300,5
2850,-2401,300,992,11700,5
1190,-3796,497,970,24600,5
870,-4882,293,978,5510,5
2150,-2494,506,964,2210,5
590,-5671,308,866,73900,5
1160,-7160,174,821,1540,5
574,-5509,532,767,287000,5
1470,-5251,492,982,8870,5
358,-7495,512,796,2040,5
1540,-4817,176,963,297,5
380,-6237,377,758,4590000,5
594,-5336,255,990,206,5
837,-7009,385,848,18500,5
909,-5421,306,980,3720,5
754,-4770,560,903,132000,5
332,-5863,602,862,766,5
435,-6944,476,849,69600,5
700,-3524,657,960,169000,5
892,-3091,482,977,608000,5
1200,-5878,441,941,1110000,5
827,-5417,426,980,174000,5
1510,-3941,325,985,177000,5
1800,-2586,522,977,165000,5
871,-5357,542,925,1370000,5
576,-8515,360,946,35100,5
1310,-3295,232,963,5570,5
793,-6344,340,950,1490,5
647,-6028,666,793,219000,5
533,-4402,391,960,591,5
837,-4107,402,925,0,5
734,-4647,600,931,2960000,5
1190,-4121,526,989,8350,5
1190,-4788,490,977,3530,5
1640,-4253,322,931,8530,5
467,-6240,377,871,381000,5
515,-4151,510,815,48300,5
1700,-1509,304,968,15600,5
592,-4495,539,982,1420,5
785,-5909,463,945,35200,5
432,-5673,464,920,143000,5
1020,-6713,515,926,70500,5
3210,-6927,335,849,193000,5
1280,-5352,415,950,78000,5
1070,-4008,454,913,40800000,5
612,-5875,445,959,3160,5
2410,-4953,477,994,11500,5
1310,101,529,992,101000,5
1210,-5168,359,968,20900,5
597,-7704,263,892,1520,5
2710,-2865,381,982,71000,5
579,-6918,301,822,880,5
572,-5490,446,861,72100,5
1510,-6120,256,934,144000,5
511,-6724,498,901,102000,5
914,-5478,443,969,4420,5
571,-7493,575,942,23100,5
277,-14117,597,466,32500000,5
312,-6329,390,758,114000,5
354,-7112,636,743,23100,5
343,-6356,328,738,9020,5
2020,-1524,556,997,1070000,5
854,-4954,429,971,135000,5
2890,-4054,278,993,87800,5
685,-5955,429,958,25800,5
1050,-6246,425,925,2220,5
326,-4159,437,891,32400,5
387,-4358,580,916,29700,5
435,-6944,476,849,69600,5
535,-3378,534,969,35900,5
527,-6563,448,967,1790,5
844,-3257,416,927,3290,5
710,-7004,355,973,35900,5
937,-2890,322,992,3640,5
764,-5749,232,982,1380,5
3340,-4005,279,969,41800,5
556,-9439,290,717,2710,5
1500,-8651,474,977,2400000,5
932,-3422,371,945,4270,5
1410,-4844,273,934,7390,5
2020,-4556,413,965,31700,5
538,-6895,424,820,484000,5
724,-6548,364,935,858,5
722,-6302,352,966,3340,5
448,-8308,230,955,341000,5
682,-6727,199,967,15300,5
1730,-3282,193,951,10200000,5
512,-6645,359,854,1680,5
546,-6244,547,949,38000,5
322,-3226,458,783,34600000,5
655,-7245,418,915,159000,5
1500,-4216,356,963,29600,5
506,-2430,436,761,127000,5
427,-9186,386,713,9190000,5
642,-3214,519,961,20700,5
619,-4919,289,922,48800,5
510,-4632,409,880,21100,5
5010,-7436,384,885,465000,5
1720,-3071,437,984,471000,5
806,-4350,471,973,2290,5
669,-5188,249,943,2860000,5
1130,-2236,489,994,2050,5
2120,-2448,257,984,20900,5
616,-4702,536,849,318000,5
531,-6489,591,963,8740,5
721,-3078,473,988,438000,5
1150,-5875,371,994,286,5
808,-8804,232,931,413000,5
537,-3605,446,933,2550,5
335,-11528,469,679,373000,5
364,-5175,502,890,14700,5
1310,-4294,520,962,792,5
322,-7257,298,584,4350000,5
998,-5906,654,929,4680000,5
915,-4290,577,959,8680,5
719,-6505,430,778,228000,5
1050,-4974,487,975,7470,5
431,-2851,441,796,1670000,5
961,-6833,409,943,2260,5
1700,-3601,291,987,4720,5
825,-4490,374,903,75000,5
1090,-4058,589,942,160000,5
1370,-4140,514,962,20800,5
1050,-3131,382,959,2160,5
1140,-4092,243,981,3420,5
420,-10091,310,584,82700,5
1400,-2688,538,981,662000,5
347,-7848,550,824,36200,5
844,-3089,349,927,60900,5
403,-4341,559,878,47100,5
892,-7294,478,953,3280000,5
767,-3129,433,970,105000,5
330,-4206,588,851,3440000,5
637,-5469,197,855,51600,5
484,-1844,196,893,1620,5
567,-5665,570,945,17000,5
706,-5508,586,944,17900,5
1630,-2749,424,981,53700,5
804,-5532,106,926,14000,5
582,-3289,128,991,1110,5
1530,-6382,180,965,4870,5
701,-5972,258,918,820,5
650,-4039,378,988,41300,5
1710,-3621,413,994,116000,5
530,-8702,373,815,11100,5
625,-3779,376,982,5700,5
693,-4622,221,900,3370,5
1150,-9929,290,728,49500,5
1490,-4578,111,994,578,5
361,-6830,481,827,467,5
398,-6117,444,911,1390000,5
1560,-3498,299,990,73200,5
931,-5384,468,964,914000,5
418,-5531,462,821,1200000,5
769,-4421,400,968,1200,5
1190,-3797,472,986,11300,5
1340,-5035,337,989,1540,5
283,-10897,468,301,59400000,5
482,-3460,440,988,1520,5
1470,-5270,277,993,67000,5
788,-6086,544,917,3060000,5
1080,-5063,228,981,3120,5
427,-7263,201,740,75600,5
1040,-4119,382,996,208000,5
1400,-4142,497,979,3060,5
578,-9423,401,703,1570,5
363,-7236,429,599,2540000,5
754,-11181,390,889,582,5
680,-4716,342,943,6600,5
766,-5988,533,936,925,5
1030,-3825,484,948,16900,5
1920,-5565,526,952,769000,5
462,-5209,277,821,766,5
961,-4825,318,957,96000,5
1130,-3169,474,984,30100,5
863,-4658,412,973,22200,5
1020,-6139,615,893,291000,5
365,-12981,274,529,3280000,5
2110,-2347,467,985,6360,5
1530,-4936,613,953,18000,5
548,-5898,320,967,206,5
1640,-4102,486,991,2090,5
1100,-4834,489,930,178000,5
546,-7015,456,841,371000,5
333,-15586,218,196,58600000,5
1800,-5407,503,992,1880,5
2960,-6889,494,939,3850000,5
575,-4425,518,975,13600,5
627,-10172,323,815,1540,5
377,-4277,443,781,1330,5
426,-5220,566,889,4300,5
407,-9792,684,851,61300,5
1190,-6022,498,939,4680,5
1610,-7454,232,961,3530,5
410,-7036,468,769,14000,5
325,-10393,518,775,14600,5
2350,-2967,213,957,156000,5
1590,-4130,467,983,1170,5
895,-5467,437,940,616000,5
357,-7946,518,746,526000,5
553,-7005,530,959,11400,5
765,-9701,415,908,437000,5
341,-6480,411,679,814000,5
652,-6367,628,950,577000,5
2610,-2693,451,889,167000,5
316,-16897,374,348,30200000,5
537,-4043,501,971,899000,5
1240,-4572,466,983,90700,5
1170,-4644,431,931,215000,5
1360,-3387,193,994,1410,5
358,-8745,382,464,55700000,5
1100,-2686,446,997,1750,5
642,-5205,551,918,1500000,5
616,-3199,518,940,881000,5
1190,-7782,122,919,312,5
361,-9661,121,685,103000,5
913,-8428,161,976,348,5
1020,-3762,533,967,23200,5
1100,-7230,608,916,13500,5
368,-10572,588,720,1940000,5
407,-9792,684,851,61300,5
353,-7029,144,700,2860,5
572,-5993,579,890,7170,5
586,-7182,443,959,508,5
530,-5870,599,816,154000,5
864,-5041,491,937,1500,5
376,-3402,543,952,46900,5
913,-3144,414,978,26800,5
2550,-2421,197,987,2020,5
497,-4550,417,891,366000,5
613,-2859,382,957,7240,5
452,-5466,480,908,545,5
1800,-5135,284,852,97500,5
1690,-4521,260,981,2050,5
448,-4714,279,806,499000,5
1220,-4740,153,953,152000,5
393,-5675,493,852,1110,5
579,-5709,522,872,23600,5
550,-7010,320,960,116000,5
945,-6130,431,906,10000,5
3040,-4215,466,833,2660000,5
1310,-5196,317,955,283,5
879,-4835,548,982,22400,5
509,-4924,403,931,6050,5
612,-6417,488,984,812000,5
1110,-4271,472,975,1340,5
910,-5467,495,980,17700,5
924,-5784,381,897,32800,5
1600,-2844,260,998,72800,5
1100,-4389,308,970,16400,5
297,-9216,478,563,10900,5
481,-11340,445,859,111000,5
684,-6960,165,946,1710,5
693,-6509,579,812,114000,5
463,-11883,342,888,17500,5
509,-11659,434,639,658000,5
1740,-2852,394,988,30900,5
1430,-3961,198,993,363,5
1420,-4997,437,995,783,5
330,-11677,527,453,21900000,5
591,-7417,469,860,3950,5
909,-11061,492,884,65300,5
396,-4129,541,968,24800,5
2000,-5357,336,988,1050,5
1070,-4233,219,968,2540,5
979,-6242,474,892,14300,5
313,-6649,599,675,1300000,5
544,-8237,486,750,1410000,5
558,-3770,442,954,7910,5
475,-5788,496,878,65900000,5
708,-3405,656,932,347000,5
435,-4375,427,959,3560,5
860,-5125,261,938,9920,5
1780,-8165,283,891,678000,5
511,-4884,589,918,19600,5
1450,-5476,401,764,705000,5
246,-6457,501,686,4050000,5
554,-5691,519,917,609000,5
548,-2422,318,930,233,5
406,-13529,311,658,7060000,5
421,-4942,404,727,65100,5
1730,-4361,227,995,40500,5
642,-4367,388,947,22100,5
517,-4149,445,975,9960,5
1440,-3310,317,962,902,5
586,-3727,352,915,4130,5
1070,-5079,145,977,1120,5
514,-7973,430,757,30300000,5
933,-4670,480,879,8870,5
522,-6161,544,944,266000,5
460,-6641,171,653,1060000,5
1490,-6697,89.6,974,810,5
912,-9336,536,841,112000,5
406,-13529,311,658,7060000,5
369,-7619,529,827,434000,5
668,-4538,402,970,1290,5
461,-7816,372,857,6080000,5
1410,-2738,404,996,434,5
601,-6532,497,914,178000,5
1760,-2075,250,979,1060,5
1470,-6726,261,916,63000,5
412,-7587,512,948,2800,5
880,-4074,410,991,8720,5
769,-5238,574,943,3690,5
362,-5575,153,329,1250000,5
913,-5101,693,979,655000,5
935,-3973,567,946,267000,5
794,-4835,483,988,45500,5
434,-4159,509,935,3170000,5
655,-4676,281,916,2820000,5
1160,-2490,234,938,455000,5
1410,-5385,68.9,997,223,5
2530,-4922,262,988,655000,5
949,-3160,654,822,2280000,5
704,-4183,525,914,2640,5
2920,-3471,362,962,144000,5
2250,-2929,428,979,7040,5
819,-6620,419,819,63900,5
1150,-4859,370,928,94100,5
1390,-4495,273,971,7000,5
599,-9474,533,839,7790000,5
397,-9670,581,809,304000,5
602,-5865,409,877,329000,5
980,-7289,202,891,2500,5
787,-5663,219,921,1370,5
492,-7529,357,853,235000,5
716,-4058,493,907,13300,5
626,-10139,442,748,4290000,5
839,-5320,519,916,97500,5
1300,-3798,439,975,10500,5
561,-8907,446,734,211000,5
1160,-5919,339,959,8370,5
1010,-5737,483,968,128000,5
459,-3978,467,937,6120,5
748,-4410,569,883,8070,5
417,-8171,486,750,375000,5
1140,-5376,340,951,5990,5
1250,-5112,414,987,1290,5
1490,-2512,484,992,14200,5
1020,-4855,262,983,97700,5
1310,-4578,224,996,326000,5
396,-5498,568,753,1360,5
853,-4845,478,971,98700,5
511,-6087,491,907,1100000,5
1300,-5716,297,964,9770,5
760,-8617,479,965,428000,5
574,-7080,307,909,13500000,5
293,-8540,440,568,442000,5
532,-4740,523,940,2640,5
439,-8479,622,768,28700,5
1040,-5445,560,981,3080,5
2390,-2934,441,994,7250,5
763,-7394,146,962,184,5
766,-5988,533,936,925,5
576,-5612,534,950,1970,5
849,-4515,496,857,185000,5
383,-5691,551,714,911000,5
289,-13859,665,335,81300000,5
1390,-6891,492,977,326000,5
663,-5010,305,924,614,5
366,-8850,432,424,34400000,5
1080,-5629,260,997,10400,5
538,-2943,587,869,20000,5
412,-7079,585,879,96600,5
932,-4380,312,994,966000,5
408,-5726,653,819,76000,5
939,-6880,101,952,0,5
1000,-4070,228,969,27500,5
715,-4634,438,964,1590,5
417,-4283,545,942,108000,5
796,-2502,567,954,22400,5
594,-9815,188,883,967,5
728,-6763,208,787,131000,5
274,-5659,462,628,5340000,5
445,-7821,417,817,1160,5
1390,-3821,516,957,326000,5
946,-4786,443,954,2140,5
1310,-5429,591,953,2130000,5
609,-3131,309,919,39000,5
629,-4402,457,932,193000,5
1100,-12536,472,783,61300,5
1080,-4064,552,946,1150000,5
647,-6408,235,867,13300,5
1790,-3027,468,996,1410,5
608,-3469,400,890,2970,5
523,-4029,542,994,6650,5
362,-8677,101,328,9090000,5
408,-6053,426,787,27900,5
485,-6630,573,892,4500000,5
1320,-4027,173,926,71300,5
325,-10824,481,818,1140000,5
2930,-4011,243,987,160000,5
347,-7598,720,573,4210000,5
309,-4690,513,880,9590,5
639,-6580,72.6,787,213,5
327,-9740,403,589,1110000,5
764,-3285,431,887,9290000,5
366,-7945,460,818,4080,5
471,-3932,514,943,598,5
576,-7475,435,951,524,5
511,-7755,212,865,259000,5
867,-5744,176,948,1310,5
3040,-1271,397,992,46200,5
1690,-7557,412,964,184,5
545,-6042,471,959,1020,5
428,-7437,577,919,16200,5
312,-13059,475,576,2180000,5
2000,-5728,117,983,291,5
631,-4247,515,954,3390,5
694,-4333,421,859,10300,5
524,-6187,393,895,416000,5
880,-5308,271,960,20700,5
1410,-5517,544,959,10900,5
883,-2713,668,976,5350000,5
2250,-3676,296,975,21700,5
1730,-4361,227,995,40500,5
1920,-5561,248,924,2000,5
1010,-3963,420,967,1680,5
777,-5982,197,914,1490,5
1390,-2375,510,987,17200,5
329,-5418,276,658,8360000,5
892,-7294,478,953,3280000,5
449,-3848,646,906,17200,5
523,-2992,472,911,3930,5
1140,-2948,268,974,67000,5
421,-5922,559,946,742000,5
513,-12396,427,790,4180,5
422,-10392,506,637,818,5
364,-6898,375,682,152000,5
863,-8427,240,902,175000,5
698,-1591,604,988,21600,5
774,-4033,364,944,4710,5
788,-6086,544,917,3060000,5
292,-5424,548,830,1100000,5
1430,-7605,458,965,22700,5
464,-13014,456,700,3530000,5
334,-6366,332,656,6350000,5
676,-4028,484,991,28900,5
728,-4193,431,969,18200,5
747,-6637,617,901,158000,5
504,-6341,406,804,546000,5
295,-8564,377,402,53600000,5
1430,-7605,458,965,22700,5
343,-3650,550,953,5400,5
605,-5166,547,922,118000,5
437,-5827,355,690,8150000,5
1350,-3754,438,992,10300,5
905,-3010,244,967,279,5
369,-8569,677,817,62500000,5
298,-8776,202,458,920000,5
1080,-1711,461,987,3580,5
2220,-3152,340,983,81600,5
325,-4066,532,739,2540000,5
1060,-5070,554,978,71400,5
1290,-3237,261,985,18700,5
992,-3452,444,913,308000,5
1580,-2901,229,990,18900,5
754,-5357,203,978,4560,5
2580,-3309,412,970,98100,5
2290,-4482,420,968,162000,5
1210,-7421,457,956,23600,5
654,-5158,498,916,19900,5
945,-3269,444,982,11400,5
315,-6269,619,696,1890,5
892,-5838,202,827,148000,5
2810,-4273,428,914,29300,5
701,-7104,214,934,1060,5
347,-16497,466,143,89200000,5
281,-9367,322,280,46800000,5
791,-6872,208,932,174,5
273,-11080,562,444,44300000,5
1350,-4920,267,1000,1600000,5
350,-6506,346,749,167000,5
1050,-2749,275,945,1930,5
1060,-4455,451,937,38300,5
344,-7005,497,750,322000,5
303,-6574,365,632,44400000,5
319,-8452,402,698,54200000,5
799,-3665,528,985,17100,5
2230,-3579,193,995,214000,5
324,-5642,481,724,180000,5
692,-3375,407,937,66200,5
1350,-5188,218,947,117000,5
765,-9701,415,908,437000,5
344,-5625,297,692,196000,5
941,-6750,395,860,188000,5
1620,-3490,366,969,3410,5
496,-4951,501,903,6080,5
315,-8793,364,565,50000,5
1110,-3569,469,976,28700,5
905,-3929,286,914,4940,5
1510,-3548,623,983,9620,5
2190,-5374,405,992,410,5
566,-2000,466,991,461,5
589,-4969,630,845,10300,5
1700,-3144,364,980,9640,5
1270,-2974,412,987,1670,5
652,-4997,532,900,1340000,5
407,-9792,684,851,61300,5
452,-3775,540,959,81700,5
1180,-7315,180,919,8340,5
1730,-4361,227,995,40500,5
515,-4873,462,882,1030,5
745,-5729,548,858,15500,5
1520,-2672,420,937,938000,5
884,-3555,493,937,1980000,5
773,-5175,367,921,15400,5
761,-5842,305,943,12600,5
1060,-5033,545,977,3120,5
657,-7533,258,918,1530,5
383,-5861,522,853,7440,5
414,-9456,646,905,5120,5
461,-5199,629,914,2790,5
666,-1998,428,972,7160,5
819,-3385,267,996,1240,5
810,-7878,179,964,3120,5
406,-6767,462,875,3710,5
1200,-4243,427,994,1470,5
477,-11802,75.5,16.7,16200000,5
765,-9701,415,908,437000,5
655,-7700,309,758,6250,5
1410,-3647,384,974,15300,5
1400,-6197,307,933,17800,5
1680,-6952,278,937,53500,5
590,-5176,497,932,19800,5
1040,-4119,382,996,208000,5
1280,-6664,428,874,33700,5
1070,-3124,287,997,206000,5
449,-4485,511,947,63900,5
988,-3932,334,965,21800,5
310,-7416,670,755,35800,5
1860,-3454,393,992,22300,5
782,-9999,297,798,11300,5
1280,-1876,467,993,234,5
1460,-3996,261,973,2240,5
369,-7397,323,804,7350,5
354,-6416,403,777,9990000,5
1090,-11316,301,923,22500,5
1670,-3449,441,984,7710,5
522,-5587,602,907,2620,5
690,-3031,499,936,63600,5
914,-4774,547,969,1870,5
472,-6671,526,894,24500,5
621,-7533,563,860,834000,5
1070,-4008,454,913,40800000,5
594,-3705,537,960,17500,5
310,-3831,494,874,1740,5
1190,-5510,441,964,21000,5
349,-10374,321,662,352000,5
421,-5157,498,830,461000,5
2220,-3152,340,983,81600,5
864,-5786,198,890,9490,5
369,-6781,535,896,2640,5
662,-5090,435,938,18400,5
1130,-6685,256,924,369000,5
319,-4498,538,837,5360,5
764,-3079,548,965,9530,5
346,-4552,527,896,772000,5
885,-6656,138,883,27300,5
1760,-3649,453,983,291,5
331,-10333,91.6,463,50900000,5
766,-3167,540,968,429000,5
1140,-2100,512,996,5630,5
391,-8802,497,947,8210,5
286,-13615,367,445,4780000,5
1300,-6602,306,932,26500,5
841,-4890,81.4,902,228,5
526,-3411,295,914,32600,5
527,-5340,398,971,4320,5
475,-7763,493,727,15200,5
365,-7089,446,798,147000,5
341,-3509,532,925,3500,5
749,-6632,282,916,2750,5
1730,-3873,552,978,22800,5
602,-6495,399,941,38800,5
448,-5937,295,772,2840,5
556,-12103,291,758,91800,5
1150,-3573,452,963,1630,5
601,-7376,431,959,3360,5
386,-3520,450,882,1580,5
649,-6067,512,871,360000,5
444,-13817,244,371,85700000,5
265,-5797,540,711,1110000,5
1110,-2774,199,955,191000,5
1630,-4634,135,955,563,5
2250,-3904,382,994,191000,5
486,-4788,448,942,88900,5
1530,-4540,380,996,2690,5
551,-4876,331,845,10900,5
737,-6882,405,844,25900,5
498,-4196,557,886,59500,5
2440,-7835,258,892,5620,5
415,-6317,387,959,13800000,5
3440,-3255,316,994,1240000,5
936,-5416,402,927,6370,5
291,-9638,271,575,572000,5
379,-8373,555,662,10200000,5
980,-5350,420,876,2350000,5
689,-4480,548,924,33000,5
412,-7079,585,879,96600,5
1350,-8770,329,974,85200,5
377,-4277,443,781,1330,5
822,-3895,447,876,10500,5
844,-3389,693,871,358000,5
906,-6674,472,953,59400,5
283,-16343,333,445,858000,5
866,-6664,269,993,134000,5
1990,-4649,411,957,309000,5
302,-11684,552,536,21100000,5
492,-3182,422,894,6160,5
367,-7653,454,563,21100000,5
704,-6652,486,938,1790,5
795,-4040,553,939,83300,5
538,-4627,503,906,55300,5
891,-4029,428,922,32900,5
557,-7043,262,841,1280,5
332,-4935,379,726,19300,5
458,-5134,469,705,3040000,5
398,-4731,432,951,2630,5
745,-6933,384,936,4800,5
483,-5175,311,942,20600,5
613,-8046,443,927,4620,5
307,-6628,498,894,142000,5
449,-5351,432,761,1870000,5
266,-7528,474,477,55200000,5
1040,-4549,302,921,577,5
905,-5364,410,992,28500,5
2390,-2934,441,994,7250,5
419,-7244,299,666,191000,5
506,-5184,564,949,54300,5
1060,-5098,258,928,170000,5
448,-7909,503,881,2450,5
1000,-6084,566,869,91600,5
1070,-4621,528,961,14900,5
520,-5877,353,898,2230,5
2570,-3570,243,995,4070,5
2250,-5381,305,962,30200,5
4640,-6566,298,983,128000,5
439,-13082,649,929,3020000,5
525,-5327,400,947,121,5
853,-4428,491,949,19100,5
1410,-6429,474,940,15600,5
1070,-3022,300,986,38600,5
477,-6836,480,861,329000,5
349,-5572,570,786,739000,5
459,-5752,521,961,18900000,5
1360,-5271,182,962,1940,5
2070,-5547,194,988,11800,5
384,-12888,460,781,95600,5
992,-4845,464,932,123000,5
796,-6825,356,894,2670,5
495,-6866,253,802,192000,5
742,-5040,194,946,1720,5
416,-5994,571,893,54000,5
591,-9450,365,763,726000,5
3750,-10798,281,958,195000,5
410,-3326,565,977,11800,5
2880,-4947,403,971,18200,5
2180,-6499,452,952,442000,5
1190,-5510,441,964,21000,5
1100,-4310,527,983,15300,5
594,-6757,163,837,813,5
637,-4184,566,909,5810,5
2540,-2812,213,997,20500,5
704,-4183,525,914,2640,5
445,-5061,437,885,347,5
608,-5458,583,923,113000,5
498,-4196,557,886,59500,5
420,-16225,461,168,44900000,5
2360,-3451,352,980,30500,5
1110,-4222,469,951,1190000,5
1220,-5191,242,972,3610,5
494,-6588,279,899,135000,5
460,-7125,419,983,746,5
1750,-4953,241,951,35500,5
498,-13398,234,510,65700000,5
2020,-4962,172,964,13800,5
448,-8667,468,829,4940000,5
340,-8109,589,696,8650,5
1210,-4568,577,956,23300,5
910,-1409,533,982,1490000,5
873,-3280,640,914,24900,5
621,-7237,364,811,268000,5
2010,-1455,466,988,140000,5
1260,-3907,370,985,8580,5
1490,-4257,390,984,71900,5
1740,-7319,361,947,3470,5
1410,-4956,381,969,459,5
2200,-3431,229,994,7030,5
1110,-4891,463,990,1440,5
1520,-3669,390,971,2640,5
598,-7688,459,904,22700,5
491,-4419,492,969,140000,5
738,-2970,504,911,512000,5
596,-8883,324,846,18700,5
396,-4129,541,968,24800,5
289,-5983,606,749,271000,5
586,-7237,316,963,620,5
1560,-6501,213,979,255,5
1260,-5142,476,994,244,5
1710,-10049,228,899,60100,5
296,-12605,488,621,7280000,5
625,-3619,390,967,445,5
364,-7959,450,898,6070,5
1030,-3214,497,979,437000,5
995,-1721,511,967,2430,5
1550,-5017,220,972,16200,5
1200,-7658,184,859,131000,5
375,-9446,471,816,23200,5
1660,-4388,549,824,2800000,5
1700,-4444,360,990,1250,5
493,-6820,188,674,1370,5
353,-9110,543,836,64700,5
387,-4358,580,916,29700,5
2500,-2583,200,985,5200,5
603,-3719,589,890,48100,5
1450,-4591,472,946,3720000,5
342,-6291,494,767,7260000,5
403,-3859,186,811,11900,5
705,-4601,285,908,3180000,5
1340,-3483,243,970,9000,5
970,-2661,546,970,82300,5
1190,-3908,417,934,27800,5
775,-10472,474,800,76900,5
319,-14090,470,142,97600000,5
321,-10764,256,418,694000,5
2310,-3452,357,981,27900,5
605,-4235,287,962,370,5
465,-7154,592,813,140000,5
467,-5168,346,856,5360,5
623,-5770,520,653,742000,5
490,-6416,242,870,521,5
1700,-4369,463,970,8560,5
1050,-5497,489,962,41400,5
508,-5399,274,708,38900,5
477,-7895,235,773,62300,5
803,-6410,69.7,816,874,5
1220,-3894,469,995,4220,5
570,-7425,513,763,7170000,5
469,-3570,390,899,26700,5
631,-8503,166,948,374000,5
1330,-5189,126,759,56600,5
2340,-3681,366,985,363000,5
329,-6205,501,785,27300,5
1600,-2349,149,997,194000,5
815,-8879,464,941,407,5
1420,-9713,317,940,69900,5
553,-8109,481,889,1100,5
1500,-6935,179,921,4310,5
1110,-6942,210,882,23800,5
1030,-3258,400,959,18700,5
1000,-7524,426,950,1340,5
797,-7094,484,966,8830,5
267,-18164,614,143,98100000,5
866,-6487,236,876,4750,5
1670,-2898,417,989,6670,5
548,-4408,338,932,1440,5
854,-6549,526,931,8730,5
844,-3389,693,871,358000,5
683,-5580,518,948,504000,5
381,-4182,548,967,12000,5
545,-6398,596,951,155000,5
1660,-3861,373,989,996,5
874,-2723,524,977,46200,5
338,-6755,503,585,1620,5
1620,-3466,618,963,172000,5
753,-2061,355,922,13000,5
422,-15310,104,352,19400000,5
1250,-3249,384,992,3360,5
1580,-4319,444,979,18800,5
1420,-6901,176,907,160000,5
1980,-2962,447,979,537000,5
582,-4261,653,964,316000,5
912,-5862,367,811,1290,5
302,-11350,391,684,72400,5
349,-7643,461,811,12900000,5
1080,-4458,467,986,701,5
1950,-2938,404,969,8510,5
654,-5158,498,916,19900,5
3610,-3133,408,967,1040000,5
2300,-3882,376,987,2130,5
351,-17177,126,146,93500000,5
1200,-4743,508,936,1000000,5
377,-4277,443,781,1330,5
1620,-3490,366,969,3410,5
1020,-3762,533,967,23200,5
660,-6003,242,948,4800,5
391,-8802,497,947,8210,5
587,-5452,610,891,80500,5
1350,-4534,227,982,30600,5
1680,-6952,278,937,53500,5
1680,-5037,373,996,11900,5
279,-7096,497,736,8350000,5
622,-6520,458,966,1120000,5
931,-6765,372,961,1520,5
505,-7419,475,831,14500,5
428,-6418,612,822,71900,5
692,-8298,262,779,1360,5
679,-4832,618,966,52800,5
639,-6041,415,958,2290,5
336,-5561,481,776,4310,5
309,-6733,271,624,3010000,5
354,-13475,442,759,40200,5
410,-5834,429,833,3520,5
348,-4537,649,923,4510,5
1760,-3970,264,955,11000,5
881,-7203,529,944,8050,5
1330,-4829,116,963,102,5
871,-4452,159,964,111,5
708,-6097,527,960,11500,5
332,-5863,602,862,766,5
360,-4618,545,753,4170000,5
397,-7954,277,571,664000,5
367,-4966,640,874,75600,5
1760,-3265,552,986,11200,5
511,-2916,477,981,2380,5
678,-2882,462,930,44800,5
1340,-6517,267,936,681000,5
1070,-5636,283,949,1790,5
530,-7119,559,943,2380,5
513,-12396,427,790,4180,5
668,-2936,489,945,24200,5
1070,-2189,392,976,10700,5
1220,-4654,199,918,289,5
459,-4006,283,973,28100,5
419,-9915,357,565,21600000,5
1690,-4304,281,960,40500,5
1160,-2887,499,988,305000,5
1730,-3356,432,989,16800,5
493,-7367,439,872,3070000,5
951,-7267,640,947,69900,5
1160,-4793,419,966,5910,5
1420,-3118,299,971,45600,5
881,-6192,376,741,4520,5
442,-7383,430,887,273000,5
1430,-3347,214,931,70500,5
1460,-7782,485,965,60800,5
473,-7695,217,373,1280000,5
929,-5373,476,946,31900,5
1210,-6058,477,899,23800,5
556,-7491,436,852,10500,5
334,-9510,266,820,39300000,5
804,-6980,444,946,7720,5
1230,-3572,460,984,4980,5
858,-4615,489,953,2000000,5
961,-6833,409,943,2260,5
1450,-5034,236,960,343,5
1890,-4024,263,984,6220,5
965,-4824,601,890,15600,5
379,-6135,347,737,96900,5
351,-8438,625,737,939000,5
254,-9579,540,584,1080000,5
768,-5445,351,937,42900,5
546,-7477,287,770,48300,5
430,-6899,570,916,439000,5
1160,-5992,392,951,6470,5
368,-8049,508,912,7060,5
1100,-6890,434,911,15100,5
445,-4559,497,890,55000,5
590,-3016,339,945,8780,5
806,-4008,548,954,5490,5
716,-4818,348,973,45700,5
1490,-4867,263,957,126000,5
564,-9480,498,858,2990000,5
472,-8391,506,934,506,5
1250,-3876,408,971,5700,5
1130,-3397,311,988,2830,5
1720,-3071,437,984,471000,5
1570,-3636,401,969,24600,5
302,-11350,391,684,72400,5
511,-3941,524,945,10400,5
848,-2051,571,985,2340000,5
838,-3229,480,988,3170,5
857,-5664,362,961,2400000,5
270,-9759,523,478,93000000,5
703,-5176,466,938,230000,5
399,-7134,468,569,549000,5
1380,-5263,440,971,1820,5
602,-4793,498,946,12100,5
3040,-4215,466,833,2660000,5
758,-4458,456,944,13600,5
1300,-6659,432,884,1270000,5
404,-6053,664,828,839000,5
1490,-4916,415,969,11700,5
2240,-4300,218,982,16500,5
587,-5452,610,891,80500,5
328,-4001,549,810,29800,5
1190,-6672,451,986,5390,5
950,-4865,293,928,4200,5
741,-4627,517,977,4970,5
1050,-5624,273,955,2330,5
399,-3094,448,913,3920,5
430,-3876,471,900,92200,5
1100,-5030,513,946,3350,5
1030,-3435,477,940,21100,5
1880,-4106,236,892,3050000,5
807,-3620,592,994,4570,5
4420,-3635,392,929,11000000,5
373,-5558,504,878,373000,5
361,-4439,577,940,2420,5
1100,-5409,449,978,176000,5
904,-10661,329,885,2420000,5
1070,-5040,563,951,4970,5
1180,-4129,447,979,89300,5
345,-8829,508,698,591000,5
423,-4683,509,918,1500,5
1610,-7161,259,923,224000,5
489,-7515,573,910,259000,5
780,-7654,414,957,2300000,5
1030,-5753,474,986,298,5
489,-12846,250,718,8290,5
428,-17361,476,458,107000,5
409,-5145,652,894,404000,5
573,-5284,490,860,13200000,5
755,-4802,602,935,84400,5
3030,-3622,359,981,125000,5
1620,-4174,540,967,796000,5
1290,-5028,185,941,2900000,5
318,-7156,257,626,31300000,5
513,-5224,527,941,102000,5
1800,-7108,406,963,6160,5
1430,-7605,458,965,22700,5
431,-7084,543,891,26200,5
849,-4962,503,967,11100,5
444,-8825,475,807,1950,5
1680,-3026,354,982,23700,5
1020,-4507,492,980,24200,5
1380,-5372,308,993,184,5
1230,-5720,267,982,509,5
1200,-3633,505,959,955000,5
409,-5145,652,894,404000,5
1220,-6288,547,955,757,5
415,-7571,405,735,89000,5
499,-4650,464,887,42900,5
4640,-6566,298,983,128000,5
2220,-3152,340,983,81600,5
2440,-2383,391,997,32900,5
755,-5060,511,937,1700,5
717,-6063,412,977,8570,5
526,-5200,670,864,9010000,5
2420,-2546,471,971,13700,5
1320,-9004,303,838,143000,5
382,-18247,481,336,56200000,5
267,-6252,328,553,15600000,5
1500,-8201,460,906,2990,5
963,-9419,114,959,131,5
462,-3315,441,845,328,5
405,-7537,578,826,2160,5
656,-2378,447,962,227,5
752,-4709,315,875,194000,5
824,-4836,449,994,10600,5
1190,-3908,417,934,27800,5
463,-7847,248,805,47800,5
374,-7408,423,795,16200,5
402,-3778,556,969,11900,5
909,-2169,464,987,342000,5
292,-7995,487,660,29000000,5
387,-4358,580,916,29700,5
424,-8824,362,797,328000,5
508,-5399,274,708,38900,5
353,-9110,543,836,64700,5
633,-4438,218,930,4150,5
1210,-4569,351,984,2980,5
306,-9428,516,655,66400000,5
402,-5431,579,899,703000,5
683,-7514,346,956,990,5
514,-7539,422,901,1010,5
1040,-4907,289,899,1210,5
683,-5317,314,901,2620,5
551,-3809,438,947,1020,5
294,-6108,380,658,554000,5
1990,-4532,357,989,128000,5
587,-5452,610,891,80500,5
305,-5424,580,888,143000,5
292,-5868,566,577,449000,5
1150,-4295,490,974,54600,5
692,-4956,485,975,3070,5
410,-1971,386,940,6310,5
769,-11514,429,631,7850,5
575,-6489,504,879,8340,5
2540,-5913,533,972,41000,5
357,-13012,575,881,11700,5
917,-5223,523,933,16200,5
308,-11307,647,338,72600000,5
1090,-6443,94.3,747,208000,5
368,-5726,523,891,34700,5
519,-6033,450,894,945,5
677,-8801,348,949,206,5
447,-6953,446,922,484,5
307,-8404,447,563,3880000,5
899,-11024,518,647,1020000,5
983,-6468,384,916,61100,5
273,-5584,591,629,144000,5
440,-9242,479,831,912000,5
964,-3797,476,971,5250,5
1130,-2236,489,994,2050,5
514,-10799,80.8,850,153,5
283,-15709,264,277,34400000,5
3190,-3656,288,990,4590,5
351,-6537,498,745,16700,5
259,-9403,523,394,16300000,5
1900,-5497,395,954,17200,5
299,-5453,438,798,12900,5
876,-4629,293,887,16200000,5
340,-4318,557,954,45400,5
557,-10068,621,834,77900,5
620,-4574,313,933,482,5
756,-4835,428,921,659000,5
1080,-5436,526,978,122000,5
327,-4836,611,792,4040,5
396,-7878,96.1,425,1380000,5
574,-5067,487,955,12200,5
424,-6752,668,788,7480,5
423,-8165,583,790,902000,5
1550,-4131,446,989,125000,5
1910,-4810,314,962,17400,5
313,-14465,457,266,71100000,5
351,-6563,532,839,6860,5
538,-6656,587,930,7180,5
1190,-4045,232,966,3540,5
627,-4152,417,954,151000,5
1700,-3601,291,987,4720,5
517,-7383,544,739,392000,5
1550,-5119,205,979,13700,5
528,-3357,472,951,3810,5
559,-8274,558,877,22600,5
586,-10688,588,470,9120,5
934,-8752,394,893,8010000,5
1360,-4505,256,992,841,5
1220,-5367,308,984,1580,5
1810,-4905,373,970,2020,5
939,-6313,342,926,3960,5
274,-7407,572,810,8520,5
582,-6406,472,900,14800000,5
441,-7379,536,812,306000,5
308,-8497,334,476,53500000,5
1030,-4715,427,964,56300,5
375,-11082,552,343,12000000,5
350,-6506,346,749,167000,5
2080,-4564,465,965,174000,5
1020,-3762,533,967,23200,5
1200,-5683,259,964,5050,5
490,-10542,624,597,9920000,5
461,-9138,294,745,5000000,5
460,-6641,171,653,1060000,5
1450,-5476,401,764,705000,5
1130,-6252,407,932,363000,5
769,-5238,574,943,3690,5
706,-6566,420,943,18600,5
550,-2502,175,943,263,5
424,-11092,231,289,4180000,5
419,-7244,299,666,191000,5
366,-7945,460,818,4080,5
1760,-4878,318,963,18200,5
594,-8976,505,853,31100000,5
354,-7112,636,743,23100,5
1780,-7741,210,955,509,5
586,-7618,179,798,2070000,5
373,-7853,145,650,1550,5
1820,-1906,506,974,5910,5
637,-6517,452,955,29300,5
829,-3560,237,862,1170,5
663,-2908,197,956,7610,5
510,-9856,388,835,10400,5
982,-5100,431,952,1180,5
616,-6608,28.6,,17400,5
